movement_id,document_id,event_time,movement_type,sku,batch_id,location_id,quantity,order_line_id,receipt_id
M000001,D000001,2026-06-09 00:00:00,OPENING,SKU001,B0001,L001,80,,
M000002,D000002,2026-06-09 00:00:00,OPENING,SKU002,B0002,L002,80,,
M000003,D000003,2026-06-09 00:00:00,OPENING,SKU003,B0003,L003,80,,
M000004,D000004,2026-06-09 00:00:00,OPENING,SKU004,B0004,L004,80,,
M000005,D000005,2026-06-09 00:00:00,OPENING,SKU005,B0005,L005,80,,
M000006,D000006,2026-06-09 00:00:00,OPENING,SKU006,B0006,L006,80,,
M000007,D000007,2026-06-09 00:00:00,OPENING,SKU007,B0007,L007,80,,
M000008,D000008,2026-06-09 00:00:00,OPENING,SKU008,B0008,L008,80,,
M000009,D000009,2026-06-09 00:00:00,OPENING,SKU009,B0009,L009,80,,
M000010,D000010,2026-06-09 00:00:00,OPENING,SKU010,B0010,L010,80,,
M000011,D000011,2026-06-09 00:00:00,OPENING,SKU011,B0011,L011,80,,
M000012,D000012,2026-06-09 00:00:00,OPENING,SKU012,B0012,L012,80,,
M000013,D000013,2026-06-09 00:00:00,OPENING,SKU013,B0013,L013,80,,
M000014,D000014,2026-06-09 00:00:00,OPENING,SKU014,B0014,L014,80,,
M000015,D000015,2026-06-09 00:00:00,OPENING,SKU015,B0015,L015,80,,
M000016,D000016,2026-06-09 00:00:00,OPENING,SKU016,B0016,L016,80,,
M000017,D000017,2026-06-09 00:00:00,OPENING,SKU017,B0017,L017,80,,
M000018,D000018,2026-06-09 00:00:00,OPENING,SKU018,B0018,L018,80,,
M000019,D000019,2026-06-09 00:00:00,OPENING,SKU019,B0019,L019,80,,
M000020,D000020,2026-06-09 00:00:00,OPENING,SKU020,B0020,L020,80,,
M000021,D000021,2026-06-09 00:00:00,OPENING,SKU021,B0021,L021,80,,
M000022,D000022,2026-06-09 00:00:00,OPENING,SKU022,B0022,L022,80,,
M000023,D000023,2026-06-09 00:00:00,OPENING,SKU023,B0023,L023,80,,
M000024,D000024,2026-06-09 00:00:00,OPENING,SKU024,B0024,L024,80,,
M000025,D000025,2026-06-09 00:00:00,OPENING,SKU025,B0025,L025,80,,
M000026,D000026,2026-06-09 00:00:00,OPENING,SKU026,B0026,L026,80,,
M000027,D000027,2026-06-09 00:00:00,OPENING,SKU027,B0027,L027,80,,
M000028,D000028,2026-06-09 00:00:00,OPENING,SKU028,B0028,L028,80,,
M000029,D000029,2026-06-09 00:00:00,OPENING,SKU029,B0029,L029,240,,
M000030,D000030,2026-06-09 00:00:00,OPENING,SKU030,B0030,L030,240,,
M000031,D000031,2026-06-09 14:00:00,ISSUE,SKU002,B0002,L002,1,O00001,
M000032,D000032,2026-06-09 14:00:00,ISSUE,SKU004,B0004,L004,1,O00002,
M000033,D000033,2026-06-09 14:00:00,ISSUE,SKU017,B0017,L017,2,O00003,
M000034,D000034,2026-06-09 14:00:00,ISSUE,SKU022,B0022,L022,1,O00004,
M000035,D000035,2026-06-09 14:00:00,ISSUE,SKU026,B0026,L026,2,O00005,
M000036,D000036,2026-06-09 14:00:00,ISSUE,SKU001,B0001,L001,3,O00006,
M000037,D000037,2026-06-09 14:00:00,ISSUE,SKU002,B0002,L002,5,O00007,
M000038,D000038,2026-06-09 14:00:00,ISSUE,SKU003,B0003,L003,4,O00008,
M000039,D000039,2026-06-09 14:00:00,ISSUE,SKU004,B0004,L004,1,O00009,
M000040,D000040,2026-06-09 14:00:00,ISSUE,SKU005,B0005,L005,3,O00010,
M000041,D000041,2026-06-09 14:00:00,ISSUE,SKU011,B0011,L011,1,O00011,
M000042,D000042,2026-06-09 14:00:00,ISSUE,SKU024,B0024,L024,1,O00012,
M000043,D000043,2026-06-09 14:00:00,ISSUE,SKU025,B0025,L025,1,O00013,
M000044,D000044,2026-06-09 14:00:00,ISSUE,SKU027,B0027,L027,5,O00014,
M000045,D000045,2026-06-09 14:00:00,ISSUE,SKU003,B0003,L003,6,O00015,
M000046,D000046,2026-06-09 14:00:00,ISSUE,SKU005,B0005,L005,2,O00016,
M000047,D000047,2026-06-09 14:00:00,ISSUE,SKU007,B0007,L007,2,O00017,
M000048,D000048,2026-06-09 14:00:00,ISSUE,SKU018,B0018,L018,1,O00018,
M000049,D000049,2026-06-09 14:00:00,ISSUE,SKU019,B0019,L019,6,O00019,
M000050,D000050,2026-06-09 14:00:00,ISSUE,SKU027,B0027,L027,5,O00020,
M000051,D000051,2026-06-09 14:00:00,ISSUE,SKU003,B0003,L003,3,O00021,
M000052,D000052,2026-06-09 14:00:00,ISSUE,SKU004,B0004,L004,4,O00022,
M000053,D000053,2026-06-09 14:00:00,ISSUE,SKU006,B0006,L006,4,O00023,
M000054,D000054,2026-06-09 14:00:00,ISSUE,SKU011,B0011,L011,4,O00024,
M000055,D000055,2026-06-09 14:00:00,ISSUE,SKU016,B0016,L016,4,O00025,
M000056,D000056,2026-06-09 14:00:00,ISSUE,SKU019,B0019,L019,6,O00026,
M000057,D000057,2026-06-09 14:00:00,ISSUE,SKU003,B0003,L003,4,O00027,
M000058,D000058,2026-06-09 14:00:00,ISSUE,SKU004,B0004,L004,4,O00028,
M000059,D000059,2026-06-09 14:00:00,ISSUE,SKU005,B0005,L005,2,O00029,
M000060,D000060,2026-06-09 14:00:00,ISSUE,SKU006,B0006,L006,3,O00030,
M000061,D000061,2026-06-09 14:00:00,ISSUE,SKU011,B0011,L011,4,O00031,
M000062,D000062,2026-06-09 14:00:00,ISSUE,SKU012,B0012,L012,1,O00032,
M000063,D000063,2026-06-09 14:00:00,ISSUE,SKU014,B0014,L014,1,O00033,
M000064,D000064,2026-06-09 14:00:00,ISSUE,SKU016,B0016,L016,2,O00034,
M000065,D000065,2026-06-09 14:00:00,ISSUE,SKU023,B0023,L023,4,O00035,
M000066,D000066,2026-06-09 14:00:00,ISSUE,SKU024,B0024,L024,2,O00036,
M000067,D000067,2026-06-09 14:00:00,ISSUE,SKU025,B0025,L025,4,O00037,
M000068,D000068,2026-06-09 14:00:00,ISSUE,SKU028,B0028,L028,3,O00038,
M000069,D000069,2026-06-10 14:00:00,ISSUE,SKU001,B0001,L001,4,O00039,
M000070,D000070,2026-06-10 14:00:00,ISSUE,SKU003,B0003,L003,4,O00040,
M000071,D000071,2026-06-10 14:00:00,ISSUE,SKU004,B0004,L004,3,O00041,
M000072,D000072,2026-06-10 14:00:00,ISSUE,SKU006,B0006,L006,3,O00042,
M000073,D000073,2026-06-10 14:00:00,ISSUE,SKU014,B0014,L014,3,O00043,
M000074,D000074,2026-06-10 14:00:00,ISSUE,SKU015,B0015,L015,2,O00044,
M000075,D000075,2026-06-10 14:00:00,ISSUE,SKU019,B0019,L019,2,O00045,
M000076,D000076,2026-06-10 14:00:00,ISSUE,SKU022,B0022,L022,2,O00046,
M000077,D000077,2026-06-10 14:00:00,ISSUE,SKU023,B0023,L023,2,O00047,
M000078,D000078,2026-06-10 14:00:00,ISSUE,SKU025,B0025,L025,1,O00048,
M000079,D000079,2026-06-10 14:00:00,ISSUE,SKU028,B0028,L028,3,O00049,
M000080,D000080,2026-06-10 14:00:00,ISSUE,SKU001,B0001,L001,2,O00050,
M000081,D000081,2026-06-10 14:00:00,ISSUE,SKU002,B0002,L002,4,O00051,
M000082,D000082,2026-06-10 14:00:00,ISSUE,SKU003,B0003,L003,1,O00052,
M000083,D000083,2026-06-10 14:00:00,ISSUE,SKU006,B0006,L006,5,O00053,
M000084,D000084,2026-06-10 14:00:00,ISSUE,SKU011,B0011,L011,4,O00054,
M000085,D000085,2026-06-10 14:00:00,ISSUE,SKU016,B0016,L016,1,O00055,
M000086,D000086,2026-06-10 14:00:00,ISSUE,SKU017,B0017,L017,1,O00056,
M000087,D000087,2026-06-10 14:00:00,ISSUE,SKU001,B0001,L001,1,O00057,
M000088,D000088,2026-06-10 14:00:00,ISSUE,SKU003,B0003,L003,5,O00058,
M000089,D000089,2026-06-10 14:00:00,ISSUE,SKU012,B0012,L012,5,O00059,
M000090,D000090,2026-06-10 14:00:00,ISSUE,SKU015,B0015,L015,5,O00060,
M000091,D000091,2026-06-10 14:00:00,ISSUE,SKU017,B0017,L017,4,O00061,
M000092,D000092,2026-06-10 14:00:00,ISSUE,SKU018,B0018,L018,2,O00062,
M000093,D000093,2026-06-10 14:00:00,ISSUE,SKU019,B0019,L019,6,O00063,
M000094,D000094,2026-06-10 14:00:00,ISSUE,SKU025,B0025,L025,6,O00064,
M000095,D000095,2026-06-10 14:00:00,ISSUE,SKU027,B0027,L027,2,O00065,
M000096,D000096,2026-06-10 14:00:00,ISSUE,SKU028,B0028,L028,1,O00066,
M000097,D000097,2026-06-10 14:00:00,ISSUE,SKU001,B0001,L001,3,O00067,
M000098,D000098,2026-06-10 14:00:00,ISSUE,SKU004,B0004,L004,6,O00068,
M000099,D000099,2026-06-10 14:00:00,ISSUE,SKU011,B0011,L011,1,O00069,
M000100,D000100,2026-06-10 14:00:00,ISSUE,SKU016,B0016,L016,3,O00070,
M000101,D000101,2026-06-10 14:00:00,ISSUE,SKU019,B0019,L019,1,O00071,
M000102,D000102,2026-06-10 14:00:00,ISSUE,SKU020,B0020,L020,1,O00072,
M000103,D000103,2026-06-10 14:00:00,ISSUE,SKU021,B0021,L021,1,O00073,
M000104,D000104,2026-06-10 14:00:00,ISSUE,SKU024,B0024,L024,7,O00074,
M000105,D000105,2026-06-10 14:00:00,ISSUE,SKU001,B0001,L001,1,O00075,
M000106,D000106,2026-06-10 14:00:00,ISSUE,SKU005,B0005,L005,3,O00076,
M000107,D000107,2026-06-10 14:00:00,ISSUE,SKU008,B0008,L008,1,O00077,
M000108,D000108,2026-06-10 14:00:00,ISSUE,SKU009,B0009,L009,3,O00078,
M000109,D000109,2026-06-10 14:00:00,ISSUE,SKU013,B0013,L013,4,O00079,
M000110,D000110,2026-06-10 14:00:00,ISSUE,SKU014,B0014,L014,2,O00080,
M000111,D000111,2026-06-10 14:00:00,ISSUE,SKU018,B0018,L018,1,O00081,
M000112,D000112,2026-06-10 14:00:00,ISSUE,SKU020,B0020,L020,4,O00082,
M000113,D000113,2026-06-10 14:00:00,ISSUE,SKU022,B0022,L022,4,O00083,
M000114,D000114,2026-06-10 14:00:00,ISSUE,SKU024,B0024,L024,3,O00084,
M000115,D000115,2026-06-10 14:00:00,ISSUE,SKU028,B0028,L028,4,O00085,
M000116,D000116,2026-06-11 14:00:00,ISSUE,SKU002,B0002,L002,2,O00086,
M000117,D000117,2026-06-11 14:00:00,ISSUE,SKU003,B0003,L003,1,O00087,
M000118,D000118,2026-06-11 14:00:00,ISSUE,SKU004,B0004,L004,4,O00088,
M000119,D000119,2026-06-11 14:00:00,ISSUE,SKU005,B0005,L005,2,O00089,
M000120,D000120,2026-06-11 14:00:00,ISSUE,SKU007,B0007,L007,4,O00090,
M000121,D000121,2026-06-11 14:00:00,ISSUE,SKU016,B0016,L016,2,O00091,
M000122,D000122,2026-06-11 14:00:00,ISSUE,SKU018,B0018,L018,1,O00092,
M000123,D000123,2026-06-11 14:00:00,ISSUE,SKU019,B0019,L019,4,O00093,
M000124,D000124,2026-06-11 14:00:00,ISSUE,SKU020,B0020,L020,4,O00094,
M000125,D000125,2026-06-11 14:00:00,ISSUE,SKU023,B0023,L023,2,O00095,
M000126,D000126,2026-06-11 14:00:00,ISSUE,SKU001,B0001,L001,3,O00096,
M000127,D000127,2026-06-11 14:00:00,ISSUE,SKU003,B0003,L003,1,O00097,
M000128,D000128,2026-06-11 14:00:00,ISSUE,SKU004,B0004,L004,1,O00098,
M000129,D000129,2026-06-11 14:00:00,ISSUE,SKU014,B0014,L014,1,O00099,
M000130,D000130,2026-06-11 14:00:00,ISSUE,SKU019,B0019,L019,3,O00100,
M000131,D000131,2026-06-11 14:00:00,ISSUE,SKU022,B0022,L022,3,O00101,
M000132,D000132,2026-06-11 14:00:00,ISSUE,SKU024,B0024,L024,2,O00102,
M000133,D000133,2026-06-11 14:00:00,ISSUE,SKU025,B0025,L025,2,O00103,
M000134,D000134,2026-06-11 14:00:00,ISSUE,SKU026,B0026,L026,2,O00104,
M000135,D000135,2026-06-11 14:00:00,ISSUE,SKU001,B0001,L001,1,O00105,
M000136,D000136,2026-06-11 14:00:00,ISSUE,SKU002,B0002,L002,4,O00106,
M000137,D000137,2026-06-11 14:00:00,ISSUE,SKU003,B0003,L003,6,O00107,
M000138,D000138,2026-06-11 14:00:00,ISSUE,SKU004,B0004,L004,2,O00108,
M000139,D000139,2026-06-11 14:00:00,ISSUE,SKU009,B0009,L009,4,O00109,
M000140,D000140,2026-06-11 14:00:00,ISSUE,SKU011,B0011,L011,2,O00110,
M000141,D000141,2026-06-11 14:00:00,ISSUE,SKU014,B0014,L014,1,O00111,
M000142,D000142,2026-06-11 14:00:00,ISSUE,SKU021,B0021,L021,2,O00112,
M000143,D000143,2026-06-11 14:00:00,ISSUE,SKU022,B0022,L022,4,O00113,
M000144,D000144,2026-06-11 14:00:00,ISSUE,SKU023,B0023,L023,4,O00114,
M000145,D000145,2026-06-11 14:00:00,ISSUE,SKU025,B0025,L025,4,O00115,
M000146,D000146,2026-06-11 14:00:00,ISSUE,SKU027,B0027,L027,6,O00116,
M000147,D000147,2026-06-11 14:00:00,ISSUE,SKU028,B0028,L028,1,O00117,
M000148,D000148,2026-06-11 14:00:00,ISSUE,SKU001,B0001,L001,3,O00118,
M000149,D000149,2026-06-11 14:00:00,ISSUE,SKU002,B0002,L002,3,O00119,
M000150,D000150,2026-06-11 14:00:00,ISSUE,SKU004,B0004,L004,3,O00120,
M000151,D000151,2026-06-11 14:00:00,ISSUE,SKU005,B0005,L005,7,O00121,
M000152,D000152,2026-06-11 14:00:00,ISSUE,SKU006,B0006,L006,3,O00122,
M000153,D000153,2026-06-11 14:00:00,ISSUE,SKU008,B0008,L008,3,O00123,
M000154,D000154,2026-06-11 14:00:00,ISSUE,SKU009,B0009,L009,3,O00124,
M000155,D000155,2026-06-11 14:00:00,ISSUE,SKU011,B0011,L011,4,O00125,
M000156,D000156,2026-06-11 14:00:00,ISSUE,SKU014,B0014,L014,1,O00126,
M000157,D000157,2026-06-11 14:00:00,ISSUE,SKU016,B0016,L016,6,O00127,
M000158,D000158,2026-06-11 14:00:00,ISSUE,SKU020,B0020,L020,1,O00128,
M000159,D000159,2026-06-11 14:00:00,ISSUE,SKU021,B0021,L021,6,O00129,
M000160,D000160,2026-06-11 14:00:00,ISSUE,SKU022,B0022,L022,7,O00130,
M000161,D000161,2026-06-11 14:00:00,ISSUE,SKU025,B0025,L025,7,O00131,
M000162,D000162,2026-06-11 14:00:00,ISSUE,SKU026,B0026,L026,3,O00132,
M000163,D000163,2026-06-11 14:00:00,ISSUE,SKU028,B0028,L028,7,O00133,
M000164,D000164,2026-06-11 14:00:00,ISSUE,SKU001,B0001,L001,1,O00134,
M000165,D000165,2026-06-11 14:00:00,ISSUE,SKU003,B0003,L003,4,O00135,
M000166,D000166,2026-06-11 14:00:00,ISSUE,SKU004,B0004,L004,3,O00136,
M000167,D000167,2026-06-11 14:00:00,ISSUE,SKU007,B0007,L007,3,O00137,
M000168,D000168,2026-06-11 14:00:00,ISSUE,SKU012,B0012,L012,4,O00138,
M000169,D000169,2026-06-11 14:00:00,ISSUE,SKU013,B0013,L013,2,O00139,
M000170,D000170,2026-06-11 14:00:00,ISSUE,SKU017,B0017,L017,1,O00140,
M000171,D000171,2026-06-11 14:00:00,ISSUE,SKU019,B0019,L019,4,O00141,
M000172,D000172,2026-06-11 14:00:00,ISSUE,SKU021,B0021,L021,4,O00142,
M000173,D000173,2026-06-11 14:00:00,ISSUE,SKU027,B0027,L027,1,O00143,
M000174,D000174,2026-06-12 14:00:00,ISSUE,SKU001,B0001,L001,1,O00144,
M000175,D000175,2026-06-12 14:00:00,ISSUE,SKU003,B0003,L003,2,O00145,
M000176,D000176,2026-06-12 14:00:00,ISSUE,SKU004,B0004,L004,2,O00146,
M000177,D000177,2026-06-12 14:00:00,ISSUE,SKU006,B0006,L006,1,O00147,
M000178,D000178,2026-06-12 14:00:00,ISSUE,SKU011,B0011,L011,2,O00148,
M000179,D000179,2026-06-12 14:00:00,ISSUE,SKU021,B0021,L021,2,O00149,
M000180,D000180,2026-06-12 14:00:00,ISSUE,SKU026,B0026,L026,3,O00150,
M000181,D000181,2026-06-12 14:00:00,ISSUE,SKU027,B0027,L027,1,O00151,
M000182,D000182,2026-06-12 14:00:00,ISSUE,SKU001,B0001,L001,1,O00152,
M000183,D000183,2026-06-12 14:00:00,ISSUE,SKU002,B0002,L002,2,O00153,
M000184,D000184,2026-06-12 14:00:00,ISSUE,SKU003,B0003,L003,4,O00154,
M000185,D000185,2026-06-12 14:00:00,ISSUE,SKU005,B0005,L005,4,O00155,
M000186,D000186,2026-06-12 14:00:00,ISSUE,SKU006,B0006,L006,3,O00156,
M000187,D000187,2026-06-12 14:00:00,ISSUE,SKU016,B0016,L016,4,O00157,
M000188,D000188,2026-06-12 14:00:00,ISSUE,SKU017,B0017,L017,4,O00158,
M000189,D000189,2026-06-12 14:00:00,ISSUE,SKU020,B0020,L020,1,O00159,
M000190,D000190,2026-06-12 14:00:00,ISSUE,SKU022,B0022,L022,1,O00160,
M000191,D000191,2026-06-12 14:00:00,ISSUE,SKU028,B0028,L028,2,O00161,
M000192,D000192,2026-06-12 14:00:00,ISSUE,SKU001,B0001,L001,6,O00162,
M000193,D000193,2026-06-12 14:00:00,ISSUE,SKU006,B0006,L006,6,O00163,
M000194,D000194,2026-06-12 14:00:00,ISSUE,SKU016,B0016,L016,4,O00164,
M000195,D000195,2026-06-12 14:00:00,ISSUE,SKU020,B0020,L020,1,O00165,
M000196,D000196,2026-06-12 14:00:00,ISSUE,SKU022,B0022,L022,1,O00166,
M000197,D000197,2026-06-12 14:00:00,ISSUE,SKU001,B0001,L001,3,O00167,
M000198,D000198,2026-06-12 14:00:00,ISSUE,SKU002,B0002,L002,4,O00168,
M000199,D000199,2026-06-12 14:00:00,ISSUE,SKU003,B0003,L003,1,O00169,
M000200,D000200,2026-06-12 14:00:00,ISSUE,SKU004,B0004,L004,3,O00170,
M000201,D000201,2026-06-12 14:00:00,ISSUE,SKU005,B0005,L005,6,O00171,
M000202,D000202,2026-06-12 14:00:00,ISSUE,SKU008,B0008,L008,7,O00172,
M000203,D000203,2026-06-12 14:00:00,ISSUE,SKU011,B0011,L011,4,O00173,
M000204,D000204,2026-06-12 14:00:00,ISSUE,SKU016,B0016,L016,7,O00174,
M000205,D000205,2026-06-12 14:00:00,ISSUE,SKU021,B0021,L021,1,O00175,
M000206,D000206,2026-06-12 14:00:00,ISSUE,SKU022,B0022,L022,6,O00176,
M000207,D000207,2026-06-12 14:00:00,ISSUE,SKU024,B0024,L024,1,O00177,
M000208,D000208,2026-06-12 14:00:00,ISSUE,SKU026,B0026,L026,3,O00178,
M000209,D000209,2026-06-12 14:00:00,ISSUE,SKU027,B0027,L027,1,O00179,
M000210,D000210,2026-06-12 14:00:00,ISSUE,SKU001,B0001,L001,4,O00180,
M000211,D000211,2026-06-12 14:00:00,ISSUE,SKU003,B0003,L003,3,O00181,
M000212,D000212,2026-06-12 14:00:00,ISSUE,SKU006,B0006,L006,1,O00182,
M000213,D000213,2026-06-12 14:00:00,ISSUE,SKU012,B0012,L012,1,O00183,
M000214,D000214,2026-06-12 14:00:00,ISSUE,SKU016,B0016,L016,3,O00184,
M000215,D000215,2026-06-12 14:00:00,ISSUE,SKU017,B0017,L017,4,O00185,
M000216,D000216,2026-06-12 14:00:00,ISSUE,SKU021,B0021,L021,4,O00186,
M000217,D000217,2026-06-12 14:00:00,ISSUE,SKU022,B0022,L022,4,O00187,
M000218,D000218,2026-06-12 14:00:00,ISSUE,SKU026,B0026,L026,1,O00188,
M000219,D000219,2026-06-12 14:00:00,ISSUE,SKU027,B0027,L027,3,O00189,
M000220,D000220,2026-06-13 14:00:00,ISSUE,SKU001,B0001,L001,1,O00190,
M000221,D000221,2026-06-13 14:00:00,ISSUE,SKU002,B0002,L002,2,O00191,
M000222,D000222,2026-06-13 14:00:00,ISSUE,SKU003,B0003,L003,5,O00192,
M000223,D000223,2026-06-13 14:00:00,ISSUE,SKU004,B0004,L004,1,O00193,
M000224,D000224,2026-06-13 14:00:00,ISSUE,SKU008,B0008,L008,5,O00194,
M000225,D000225,2026-06-13 14:00:00,ISSUE,SKU009,B0009,L009,2,O00195,
M000226,D000226,2026-06-13 14:00:00,ISSUE,SKU011,B0011,L011,4,O00196,
M000227,D000227,2026-06-13 14:00:00,ISSUE,SKU014,B0014,L014,1,O00197,
M000228,D000228,2026-06-13 14:00:00,ISSUE,SKU016,B0016,L016,5,O00198,
M000229,D000229,2026-06-13 14:00:00,ISSUE,SKU026,B0026,L026,1,O00199,
M000230,D000230,2026-06-13 14:00:00,ISSUE,SKU027,B0027,L027,1,O00200,
M000231,D000231,2026-06-13 14:00:00,ISSUE,SKU001,B0001,L001,4,O00201,
M000232,D000232,2026-06-13 14:00:00,ISSUE,SKU002,B0002,L002,1,O00202,
M000233,D000233,2026-06-13 14:00:00,ISSUE,SKU004,B0004,L004,3,O00203,
M000234,D000234,2026-06-13 14:00:00,ISSUE,SKU008,B0008,L008,4,O00204,
M000235,D000235,2026-06-13 14:00:00,ISSUE,SKU012,B0012,L012,5,O00205,
M000236,D000236,2026-06-13 14:00:00,ISSUE,SKU017,B0017,L017,4,O00206,
M000237,D000237,2026-06-13 14:00:00,ISSUE,SKU018,B0018,L018,3,O00207,
M000238,D000238,2026-06-13 14:00:00,ISSUE,SKU025,B0025,L025,5,O00208,
M000239,D000239,2026-06-13 14:00:00,ISSUE,SKU028,B0028,L028,5,O00209,
M000240,D000240,2026-06-13 14:00:00,ISSUE,SKU004,B0004,L004,3,O00210,
M000241,D000241,2026-06-13 14:00:00,ISSUE,SKU005,B0005,L005,8,O00211,
M000242,D000242,2026-06-13 14:00:00,ISSUE,SKU006,B0006,L006,6,O00212,
M000243,D000243,2026-06-13 14:00:00,ISSUE,SKU007,B0007,L007,2,O00213,
M000244,D000244,2026-06-13 14:00:00,ISSUE,SKU017,B0017,L017,3,O00214,
M000245,D000245,2026-06-13 14:00:00,ISSUE,SKU018,B0018,L018,5,O00215,
M000246,D000246,2026-06-13 14:00:00,ISSUE,SKU024,B0024,L024,2,O00216,
M000247,D000247,2026-06-13 14:00:00,ISSUE,SKU026,B0026,L026,8,O00217,
M000248,D000248,2026-06-13 14:00:00,ISSUE,SKU027,B0027,L027,3,O00218,
M000249,D000249,2026-06-13 14:00:00,ISSUE,SKU004,B0004,L004,9,O00219,
M000250,D000250,2026-06-13 14:00:00,ISSUE,SKU005,B0005,L005,9,O00220,
M000251,D000251,2026-06-13 14:00:00,ISSUE,SKU006,B0006,L006,7,O00221,
M000252,D000252,2026-06-13 14:00:00,ISSUE,SKU015,B0015,L015,4,O00222,
M000253,D000253,2026-06-13 14:00:00,ISSUE,SKU020,B0020,L020,9,O00223,
M000254,D000254,2026-06-13 14:00:00,ISSUE,SKU022,B0022,L022,2,O00224,
M000255,D000255,2026-06-13 14:00:00,ISSUE,SKU023,B0023,L023,9,O00225,
M000256,D000256,2026-06-13 14:00:00,ISSUE,SKU024,B0024,L024,4,O00226,
M000257,D000257,2026-06-13 14:00:00,ISSUE,SKU025,B0025,L025,5,O00227,
M000258,D000258,2026-06-13 14:00:00,ISSUE,SKU027,B0027,L027,4,O00228,
M000259,D000259,2026-06-13 14:00:00,ISSUE,SKU001,B0001,L001,5,O00229,
M000260,D000260,2026-06-13 14:00:00,ISSUE,SKU003,B0003,L003,5,O00230,
M000261,D000261,2026-06-13 14:00:00,ISSUE,SKU004,B0004,L004,5,O00231,
M000262,D000262,2026-06-13 14:00:00,ISSUE,SKU005,B0005,L005,6,O00232,
M000263,D000263,2026-06-13 14:00:00,ISSUE,SKU013,B0013,L013,2,O00233,
M000264,D000264,2026-06-13 14:00:00,ISSUE,SKU020,B0020,L020,6,O00234,
M000265,D000265,2026-06-13 14:00:00,ISSUE,SKU024,B0024,L024,4,O00235,
M000266,D000266,2026-06-13 14:00:00,ISSUE,SKU027,B0027,L027,1,O00236,
M000267,D000267,2026-06-13 14:00:00,ISSUE,SKU028,B0028,L028,6,O00237,
M000268,D000268,2026-06-14 14:00:00,ISSUE,SKU001,B0001,L001,4,O00238,
M000269,D000269,2026-06-14 14:00:00,ISSUE,SKU002,B0002,L002,3,O00239,
M000270,D000270,2026-06-14 14:00:00,ISSUE,SKU003,B0003,L003,5,O00240,
M000271,D000271,2026-06-14 14:00:00,ISSUE,SKU004,B0004,L004,1,O00241,
M000272,D000272,2026-06-14 14:00:00,ISSUE,SKU005,B0005,L005,5,O00242,
M000273,D000273,2026-06-14 14:00:00,ISSUE,SKU009,B0009,L009,3,O00243,
M000274,D000274,2026-06-14 14:00:00,ISSUE,SKU012,B0012,L012,4,O00244,
M000275,D000275,2026-06-14 14:00:00,ISSUE,SKU013,B0013,L013,2,O00245,
M000276,D000276,2026-06-14 14:00:00,ISSUE,SKU015,B0015,L015,2,O00246,
M000277,D000277,2026-06-14 14:00:00,ISSUE,SKU017,B0017,L017,2,O00247,
M000278,D000278,2026-06-14 14:00:00,ISSUE,SKU023,B0023,L023,4,O00248,
M000279,D000279,2026-06-14 14:00:00,ISSUE,SKU025,B0025,L025,2,O00249,
M000280,D000280,2026-06-14 14:00:00,ISSUE,SKU002,B0002,L002,3,O00250,
M000281,D000281,2026-06-14 14:00:00,ISSUE,SKU003,B0003,L003,5,O00251,
M000282,D000282,2026-06-14 14:00:00,ISSUE,SKU005,B0005,L005,4,O00252,
M000283,D000283,2026-06-14 14:00:00,ISSUE,SKU007,B0007,L007,4,O00253,
M000284,D000284,2026-06-14 14:00:00,ISSUE,SKU008,B0008,L008,5,O00254,
M000285,D000285,2026-06-14 14:00:00,ISSUE,SKU009,B0009,L009,1,O00255,
M000286,D000286,2026-06-14 14:00:00,ISSUE,SKU011,B0011,L011,3,O00256,
M000287,D000287,2026-06-14 14:00:00,ISSUE,SKU001,B0001,L001,2,O00257,
M000288,D000288,2026-06-14 14:00:00,ISSUE,SKU003,B0003,L003,3,O00258,
M000289,D000289,2026-06-14 14:00:00,ISSUE,SKU006,B0006,L006,6,O00259,
M000290,D000290,2026-06-14 14:00:00,ISSUE,SKU009,B0009,L009,6,O00260,
M000291,D000291,2026-06-14 14:00:00,ISSUE,SKU012,B0012,L012,3,O00261,
M000292,D000292,2026-06-14 14:00:00,ISSUE,SKU017,B0017,L017,3,O00262,
M000293,D000293,2026-06-14 14:00:00,ISSUE,SKU021,B0021,L021,5,O00263,
M000294,D000294,2026-06-14 14:00:00,ISSUE,SKU001,B0001,L001,2,O00264,
M000295,D000295,2026-06-14 14:00:00,ISSUE,SKU002,B0002,L002,7,O00265,
M000296,D000296,2026-06-14 14:00:00,ISSUE,SKU003,B0003,L003,7,O00266,
M000297,D000297,2026-06-14 14:00:00,ISSUE,SKU006,B0006,L006,4,O00267,
M000298,D000298,2026-06-14 14:00:00,ISSUE,SKU021,B0021,L021,4,O00268,
M000299,D000299,2026-06-14 14:00:00,ISSUE,SKU001,B0001,L001,1,O00269,
M000300,D000300,2026-06-14 14:00:00,ISSUE,SKU002,B0002,L002,1,O00270,
M000301,D000301,2026-06-14 14:00:00,ISSUE,SKU003,B0003,L003,1,O00271,
M000302,D000302,2026-06-14 14:00:00,ISSUE,SKU004,B0004,L004,6,O00272,
M000303,D000303,2026-06-14 14:00:00,ISSUE,SKU005,B0005,L005,4,O00273,
M000304,D000304,2026-06-14 14:00:00,ISSUE,SKU017,B0017,L017,4,O00274,
M000305,D000305,2026-06-14 14:00:00,ISSUE,SKU019,B0019,L019,1,O00275,
M000306,D000306,2026-06-14 14:00:00,ISSUE,SKU021,B0021,L021,5,O00276,
M000307,D000307,2026-06-14 14:00:00,ISSUE,SKU027,B0027,L027,1,O00277,
M000308,D000308,2026-06-15 14:00:00,ISSUE,SKU001,B0001,L001,1,O00278,
M000309,D000309,2026-06-15 14:00:00,ISSUE,SKU004,B0004,L004,1,O00279,
M000310,D000310,2026-06-15 14:00:00,ISSUE,SKU009,B0009,L009,1,O00280,
M000311,D000311,2026-06-15 14:00:00,ISSUE,SKU022,B0022,L022,2,O00281,
M000312,D000312,2026-06-15 14:00:00,ISSUE,SKU023,B0023,L023,1,O00282,
M000313,D000313,2026-06-15 14:00:00,ISSUE,SKU025,B0025,L025,2,O00283,
M000314,D000314,2026-06-15 14:00:00,ISSUE,SKU001,B0001,L001,3,O00284,
M000315,D000315,2026-06-15 14:00:00,ISSUE,SKU002,B0002,L002,5,O00285,
M000316,D000316,2026-06-15 14:00:00,ISSUE,SKU005,B0005,L005,1,O00287,
M000317,D000317,2026-06-15 14:00:00,ISSUE,SKU006,B0006,L006,5,O00288,
M000318,D000318,2026-06-15 14:00:00,ISSUE,SKU007,B0007,L007,3,O00289,
M000319,D000319,2026-06-15 14:00:00,ISSUE,SKU009,B0009,L009,5,O00290,
M000320,D000320,2026-06-15 14:00:00,ISSUE,SKU014,B0014,L014,5,O00291,
M000321,D000321,2026-06-15 14:00:00,ISSUE,SKU015,B0015,L015,1,O00292,
M000322,D000322,2026-06-15 14:00:00,ISSUE,SKU017,B0017,L017,3,O00293,
M000323,D000323,2026-06-15 14:00:00,ISSUE,SKU020,B0020,L020,2,O00294,
M000324,D000324,2026-06-15 14:00:00,ISSUE,SKU021,B0021,L021,3,O00295,
M000325,D000325,2026-06-15 14:00:00,ISSUE,SKU025,B0025,L025,2,O00296,
M000326,D000326,2026-06-15 14:00:00,ISSUE,SKU027,B0027,L027,2,O00297,
M000327,D000327,2026-06-15 14:00:00,ISSUE,SKU001,B0001,L001,6,O00298,
M000328,D000328,2026-06-15 14:00:00,ISSUE,SKU002,B0002,L002,1,O00299,
M000329,D000329,2026-06-15 14:00:00,ISSUE,SKU004,B0004,L004,6,O00301,
M000330,D000330,2026-06-15 14:00:00,ISSUE,SKU005,B0005,L005,2,O00302,
M000331,D000331,2026-06-15 14:00:00,ISSUE,SKU006,B0006,L006,5,O00303,
M000332,D000332,2026-06-15 14:00:00,ISSUE,SKU007,B0007,L007,6,O00304,
M000333,D000333,2026-06-15 14:00:00,ISSUE,SKU011,B0011,L011,6,O00305,
M000334,D000334,2026-06-15 14:00:00,ISSUE,SKU013,B0013,L013,4,O00306,
M000335,D000335,2026-06-15 14:00:00,ISSUE,SKU014,B0014,L014,2,O00307,
M000336,D000336,2026-06-15 14:00:00,ISSUE,SKU018,B0018,L018,6,O00308,
M000337,D000337,2026-06-15 14:00:00,ISSUE,SKU021,B0021,L021,1,O00309,
M000338,D000338,2026-06-15 14:00:00,ISSUE,SKU023,B0023,L023,4,O00310,
M000339,D000339,2026-06-15 14:00:00,ISSUE,SKU001,B0001,L001,3,O00311,
M000340,D000340,2026-06-15 14:00:00,ISSUE,SKU002,B0002,L002,7,O00312,
M000341,D000341,2026-06-15 14:00:00,ISSUE,SKU004,B0004,L004,1,O00313,
M000342,D000342,2026-06-15 14:00:00,ISSUE,SKU008,B0008,L008,6,O00314,
M000343,D000343,2026-06-15 14:00:00,ISSUE,SKU009,B0009,L009,4,O00315,
M000344,D000344,2026-06-15 14:00:00,ISSUE,SKU014,B0014,L014,3,O00316,
M000345,D000345,2026-06-15 14:00:00,ISSUE,SKU016,B0016,L016,7,O00317,
M000346,D000346,2026-06-15 14:00:00,ISSUE,SKU018,B0018,L018,1,O00318,
M000347,D000347,2026-06-15 14:00:00,ISSUE,SKU020,B0020,L020,6,O00319,
M000348,D000348,2026-06-15 14:00:00,ISSUE,SKU023,B0023,L023,1,O00320,
M000349,D000349,2026-06-15 14:00:00,ISSUE,SKU025,B0025,L025,1,O00321,
M000350,D000350,2026-06-15 14:00:00,ISSUE,SKU028,B0028,L028,4,O00322,
M000351,D000351,2026-06-15 14:00:00,ISSUE,SKU001,B0001,L001,3,O00323,
M000352,D000352,2026-06-15 14:00:00,ISSUE,SKU002,B0002,L002,4,O00324,
M000353,D000353,2026-06-15 14:00:00,ISSUE,SKU004,B0004,L004,3,O00326,
M000354,D000354,2026-06-15 14:00:00,ISSUE,SKU005,B0005,L005,2,O00327,
M000355,D000355,2026-06-15 14:00:00,ISSUE,SKU011,B0011,L011,4,O00328,
M000356,D000356,2026-06-15 14:00:00,ISSUE,SKU012,B0012,L012,3,O00329,
M000357,D000357,2026-06-15 14:00:00,ISSUE,SKU014,B0014,L014,4,O00330,
M000358,D000358,2026-06-15 14:00:00,ISSUE,SKU018,B0018,L018,4,O00331,
M000359,D000359,2026-06-15 14:00:00,ISSUE,SKU020,B0020,L020,2,O00332,
M000360,D000360,2026-06-15 14:00:00,ISSUE,SKU025,B0025,L025,4,O00333,
M000361,D000361,2026-06-15 14:00:00,ISSUE,SKU028,B0028,L028,2,O00334,
M000362,D000362,2026-06-16 08:00:00,RECEIPT,SKU001,B0031,L001,80,,R0001
M000363,D000363,2026-06-16 08:00:00,RECEIPT,SKU002,B0032,L002,81,,R0002
M000364,D000364,2026-06-16 08:00:00,RECEIPT,SKU003,B0033,L003,67,,R0003
M000365,D000365,2026-06-16 08:00:00,RECEIPT,SKU004,B0034,L004,68,,R0004
M000366,D000366,2026-06-16 08:00:00,RECEIPT,SKU005,B0035,L005,99,,R0005
M000367,D000367,2026-06-16 08:00:00,RECEIPT,SKU006,B0036,L006,78,,R0006
M000368,D000368,2026-06-16 08:00:00,RECEIPT,SKU007,B0037,L007,99,,R0007
M000369,D000369,2026-06-16 08:00:00,RECEIPT,SKU008,B0038,L008,92,,R0008
M000370,D000370,2026-06-16 08:00:00,RECEIPT,SKU009,B0039,L009,76,,R0009
M000371,D000371,2026-06-16 08:00:00,RECEIPT,SKU010,B0040,L010,86,,R0010
M000372,D000372,2026-06-16 08:00:00,RECEIPT,SKU011,B0041,L011,80,,R0011
M000373,D000373,2026-06-16 08:00:00,RECEIPT,SKU012,B0042,L012,60,,R0012
M000374,D000374,2026-06-16 08:00:00,RECEIPT,SKU013,B0043,L013,68,,R0013
M000375,D000375,2026-06-16 08:00:00,RECEIPT,SKU014,B0044,L014,82,,R0014
M000376,D000376,2026-06-16 08:00:00,RECEIPT,SKU015,B0045,L015,68,,R0015
M000377,D000377,2026-06-16 08:00:00,RECEIPT,SKU016,B0046,L016,83,,R0016
M000378,D000378,2026-06-16 08:00:00,RECEIPT,SKU017,B0047,L017,92,,R0017
M000379,D000379,2026-06-16 08:00:00,RECEIPT,SKU018,B0048,L018,79,,R0018
M000380,D000380,2026-06-16 08:00:00,RECEIPT,SKU019,B0049,L019,99,,R0019
M000381,D000381,2026-06-16 08:00:00,RECEIPT,SKU020,B0050,L020,68,,R0020
M000382,D000382,2026-06-16 08:00:00,RECEIPT,SKU021,B0051,L021,87,,R0021
M000383,D000383,2026-06-16 08:00:00,RECEIPT,SKU022,B0052,L022,84,,R0022
M000384,D000384,2026-06-16 08:00:00,RECEIPT,SKU023,B0053,L023,78,,R0023
M000385,D000385,2026-06-16 08:00:00,RECEIPT,SKU024,B0054,L024,74,,R0024
M000386,D000386,2026-06-16 08:00:00,RECEIPT,SKU025,B0055,L025,67,,R0025
M000387,D000387,2026-06-16 08:00:00,RECEIPT,SKU026,B0056,L026,77,,R0026
M000388,D000388,2026-06-16 08:00:00,RECEIPT,SKU027,B0057,L027,73,,R0027
M000389,D000389,2026-06-16 08:00:00,RECEIPT,SKU028,B0058,L028,71,,R0028
M000390,D000390,2026-06-16 14:00:00,ISSUE,SKU002,B0002,L002,2,O00335,
M000391,D000391,2026-06-16 14:00:00,ISSUE,SKU003,B0033,L003,2,O00336,
M000392,D000392,2026-06-16 14:00:00,ISSUE,SKU005,B0005,L005,2,O00337,
M000393,D000393,2026-06-16 14:00:00,ISSUE,SKU006,B0036,L006,3,O00338,
M000394,D000394,2026-06-16 14:00:00,ISSUE,SKU007,B0037,L007,4,O00339,
M000395,D000395,2026-06-16 14:00:00,ISSUE,SKU009,B0039,L009,2,O00340,
M000396,D000396,2026-06-16 14:00:00,ISSUE,SKU011,B0041,L011,2,O00341,
M000397,D000397,2026-06-16 14:00:00,ISSUE,SKU014,B0014,L014,1,O00342,
M000398,D000398,2026-06-16 14:00:00,ISSUE,SKU016,B0016,L016,4,O00343,
M000399,D000399,2026-06-16 14:00:00,ISSUE,SKU017,B0017,L017,1,O00344,
M000400,D000400,2026-06-16 14:00:00,ISSUE,SKU020,B0020,L020,4,O00345,
M000401,D000401,2026-06-16 14:00:00,ISSUE,SKU021,B0021,L021,2,O00346,
M000402,D000402,2026-06-16 14:00:00,ISSUE,SKU024,B0024,L024,1,O00347,
M000403,D000403,2026-06-16 14:00:00,ISSUE,SKU026,B0026,L026,1,O00348,
M000404,D000404,2026-06-16 14:00:00,ISSUE,SKU027,B0027,L027,1,O00349,
M000405,D000405,2026-06-16 14:00:00,ISSUE,SKU003,B0033,L003,4,O00350,
M000406,D000406,2026-06-16 14:00:00,ISSUE,SKU004,B0034,L004,2,O00351,
M000407,D000407,2026-06-16 14:00:00,ISSUE,SKU008,B0008,L008,5,O00352,
M000408,D000408,2026-06-16 14:00:00,ISSUE,SKU012,B0012,L012,1,O00353,
M000409,D000409,2026-06-16 14:00:00,ISSUE,SKU015,B0045,L015,1,O00354,
M000410,D000410,2026-06-16 14:00:00,ISSUE,SKU016,B0016,L016,1,O00355,
M000411,D000411,2026-06-16 14:00:00,ISSUE,SKU022,B0022,L022,5,O00356,
M000412,D000412,2026-06-16 14:00:00,ISSUE,SKU024,B0024,L024,2,O00357,
M000413,D000413,2026-06-16 14:00:00,ISSUE,SKU001,B0031,L001,1,O00358,
M000414,D000414,2026-06-16 14:00:00,ISSUE,SKU003,B0033,L003,6,O00359,
M000415,D000415,2026-06-16 14:00:00,ISSUE,SKU004,B0034,L004,2,O00360,
M000416,D000416,2026-06-16 14:00:00,ISSUE,SKU006,B0036,L006,5,O00361,
M000417,D000417,2026-06-16 14:00:00,ISSUE,SKU016,B0016,L016,6,O00362,
M000418,D000418,2026-06-16 14:00:00,ISSUE,SKU018,B0048,L018,5,O00363,
M000419,D000419,2026-06-16 14:00:00,ISSUE,SKU020,B0020,L020,5,O00364,
M000420,D000420,2026-06-16 14:00:00,ISSUE,SKU022,B0022,L022,2,O00365,
M000421,D000421,2026-06-16 14:00:00,ISSUE,SKU023,B0023,L023,2,O00366,
M000422,D000422,2026-06-16 14:00:00,ISSUE,SKU025,B0025,L025,2,O00367,
M000423,D000423,2026-06-16 14:00:00,ISSUE,SKU028,B0028,L028,2,O00368,
M000424,D000424,2026-06-16 14:00:00,ISSUE,SKU001,B0031,L001,6,O00369,
M000425,D000425,2026-06-16 14:00:00,ISSUE,SKU002,B0002,L002,4,O00370,
M000426,D000426,2026-06-16 14:00:00,ISSUE,SKU003,B0033,L003,3,O00371,
M000427,D000427,2026-06-16 14:00:00,ISSUE,SKU004,B0034,L004,7,O00372,
M000428,D000428,2026-06-16 14:00:00,ISSUE,SKU006,B0036,L006,6,O00373,
M000429,D000429,2026-06-16 14:00:00,ISSUE,SKU009,B0039,L009,7,O00374,
M000430,D000430,2026-06-16 14:00:00,ISSUE,SKU011,B0041,L011,1,O00375,
M000431,D000431,2026-06-16 14:00:00,ISSUE,SKU014,B0014,L014,3,O00376,
M000432,D000432,2026-06-16 14:00:00,ISSUE,SKU015,B0045,L015,3,O00377,
M000433,D000433,2026-06-16 14:00:00,ISSUE,SKU022,B0022,L022,7,O00378,
M000434,D000434,2026-06-16 14:00:00,ISSUE,SKU025,B0025,L025,3,O00379,
M000435,D000435,2026-06-16 14:00:00,ISSUE,SKU003,B0033,L003,3,O00380,
M000436,D000436,2026-06-16 14:00:00,ISSUE,SKU004,B0034,L004,4,O00381,
M000437,D000437,2026-06-16 14:00:00,ISSUE,SKU005,B0005,L005,3,O00382,
M000438,D000438,2026-06-16 14:00:00,ISSUE,SKU006,B0036,L006,4,O00383,
M000439,D000439,2026-06-16 14:00:00,ISSUE,SKU020,B0020,L020,3,O00384,
M000440,D000440,2026-06-16 14:00:00,ISSUE,SKU023,B0023,L023,2,O00385,
M000441,D000441,2026-06-16 14:00:00,ISSUE,SKU024,B0024,L024,4,O00386,
M000442,D000442,2026-06-17 14:00:00,ISSUE,SKU001,B0031,L001,3,O00387,
M000443,D000443,2026-06-17 14:00:00,ISSUE,SKU002,B0002,L002,3,O00388,
M000444,D000444,2026-06-17 14:00:00,ISSUE,SKU005,B0005,L005,2,O00389,
M000445,D000445,2026-06-17 14:00:00,ISSUE,SKU006,B0036,L006,1,O00390,
M000446,D000446,2026-06-17 14:00:00,ISSUE,SKU014,B0014,L014,4,O00391,
M000447,D000447,2026-06-17 14:00:00,ISSUE,SKU015,B0045,L015,1,O00392,
M000448,D000448,2026-06-17 14:00:00,ISSUE,SKU023,B0023,L023,4,O00393,
M000449,D000449,2026-06-17 14:00:00,ISSUE,SKU027,B0027,L027,2,O00394,
M000450,D000450,2026-06-17 14:00:00,ISSUE,SKU001,B0031,L001,3,O00395,
M000451,D000451,2026-06-17 14:00:00,ISSUE,SKU003,B0033,L003,2,O00396,
M000452,D000452,2026-06-17 14:00:00,ISSUE,SKU004,B0034,L004,4,O00397,
M000453,D000453,2026-06-17 14:00:00,ISSUE,SKU005,B0005,L005,1,O00398,
M000454,D000454,2026-06-17 14:00:00,ISSUE,SKU006,B0036,L006,5,O00399,
M000455,D000455,2026-06-17 14:00:00,ISSUE,SKU009,B0039,L009,2,O00400,
M000456,D000456,2026-06-17 14:00:00,ISSUE,SKU011,B0041,L011,1,O00401,
M000457,D000457,2026-06-17 14:00:00,ISSUE,SKU016,B0016,L016,3,O00402,
M000458,D000458,2026-06-17 14:00:00,ISSUE,SKU019,B0019,L019,1,O00403,
M000459,D000459,2026-06-17 14:00:00,ISSUE,SKU020,B0020,L020,5,O00404,
M000460,D000460,2026-06-17 14:00:00,ISSUE,SKU023,B0023,L023,3,O00405,
M000461,D000461,2026-06-17 14:00:00,ISSUE,SKU024,B0024,L024,2,O00406,
M000462,D000462,2026-06-17 14:00:00,ISSUE,SKU026,B0026,L026,3,O00407,
M000463,D000463,2026-06-17 14:00:00,ISSUE,SKU001,B0031,L001,2,O00408,
M000464,D000464,2026-06-17 14:00:00,ISSUE,SKU003,B0033,L003,4,O00409,
M000465,D000465,2026-06-17 14:00:00,ISSUE,SKU004,B0034,L004,5,O00410,
M000466,D000466,2026-06-17 14:00:00,ISSUE,SKU005,B0005,L005,2,O00411,
M000467,D000467,2026-06-17 14:00:00,ISSUE,SKU006,B0036,L006,2,O00412,
M000468,D000468,2026-06-17 14:00:00,ISSUE,SKU008,B0008,L008,6,O00413,
M000469,D000469,2026-06-17 14:00:00,ISSUE,SKU012,B0012,L012,6,O00414,
M000470,D000470,2026-06-17 14:00:00,ISSUE,SKU013,B0043,L013,4,O00415,
M000471,D000471,2026-06-17 14:00:00,ISSUE,SKU016,B0016,L016,5,O00416,
M000472,D000472,2026-06-17 14:00:00,ISSUE,SKU017,B0017,L017,4,O00417,
M000473,D000473,2026-06-17 14:00:00,ISSUE,SKU019,B0019,L019,4,O00418,
M000474,D000474,2026-06-17 14:00:00,ISSUE,SKU020,B0020,L020,6,O00419,
M000475,D000475,2026-06-17 14:00:00,ISSUE,SKU021,B0021,L021,1,O00420,
M000476,D000476,2026-06-17 14:00:00,ISSUE,SKU022,B0022,L022,5,O00421,
M000477,D000477,2026-06-17 14:00:00,ISSUE,SKU024,B0024,L024,4,O00422,
M000478,D000478,2026-06-17 14:00:00,ISSUE,SKU001,B0031,L001,7,O00423,
M000479,D000479,2026-06-17 14:00:00,ISSUE,SKU003,B0033,L003,3,O00424,
M000480,D000480,2026-06-17 14:00:00,ISSUE,SKU004,B0034,L004,7,O00425,
M000481,D000481,2026-06-17 14:00:00,ISSUE,SKU011,B0041,L011,7,O00426,
M000482,D000482,2026-06-17 14:00:00,ISSUE,SKU012,B0012,L012,6,O00427,
M000483,D000483,2026-06-17 14:00:00,ISSUE,SKU020,B0020,L020,7,O00428,
M000484,D000484,2026-06-17 14:00:00,ISSUE,SKU021,B0021,L021,4,O00429,
M000485,D000485,2026-06-17 14:00:00,ISSUE,SKU003,B0033,L003,2,O00430,
M000486,D000486,2026-06-17 14:00:00,ISSUE,SKU004,B0034,L004,4,O00431,
M000487,D000487,2026-06-17 14:00:00,ISSUE,SKU008,B0008,L008,1,O00432,
M000488,D000488,2026-06-17 14:00:00,ISSUE,SKU011,B0041,L011,4,O00433,
M000489,D000489,2026-06-17 14:00:00,ISSUE,SKU012,B0012,L012,4,O00434,
M000490,D000490,2026-06-17 14:00:00,ISSUE,SKU014,B0014,L014,3,O00435,
M000491,D000491,2026-06-17 14:00:00,ISSUE,SKU015,B0045,L015,3,O00436,
M000492,D000492,2026-06-17 14:00:00,ISSUE,SKU019,B0019,L019,2,O00437,
M000493,D000493,2026-06-17 14:00:00,ISSUE,SKU024,B0024,L024,2,O00438,
M000494,D000494,2026-06-17 14:00:00,ISSUE,SKU025,B0025,L025,4,O00439,
M000495,D000495,2026-06-17 14:00:00,ISSUE,SKU026,B0026,L026,1,O00440,
M000496,D000496,2026-06-18 14:00:00,ISSUE,SKU001,B0031,L001,2,O00441,
M000497,D000497,2026-06-18 14:00:00,ISSUE,SKU002,B0002,L002,1,O00442,
M000498,D000498,2026-06-18 14:00:00,ISSUE,SKU003,B0033,L003,2,O00443,
M000499,D000499,2026-06-18 14:00:00,ISSUE,SKU004,B0034,L004,2,O00444,
M000500,D000500,2026-06-18 14:00:00,ISSUE,SKU006,B0036,L006,2,O00445,
M000501,D000501,2026-06-18 14:00:00,ISSUE,SKU008,B0008,L008,2,O00446,
M000502,D000502,2026-06-18 14:00:00,ISSUE,SKU015,B0045,L015,4,O00447,
M000503,D000503,2026-06-18 14:00:00,ISSUE,SKU017,B0017,L017,2,O00448,
M000504,D000504,2026-06-18 14:00:00,ISSUE,SKU018,B0048,L018,2,O00449,
M000505,D000505,2026-06-18 14:00:00,ISSUE,SKU025,B0025,L025,2,O00450,
M000506,D000506,2026-06-18 14:00:00,ISSUE,SKU001,B0031,L001,5,O00451,
M000507,D000507,2026-06-18 14:00:00,ISSUE,SKU002,B0002,L002,3,O00452,
M000508,D000508,2026-06-18 14:00:00,ISSUE,SKU004,B0034,L004,2,O00453,
M000509,D000509,2026-06-18 14:00:00,ISSUE,SKU005,B0035,L005,4,O00454,
M000510,D000510,2026-06-18 14:00:00,ISSUE,SKU006,B0036,L006,5,O00455,
M000511,D000511,2026-06-18 14:00:00,ISSUE,SKU012,B0012,L012,3,O00456,
M000512,D000512,2026-06-18 14:00:00,ISSUE,SKU014,B0014,L014,3,O00457,
M000513,D000513,2026-06-18 14:00:00,ISSUE,SKU015,B0045,L015,1,O00458,
M000514,D000514,2026-06-18 14:00:00,ISSUE,SKU019,B0019,L019,1,O00459,
M000515,D000515,2026-06-18 14:00:00,ISSUE,SKU020,B0020,L020,3,O00460,
M000516,D000516,2026-06-18 14:00:00,ISSUE,SKU025,B0025,L025,1,O00461,
M000517,D000517,2026-06-18 14:00:00,ISSUE,SKU027,B0027,L027,2,O00462,
M000518,D000518,2026-06-18 14:00:00,ISSUE,SKU002,B0002,L002,5,O00463,
M000519,D000519,2026-06-18 14:00:00,ISSUE,SKU003,B0033,L003,5,O00464,
M000520,D000520,2026-06-18 14:00:00,ISSUE,SKU004,B0034,L004,6,O00465,
M000521,D000521,2026-06-18 14:00:00,ISSUE,SKU005,B0035,L005,6,O00466,
M000522,D000522,2026-06-18 14:00:00,ISSUE,SKU009,B0039,L009,1,O00467,
M000523,D000523,2026-06-18 14:00:00,ISSUE,SKU011,B0041,L011,5,O00468,
M000524,D000524,2026-06-18 14:00:00,ISSUE,SKU022,B0022,L022,6,O00469,
M000525,D000525,2026-06-18 14:00:00,ISSUE,SKU027,B0027,L027,2,O00470,
M000526,D000526,2026-06-18 14:00:00,ISSUE,SKU001,B0031,L001,4,O00471,
M000527,D000527,2026-06-18 14:00:00,ISSUE,SKU003,B0033,L003,1,O00472,
M000528,D000528,2026-06-18 14:00:00,ISSUE,SKU004,B0034,L004,6,O00473,
M000529,D000529,2026-06-18 14:00:00,ISSUE,SKU005,B0035,L005,3,O00474,
M000530,D000530,2026-06-18 14:00:00,ISSUE,SKU006,B0036,L006,7,O00475,
M000531,D000531,2026-06-18 14:00:00,ISSUE,SKU015,B0045,L015,4,O00476,
M000532,D000532,2026-06-18 14:00:00,ISSUE,SKU025,B0025,L025,6,O00477,
M000533,D000533,2026-06-18 14:00:00,ISSUE,SKU001,B0031,L001,4,O00478,
M000534,D000534,2026-06-18 14:00:00,ISSUE,SKU002,B0002,L002,3,O00479,
M000535,D000535,2026-06-18 14:00:00,ISSUE,SKU002,B0032,L002,1,O00479,
M000536,D000536,2026-06-18 14:00:00,ISSUE,SKU003,B0033,L003,4,O00480,
M000537,D000537,2026-06-18 14:00:00,ISSUE,SKU004,B0034,L004,3,O00481,
M000538,D000538,2026-06-18 14:00:00,ISSUE,SKU005,B0035,L005,4,O00482,
M000539,D000539,2026-06-18 14:00:00,ISSUE,SKU013,B0043,L013,4,O00483,
M000540,D000540,2026-06-18 14:00:00,ISSUE,SKU015,B0045,L015,1,O00484,
M000541,D000541,2026-06-18 14:00:00,ISSUE,SKU018,B0048,L018,3,O00485,
M000542,D000542,2026-06-18 14:00:00,ISSUE,SKU019,B0019,L019,1,O00486,
M000543,D000543,2026-06-18 14:00:00,ISSUE,SKU020,B0020,L020,4,O00487,
M000544,D000544,2026-06-18 14:00:00,ISSUE,SKU021,B0021,L021,4,O00488,
M000545,D000545,2026-06-18 14:00:00,ISSUE,SKU022,B0022,L022,3,O00489,
M000546,D000546,2026-06-19 14:00:00,ISSUE,SKU002,B0032,L002,2,O00490,
M000547,D000547,2026-06-19 14:00:00,ISSUE,SKU004,B0034,L004,1,O00491,
M000548,D000548,2026-06-19 14:00:00,ISSUE,SKU005,B0035,L005,3,O00492,
M000549,D000549,2026-06-19 14:00:00,ISSUE,SKU009,B0039,L009,1,O00493,
M000550,D000550,2026-06-19 14:00:00,ISSUE,SKU016,B0016,L016,2,O00494,
M000551,D000551,2026-06-19 14:00:00,ISSUE,SKU017,B0017,L017,2,O00495,
M000552,D000552,2026-06-19 14:00:00,ISSUE,SKU023,B0023,L023,2,O00496,
M000553,D000553,2026-06-19 14:00:00,ISSUE,SKU001,B0031,L001,2,O00497,
M000554,D000554,2026-06-19 14:00:00,ISSUE,SKU005,B0035,L005,1,O00498,
M000555,D000555,2026-06-19 14:00:00,ISSUE,SKU007,B0037,L007,1,O00499,
M000556,D000556,2026-06-19 14:00:00,ISSUE,SKU009,B0039,L009,5,O00500,
M000557,D000557,2026-06-19 14:00:00,ISSUE,SKU011,B0041,L011,2,O00501,
M000558,D000558,2026-06-19 14:00:00,ISSUE,SKU012,B0012,L012,4,O00502,
M000559,D000559,2026-06-19 14:00:00,ISSUE,SKU016,B0016,L016,3,O00503,
M000560,D000560,2026-06-19 14:00:00,ISSUE,SKU020,B0020,L020,1,O00504,
M000561,D000561,2026-06-19 14:00:00,ISSUE,SKU001,B0031,L001,1,O00505,
M000562,D000562,2026-06-19 14:00:00,ISSUE,SKU003,B0033,L003,2,O00506,
M000563,D000563,2026-06-19 14:00:00,ISSUE,SKU005,B0035,L005,2,O00507,
M000564,D000564,2026-06-19 14:00:00,ISSUE,SKU006,B0036,L006,1,O00508,
M000565,D000565,2026-06-19 14:00:00,ISSUE,SKU009,B0039,L009,6,O00509,
M000566,D000566,2026-06-19 14:00:00,ISSUE,SKU012,B0012,L012,6,O00510,
M000567,D000567,2026-06-19 14:00:00,ISSUE,SKU023,B0023,L023,1,O00511,
M000568,D000568,2026-06-19 14:00:00,ISSUE,SKU025,B0025,L025,6,O00512,
M000569,D000569,2026-06-19 14:00:00,ISSUE,SKU026,B0026,L026,2,O00513,
M000570,D000570,2026-06-19 14:00:00,ISSUE,SKU027,B0027,L027,6,O00514,
M000571,D000571,2026-06-19 14:00:00,ISSUE,SKU002,B0032,L002,7,O00515,
M000572,D000572,2026-06-19 14:00:00,ISSUE,SKU003,B0033,L003,4,O00516,
M000573,D000573,2026-06-19 14:00:00,ISSUE,SKU004,B0034,L004,4,O00517,
M000574,D000574,2026-06-19 14:00:00,ISSUE,SKU005,B0035,L005,7,O00518,
M000575,D000575,2026-06-19 14:00:00,ISSUE,SKU006,B0036,L006,3,O00519,
M000576,D000576,2026-06-19 14:00:00,ISSUE,SKU014,B0014,L014,4,O00520,
M000577,D000577,2026-06-19 14:00:00,ISSUE,SKU021,B0021,L021,7,O00521,
M000578,D000578,2026-06-19 14:00:00,ISSUE,SKU027,B0027,L027,7,O00522,
M000579,D000579,2026-06-19 14:00:00,ISSUE,SKU028,B0028,L028,1,O00523,
M000580,D000580,2026-06-19 14:00:00,ISSUE,SKU001,B0031,L001,4,O00524,
M000581,D000581,2026-06-19 14:00:00,ISSUE,SKU002,B0032,L002,2,O00525,
M000582,D000582,2026-06-19 14:00:00,ISSUE,SKU003,B0033,L003,1,O00526,
M000583,D000583,2026-06-19 14:00:00,ISSUE,SKU004,B0034,L004,3,O00527,
M000584,D000584,2026-06-19 14:00:00,ISSUE,SKU016,B0016,L016,1,O00528,
M000585,D000585,2026-06-19 14:00:00,ISSUE,SKU019,B0019,L019,4,O00529,
M000586,D000586,2026-06-20 14:00:00,ISSUE,SKU001,B0031,L001,4,O00530,
M000587,D000587,2026-06-20 14:00:00,ISSUE,SKU003,B0033,L003,3,O00531,
M000588,D000588,2026-06-20 14:00:00,ISSUE,SKU005,B0035,L005,5,O00532,
M000589,D000589,2026-06-20 14:00:00,ISSUE,SKU006,B0036,L006,3,O00533,
M000590,D000590,2026-06-20 14:00:00,ISSUE,SKU008,B0008,L008,4,O00534,
M000591,D000591,2026-06-20 14:00:00,ISSUE,SKU014,B0014,L014,4,O00535,
M000592,D000592,2026-06-20 14:00:00,ISSUE,SKU016,B0016,L016,3,O00536,
M000593,D000593,2026-06-20 14:00:00,ISSUE,SKU019,B0019,L019,3,O00537,
M000594,D000594,2026-06-20 14:00:00,ISSUE,SKU020,B0020,L020,4,O00538,
M000595,D000595,2026-06-20 14:00:00,ISSUE,SKU027,B0027,L027,2,O00539,
M000596,D000596,2026-06-20 14:00:00,ISSUE,SKU028,B0028,L028,1,O00540,
M000597,D000597,2026-06-20 14:00:00,ISSUE,SKU001,B0031,L001,1,O00541,
M000598,D000598,2026-06-20 14:00:00,ISSUE,SKU003,B0033,L003,4,O00542,
M000599,D000599,2026-06-20 14:00:00,ISSUE,SKU007,B0037,L007,3,O00543,
M000600,D000600,2026-06-20 14:00:00,ISSUE,SKU009,B0039,L009,4,O00544,
M000601,D000601,2026-06-20 14:00:00,ISSUE,SKU011,B0041,L011,6,O00545,
M000602,D000602,2026-06-20 14:00:00,ISSUE,SKU012,B0012,L012,4,O00546,
M000603,D000603,2026-06-20 14:00:00,ISSUE,SKU015,B0045,L015,1,O00547,
M000604,D000604,2026-06-20 14:00:00,ISSUE,SKU016,B0016,L016,1,O00548,
M000605,D000605,2026-06-20 14:00:00,ISSUE,SKU019,B0019,L019,5,O00549,
M000606,D000606,2026-06-20 14:00:00,ISSUE,SKU020,B0020,L020,1,O00550,
M000607,D000607,2026-06-20 14:00:00,ISSUE,SKU020,B0050,L020,3,O00550,
M000608,D000608,2026-06-20 14:00:00,ISSUE,SKU023,B0023,L023,5,O00551,
M000609,D000609,2026-06-20 14:00:00,ISSUE,SKU024,B0024,L024,3,O00552,
M000610,D000610,2026-06-20 14:00:00,ISSUE,SKU004,B0034,L004,3,O00553,
M000611,D000611,2026-06-20 14:00:00,ISSUE,SKU015,B0045,L015,8,O00554,
M000612,D000612,2026-06-20 14:00:00,ISSUE,SKU019,B0019,L019,2,O00555,
M000613,D000613,2026-06-20 14:00:00,ISSUE,SKU025,B0025,L025,3,O00556,
M000614,D000614,2026-06-20 14:00:00,ISSUE,SKU001,B0031,L001,9,O00557,
M000615,D000615,2026-06-20 14:00:00,ISSUE,SKU003,B0033,L003,2,O00558,
M000616,D000616,2026-06-20 14:00:00,ISSUE,SKU004,B0034,L004,3,O00559,
M000617,D000617,2026-06-20 14:00:00,ISSUE,SKU004,B0004,L004,2,O00559,
M000618,D000618,2026-06-20 14:00:00,ISSUE,SKU005,B0035,L005,5,O00560,
M000619,D000619,2026-06-20 14:00:00,ISSUE,SKU006,B0036,L006,2,O00561,
M000620,D000620,2026-06-20 14:00:00,ISSUE,SKU012,B0012,L012,2,O00562,
M000621,D000621,2026-06-20 14:00:00,ISSUE,SKU017,B0017,L017,4,O00563,
M000622,D000622,2026-06-20 14:00:00,ISSUE,SKU019,B0019,L019,9,O00564,
M000623,D000623,2026-06-20 14:00:00,ISSUE,SKU020,B0050,L020,9,O00565,
M000624,D000624,2026-06-20 14:00:00,ISSUE,SKU021,B0021,L021,2,O00566,
M000625,D000625,2026-06-20 14:00:00,ISSUE,SKU003,B0033,L003,5,O00567,
M000626,D000626,2026-06-20 14:00:00,ISSUE,SKU004,B0004,L004,2,O00568,
M000627,D000627,2026-06-20 14:00:00,ISSUE,SKU006,B0036,L006,5,O00569,
M000628,D000628,2026-06-20 14:00:00,ISSUE,SKU019,B0019,L019,1,O00570,
M000629,D000629,2026-06-21 14:00:00,ISSUE,SKU001,B0031,L001,4,O00571,
M000630,D000630,2026-06-21 14:00:00,ISSUE,SKU002,B0032,L002,5,O00572,
M000631,D000631,2026-06-21 14:00:00,ISSUE,SKU003,B0033,L003,3,O00573,
M000632,D000632,2026-06-21 14:00:00,ISSUE,SKU005,B0035,L005,4,O00574,
M000633,D000633,2026-06-21 14:00:00,ISSUE,SKU007,B0037,L007,4,O00575,
M000634,D000634,2026-06-21 14:00:00,ISSUE,SKU014,B0014,L014,1,O00576,
M000635,D000635,2026-06-21 14:00:00,ISSUE,SKU019,B0019,L019,3,O00577,
M000636,D000636,2026-06-21 14:00:00,ISSUE,SKU024,B0024,L024,4,O00578,
M000637,D000637,2026-06-21 14:00:00,ISSUE,SKU025,B0025,L025,1,O00579,
M000638,D000638,2026-06-21 14:00:00,ISSUE,SKU026,B0026,L026,4,O00580,
M000639,D000639,2026-06-21 14:00:00,ISSUE,SKU001,B0031,L001,4,O00581,
M000640,D000640,2026-06-21 14:00:00,ISSUE,SKU003,B0033,L003,2,O00582,
M000641,D000641,2026-06-21 14:00:00,ISSUE,SKU005,B0035,L005,1,O00583,
M000642,D000642,2026-06-21 14:00:00,ISSUE,SKU009,B0039,L009,6,O00584,
M000643,D000643,2026-06-21 14:00:00,ISSUE,SKU013,B0043,L013,4,O00585,
M000644,D000644,2026-06-21 14:00:00,ISSUE,SKU018,B0048,L018,5,O00586,
M000645,D000645,2026-06-21 14:00:00,ISSUE,SKU020,B0050,L020,5,O00587,
M000646,D000646,2026-06-21 14:00:00,ISSUE,SKU021,B0021,L021,4,O00588,
M000647,D000647,2026-06-21 14:00:00,ISSUE,SKU022,B0022,L022,5,O00589,
M000648,D000648,2026-06-21 14:00:00,ISSUE,SKU023,B0023,L023,5,O00590,
M000649,D000649,2026-06-21 14:00:00,ISSUE,SKU001,B0031,L001,2,O00591,
M000650,D000650,2026-06-21 14:00:00,ISSUE,SKU002,B0032,L002,8,O00592,
M000651,D000651,2026-06-21 14:00:00,ISSUE,SKU005,B0035,L005,8,O00594,
M000652,D000652,2026-06-21 14:00:00,ISSUE,SKU006,B0036,L006,6,O00595,
M000653,D000653,2026-06-21 14:00:00,ISSUE,SKU011,B0041,L011,8,O00596,
M000654,D000654,2026-06-21 14:00:00,ISSUE,SKU013,B0043,L013,3,O00597,
M000655,D000655,2026-06-21 14:00:00,ISSUE,SKU018,B0048,L018,6,O00598,
M000656,D000656,2026-06-21 14:00:00,ISSUE,SKU019,B0019,L019,5,O00599,
M000657,D000657,2026-06-21 14:00:00,ISSUE,SKU021,B0021,L021,6,O00600,
M000658,D000658,2026-06-21 14:00:00,ISSUE,SKU022,B0022,L022,8,O00601,
M000659,D000659,2026-06-21 14:00:00,ISSUE,SKU024,B0024,L024,6,O00602,
M000660,D000660,2026-06-21 14:00:00,ISSUE,SKU025,B0025,L025,6,O00603,
M000661,D000661,2026-06-21 14:00:00,ISSUE,SKU025,B0055,L025,2,O00603,
M000662,D000662,2026-06-21 14:00:00,ISSUE,SKU027,B0027,L027,3,O00604,
M000663,D000663,2026-06-21 14:00:00,ISSUE,SKU001,B0031,L001,4,O00605,
M000664,D000664,2026-06-21 14:00:00,ISSUE,SKU005,B0035,L005,4,O00607,
M000665,D000665,2026-06-21 14:00:00,ISSUE,SKU007,B0037,L007,4,O00608,
M000666,D000666,2026-06-21 14:00:00,ISSUE,SKU016,B0016,L016,3,O00609,
M000667,D000667,2026-06-21 14:00:00,ISSUE,SKU016,B0046,L016,1,O00609,
M000668,D000668,2026-06-21 14:00:00,ISSUE,SKU017,B0017,L017,2,O00610,
M000669,D000669,2026-06-21 14:00:00,ISSUE,SKU024,B0024,L024,4,O00611,
M000670,D000670,2026-06-21 14:00:00,ISSUE,SKU001,B0031,L001,1,O00612,
M000671,D000671,2026-06-21 14:00:00,ISSUE,SKU002,B0032,L002,6,O00613,
M000672,D000672,2026-06-21 14:00:00,ISSUE,SKU008,B0008,L008,5,O00615,
M000673,D000673,2026-06-21 14:00:00,ISSUE,SKU014,B0014,L014,5,O00616,
M000674,D000674,2026-06-21 14:00:00,ISSUE,SKU017,B0017,L017,4,O00617,
M000675,D000675,2026-06-21 14:00:00,ISSUE,SKU020,B0050,L020,1,O00618,
M000676,D000676,2026-06-21 14:00:00,ISSUE,SKU022,B0022,L022,2,O00619,
M000677,D000677,2026-06-21 14:00:00,ISSUE,SKU022,B0052,L022,3,O00619,
M000678,D000678,2026-06-21 14:00:00,ISSUE,SKU024,B0024,L024,5,O00620,
M000679,D000679,2026-06-22 14:00:00,ISSUE,SKU006,B0036,L006,2,O00623,
M000680,D000680,2026-06-22 14:00:00,ISSUE,SKU014,B0014,L014,1,O00624,
M000681,D000681,2026-06-22 14:00:00,ISSUE,SKU016,B0046,L016,2,O00625,
M000682,D000682,2026-06-22 14:00:00,ISSUE,SKU024,B0024,L024,2,O00626,
M000683,D000683,2026-06-22 14:00:00,ISSUE,SKU025,B0055,L025,2,O00627,
M000684,D000684,2026-06-22 14:00:00,ISSUE,SKU002,B0032,L002,1,O00628,
M000685,D000685,2026-06-22 14:00:00,ISSUE,SKU006,B0036,L006,4,O00629,
M000686,D000686,2026-06-22 14:00:00,ISSUE,SKU014,B0014,L014,4,O00630,
M000687,D000687,2026-06-22 14:00:00,ISSUE,SKU020,B0050,L020,5,O00631,
M000688,D000688,2026-06-22 14:00:00,ISSUE,SKU025,B0055,L025,2,O00632,
M000689,D000689,2026-06-22 14:00:00,ISSUE,SKU026,B0026,L026,2,O00633,
M000690,D000690,2026-06-22 14:00:00,ISSUE,SKU002,B0032,L002,2,O00634,
M000691,D000691,2026-06-22 14:00:00,ISSUE,SKU005,B0035,L005,6,O00636,
M000692,D000692,2026-06-22 14:00:00,ISSUE,SKU006,B0036,L006,5,O00637,
M000693,D000693,2026-06-22 14:00:00,ISSUE,SKU009,B0039,L009,4,O00638,
M000694,D000694,2026-06-22 14:00:00,ISSUE,SKU012,B0012,L012,6,O00639,
M000695,D000695,2026-06-22 14:00:00,ISSUE,SKU015,B0045,L015,2,O00640,
M000696,D000696,2026-06-22 14:00:00,ISSUE,SKU022,B0052,L022,6,O00641,
M000697,D000697,2026-06-22 14:00:00,ISSUE,SKU023,B0023,L023,6,O00642,
M000698,D000698,2026-06-22 14:00:00,ISSUE,SKU025,B0055,L025,1,O00643,
M000699,D000699,2026-06-22 14:00:00,ISSUE,SKU002,B0032,L002,7,O00644,
M000700,D000700,2026-06-22 14:00:00,ISSUE,SKU005,B0035,L005,3,O00646,
M000701,D000701,2026-06-22 14:00:00,ISSUE,SKU006,B0036,L006,3,O00647,
M000702,D000702,2026-06-22 14:00:00,ISSUE,SKU007,B0037,L007,4,O00648,
M000703,D000703,2026-06-22 14:00:00,ISSUE,SKU012,B0012,L012,3,O00649,
M000704,D000704,2026-06-22 14:00:00,ISSUE,SKU023,B0023,L023,6,O00650,
M000705,D000705,2026-06-22 14:00:00,ISSUE,SKU005,B0035,L005,4,O00653,
M000706,D000706,2026-06-22 14:00:00,ISSUE,SKU006,B0036,L006,1,O00654,
M000707,D000707,2026-06-22 14:00:00,ISSUE,SKU008,B0008,L008,4,O00655,
M000708,D000708,2026-06-22 14:00:00,ISSUE,SKU011,B0041,L011,3,O00656,
M000709,D000709,2026-06-22 14:00:00,ISSUE,SKU012,B0012,L012,1,O00657,
M000710,D000710,2026-06-22 14:00:00,ISSUE,SKU019,B0019,L019,3,O00658,
M000711,D000711,2026-06-22 14:00:00,ISSUE,SKU021,B0021,L021,3,O00659,
M000712,D000712,2026-06-22 14:00:00,ISSUE,SKU027,B0027,L027,1,O00660,
M000713,D000713,2026-06-22 14:00:00,ISSUE,SKU028,B0028,L028,4,O00661,
M000714,D000714,2026-06-23 08:00:00,RECEIPT,SKU001,B0059,L001,96,,R0029
M000715,D000715,2026-06-23 08:00:00,RECEIPT,SKU002,B0060,L002,83,,R0030
M000716,D000716,2026-06-23 08:00:00,RECEIPT,SKU003,B0061,L003,85,,R0031
M000717,D000717,2026-06-23 08:00:00,RECEIPT,SKU004,B0062,L004,99,,R0032
M000718,D000718,2026-06-23 08:00:00,RECEIPT,SKU005,B0063,L005,71,,R0033
M000719,D000719,2026-06-23 08:00:00,RECEIPT,SKU006,B0064,L006,71,,R0034
M000720,D000720,2026-06-23 08:00:00,RECEIPT,SKU009,B0065,L009,71,,R0035
M000721,D000721,2026-06-23 08:00:00,RECEIPT,SKU011,B0066,L011,98,,R0036
M000722,D000722,2026-06-23 08:00:00,RECEIPT,SKU012,B0067,L012,80,,R0037
M000723,D000723,2026-06-23 08:00:00,RECEIPT,SKU014,B0068,L014,69,,R0038
M000724,D000724,2026-06-23 08:00:00,RECEIPT,SKU015,B0069,L015,75,,R0039
M000725,D000725,2026-06-23 08:00:00,RECEIPT,SKU016,B0070,L016,89,,R0040
M000726,D000726,2026-06-23 08:00:00,RECEIPT,SKU019,B0071,L019,69,,R0041
M000727,D000727,2026-06-23 08:00:00,RECEIPT,SKU020,B0072,L020,76,,R0042
M000728,D000728,2026-06-23 08:00:00,RECEIPT,SKU021,B0073,L021,64,,R0043
M000729,D000729,2026-06-23 08:00:00,RECEIPT,SKU022,B0074,L022,72,,R0044
M000730,D000730,2026-06-23 08:00:00,RECEIPT,SKU023,B0075,L023,84,,R0045
M000731,D000731,2026-06-23 08:00:00,RECEIPT,SKU024,B0076,L024,77,,R0046
M000732,D000732,2026-06-23 08:00:00,RECEIPT,SKU025,B0077,L025,67,,R0047
M000733,D000733,2026-06-23 08:00:00,RECEIPT,SKU027,B0078,L027,67,,R0048
M000734,D000734,2026-06-23 08:00:00,RECEIPT,SKU028,B0079,L028,91,,R0049
M000735,D000735,2026-06-23 14:00:00,ISSUE,SKU002,B0032,L002,3,O00662,
M000736,D000736,2026-06-23 14:00:00,ISSUE,SKU004,B0062,L004,2,O00663,
M000737,D000737,2026-06-23 14:00:00,ISSUE,SKU006,B0064,L006,3,O00664,
M000738,D000738,2026-06-23 14:00:00,ISSUE,SKU007,B0037,L007,1,O00665,
M000739,D000739,2026-06-23 14:00:00,ISSUE,SKU008,B0008,L008,2,O00666,
M000740,D000740,2026-06-23 14:00:00,ISSUE,SKU011,B0041,L011,4,O00667,
M000741,D000741,2026-06-23 14:00:00,ISSUE,SKU014,B0014,L014,4,O00668,
M000742,D000742,2026-06-23 14:00:00,ISSUE,SKU016,B0046,L016,2,O00669,
M000743,D000743,2026-06-23 14:00:00,ISSUE,SKU018,B0048,L018,4,O00670,
M000744,D000744,2026-06-23 14:00:00,ISSUE,SKU023,B0023,L023,2,O00671,
M000745,D000745,2026-06-23 14:00:00,ISSUE,SKU025,B0055,L025,2,O00672,
M000746,D000746,2026-06-23 14:00:00,ISSUE,SKU001,B0031,L001,5,O00673,
M000747,D000747,2026-06-23 14:00:00,ISSUE,SKU002,B0032,L002,2,O00674,
M000748,D000748,2026-06-23 14:00:00,ISSUE,SKU003,B0061,L003,1,O00675,
M000749,D000749,2026-06-23 14:00:00,ISSUE,SKU004,B0062,L004,1,O00676,
M000750,D000750,2026-06-23 14:00:00,ISSUE,SKU005,B0063,L005,5,O00677,
M000751,D000751,2026-06-23 14:00:00,ISSUE,SKU009,B0065,L009,4,O00678,
M000752,D000752,2026-06-23 14:00:00,ISSUE,SKU011,B0041,L011,3,O00679,
M000753,D000753,2026-06-23 14:00:00,ISSUE,SKU021,B0021,L021,5,O00680,
M000754,D000754,2026-06-23 14:00:00,ISSUE,SKU024,B0024,L024,5,O00681,
M000755,D000755,2026-06-23 14:00:00,ISSUE,SKU001,B0031,L001,2,O00682,
M000756,D000756,2026-06-23 14:00:00,ISSUE,SKU001,B0001,L001,4,O00682,
M000757,D000757,2026-06-23 14:00:00,ISSUE,SKU002,B0032,L002,2,O00683,
M000758,D000758,2026-06-23 14:00:00,ISSUE,SKU003,B0061,L003,5,O00684,
M000759,D000759,2026-06-23 14:00:00,ISSUE,SKU005,B0063,L005,6,O00685,
M000760,D000760,2026-06-23 14:00:00,ISSUE,SKU011,B0041,L011,5,O00686,
M000761,D000761,2026-06-23 14:00:00,ISSUE,SKU015,B0045,L015,2,O00687,
M000762,D000762,2026-06-23 14:00:00,ISSUE,SKU019,B0019,L019,3,O00688,
M000763,D000763,2026-06-23 14:00:00,ISSUE,SKU019,B0071,L019,1,O00688,
M000764,D000764,2026-06-23 14:00:00,ISSUE,SKU025,B0055,L025,6,O00689,
M000765,D000765,2026-06-23 14:00:00,ISSUE,SKU028,B0028,L028,6,O00690,
M000766,D000766,2026-06-23 14:00:00,ISSUE,SKU002,B0032,L002,1,O00691,
M000767,D000767,2026-06-23 14:00:00,ISSUE,SKU005,B0063,L005,3,O00692,
M000768,D000768,2026-06-23 14:00:00,ISSUE,SKU006,B0064,L006,1,O00693,
M000769,D000769,2026-06-23 14:00:00,ISSUE,SKU009,B0065,L009,7,O00694,
M000770,D000770,2026-06-23 14:00:00,ISSUE,SKU011,B0041,L011,6,O00695,
M000771,D000771,2026-06-23 14:00:00,ISSUE,SKU012,B0067,L012,4,O00696,
M000772,D000772,2026-06-23 14:00:00,ISSUE,SKU022,B0052,L022,4,O00697,
M000773,D000773,2026-06-23 14:00:00,ISSUE,SKU026,B0026,L026,4,O00698,
M000774,D000774,2026-06-23 14:00:00,ISSUE,SKU028,B0028,L028,4,O00699,
M000775,D000775,2026-06-23 14:00:00,ISSUE,SKU001,B0001,L001,2,O00700,
M000776,D000776,2026-06-23 14:00:00,ISSUE,SKU002,B0032,L002,3,O00701,
M000777,D000777,2026-06-23 14:00:00,ISSUE,SKU005,B0063,L005,1,O00702,
M000778,D000778,2026-06-23 14:00:00,ISSUE,SKU008,B0008,L008,2,O00703,
M000779,D000779,2026-06-23 14:00:00,ISSUE,SKU015,B0045,L015,2,O00704,
M000780,D000780,2026-06-23 14:00:00,ISSUE,SKU020,B0050,L020,4,O00705,
M000781,D000781,2026-06-23 14:00:00,ISSUE,SKU024,B0024,L024,1,O00706,
M000782,D000782,2026-06-23 14:00:00,ISSUE,SKU028,B0028,L028,2,O00707,
M000783,D000783,2026-06-24 14:00:00,ISSUE,SKU003,B0061,L003,2,O00708,
M000784,D000784,2026-06-24 14:00:00,ISSUE,SKU004,B0062,L004,2,O00709,
M000785,D000785,2026-06-24 14:00:00,ISSUE,SKU005,B0063,L005,2,O00710,
M000786,D000786,2026-06-24 14:00:00,ISSUE,SKU006,B0064,L006,1,O00711,
M000787,D000787,2026-06-24 14:00:00,ISSUE,SKU007,B0037,L007,2,O00712,
M000788,D000788,2026-06-24 14:00:00,ISSUE,SKU012,B0067,L012,1,O00713,
M000789,D000789,2026-06-24 14:00:00,ISSUE,SKU018,B0048,L018,2,O00714,
M000790,D000790,2026-06-24 14:00:00,ISSUE,SKU021,B0021,L021,3,O00715,
M000791,D000791,2026-06-24 14:00:00,ISSUE,SKU022,B0052,L022,3,O00716,
M000792,D000792,2026-06-24 14:00:00,ISSUE,SKU025,B0055,L025,3,O00717,
M000793,D000793,2026-06-24 14:00:00,ISSUE,SKU002,B0032,L002,4,O00718,
M000794,D000794,2026-06-24 14:00:00,ISSUE,SKU004,B0062,L004,4,O00719,
M000795,D000795,2026-06-24 14:00:00,ISSUE,SKU006,B0064,L006,3,O00720,
M000796,D000796,2026-06-24 14:00:00,ISSUE,SKU016,B0046,L016,5,O00721,
M000797,D000797,2026-06-24 14:00:00,ISSUE,SKU017,B0017,L017,5,O00722,
M000798,D000798,2026-06-24 14:00:00,ISSUE,SKU018,B0048,L018,2,O00723,
M000799,D000799,2026-06-24 14:00:00,ISSUE,SKU002,B0032,L002,6,O00724,
M000800,D000800,2026-06-24 14:00:00,ISSUE,SKU003,B0061,L003,1,O00725,
M000801,D000801,2026-06-24 14:00:00,ISSUE,SKU005,B0063,L005,1,O00726,
M000802,D000802,2026-06-24 14:00:00,ISSUE,SKU006,B0064,L006,5,O00727,
M000803,D000803,2026-06-24 14:00:00,ISSUE,SKU008,B0008,L008,1,O00728,
M000804,D000804,2026-06-24 14:00:00,ISSUE,SKU011,B0041,L011,2,O00729,
M000805,D000805,2026-06-24 14:00:00,ISSUE,SKU016,B0046,L016,1,O00730,
M000806,D000806,2026-06-24 14:00:00,ISSUE,SKU019,B0071,L019,2,O00731,
M000807,D000807,2026-06-24 14:00:00,ISSUE,SKU020,B0050,L020,4,O00732,
M000808,D000808,2026-06-24 14:00:00,ISSUE,SKU024,B0024,L024,6,O00733,
M000809,D000809,2026-06-24 14:00:00,ISSUE,SKU027,B0027,L027,1,O00734,
M000810,D000810,2026-06-24 14:00:00,ISSUE,SKU001,B0001,L001,2,O00735,
M000811,D000811,2026-06-24 14:00:00,ISSUE,SKU001,B0059,L001,5,O00735,
M000812,D000812,2026-06-24 14:00:00,ISSUE,SKU002,B0032,L002,7,O00736,
M000813,D000813,2026-06-24 14:00:00,ISSUE,SKU003,B0061,L003,4,O00737,
M000814,D000814,2026-06-24 14:00:00,ISSUE,SKU005,B0063,L005,7,O00738,
M000815,D000815,2026-06-24 14:00:00,ISSUE,SKU006,B0064,L006,3,O00739,
M000816,D000816,2026-06-24 14:00:00,ISSUE,SKU007,B0037,L007,4,O00740,
M000817,D000817,2026-06-24 14:00:00,ISSUE,SKU009,B0065,L009,3,O00741,
M000818,D000818,2026-06-24 14:00:00,ISSUE,SKU011,B0041,L011,3,O00742,
M000819,D000819,2026-06-24 14:00:00,ISSUE,SKU013,B0043,L013,3,O00743,
M000820,D000820,2026-06-24 14:00:00,ISSUE,SKU014,B0014,L014,1,O00744,
M000821,D000821,2026-06-24 14:00:00,ISSUE,SKU021,B0021,L021,1,O00745,
M000822,D000822,2026-06-24 14:00:00,ISSUE,SKU021,B0051,L021,5,O00745,
M000823,D000823,2026-06-24 14:00:00,ISSUE,SKU028,B0028,L028,4,O00746,
M000824,D000824,2026-06-24 14:00:00,ISSUE,SKU001,B0059,L001,1,O00747,
M000825,D000825,2026-06-24 14:00:00,ISSUE,SKU003,B0061,L003,4,O00748,
M000826,D000826,2026-06-24 14:00:00,ISSUE,SKU004,B0062,L004,2,O00749,
M000827,D000827,2026-06-24 14:00:00,ISSUE,SKU006,B0064,L006,4,O00750,
M000828,D000828,2026-06-24 14:00:00,ISSUE,SKU015,B0045,L015,1,O00751,
M000829,D000829,2026-06-24 14:00:00,ISSUE,SKU017,B0017,L017,3,O00752,
M000830,D000830,2026-06-24 14:00:00,ISSUE,SKU018,B0048,L018,2,O00753,
M000831,D000831,2026-06-24 14:00:00,ISSUE,SKU021,B0051,L021,4,O00754,
M000832,D000832,2026-06-24 14:00:00,ISSUE,SKU022,B0052,L022,4,O00755,
M000833,D000833,2026-06-24 14:00:00,ISSUE,SKU026,B0026,L026,4,O00756,
M000834,D000834,2026-06-25 14:00:00,ISSUE,SKU002,B0032,L002,1,O00757,
M000835,D000835,2026-06-25 14:00:00,ISSUE,SKU003,B0061,L003,1,O00758,
M000836,D000836,2026-06-25 14:00:00,ISSUE,SKU004,B0062,L004,2,O00759,
M000837,D000837,2026-06-25 14:00:00,ISSUE,SKU005,B0063,L005,2,O00760,
M000838,D000838,2026-06-25 14:00:00,ISSUE,SKU006,B0064,L006,2,O00761,
M000839,D000839,2026-06-25 14:00:00,ISSUE,SKU011,B0041,L011,4,O00762,
M000840,D000840,2026-06-25 14:00:00,ISSUE,SKU014,B0014,L014,4,O00763,
M000841,D000841,2026-06-25 14:00:00,ISSUE,SKU015,B0045,L015,2,O00764,
M000842,D000842,2026-06-25 14:00:00,ISSUE,SKU016,B0046,L016,2,O00765,
M000843,D000843,2026-06-25 14:00:00,ISSUE,SKU018,B0048,L018,1,O00766,
M000844,D000844,2026-06-25 14:00:00,ISSUE,SKU020,B0050,L020,2,O00767,
M000845,D000845,2026-06-25 14:00:00,ISSUE,SKU022,B0052,L022,3,O00768,
M000846,D000846,2026-06-25 14:00:00,ISSUE,SKU024,B0024,L024,3,O00769,
M000847,D000847,2026-06-25 14:00:00,ISSUE,SKU024,B0054,L024,1,O00769,
M000848,D000848,2026-06-25 14:00:00,ISSUE,SKU027,B0027,L027,2,O00770,
M000849,D000849,2026-06-25 14:00:00,ISSUE,SKU001,B0059,L001,3,O00771,
M000850,D000850,2026-06-25 14:00:00,ISSUE,SKU004,B0062,L004,5,O00772,
M000851,D000851,2026-06-25 14:00:00,ISSUE,SKU013,B0043,L013,2,O00773,
M000852,D000852,2026-06-25 14:00:00,ISSUE,SKU014,B0014,L014,3,O00774,
M000853,D000853,2026-06-25 14:00:00,ISSUE,SKU015,B0045,L015,5,O00775,
M000854,D000854,2026-06-25 14:00:00,ISSUE,SKU017,B0017,L017,3,O00776,
M000855,D000855,2026-06-25 14:00:00,ISSUE,SKU020,B0050,L020,3,O00777,
M000856,D000856,2026-06-25 14:00:00,ISSUE,SKU021,B0051,L021,3,O00778,
M000857,D000857,2026-06-25 14:00:00,ISSUE,SKU001,B0059,L001,4,O00779,
M000858,D000858,2026-06-25 14:00:00,ISSUE,SKU002,B0032,L002,6,O00780,
M000859,D000859,2026-06-25 14:00:00,ISSUE,SKU014,B0014,L014,4,O00781,
M000860,D000860,2026-06-25 14:00:00,ISSUE,SKU016,B0046,L016,6,O00782,
M000861,D000861,2026-06-25 14:00:00,ISSUE,SKU019,B0071,L019,2,O00783,
M000862,D000862,2026-06-25 14:00:00,ISSUE,SKU024,B0054,L024,5,O00784,
M000863,D000863,2026-06-25 14:00:00,ISSUE,SKU025,B0055,L025,6,O00785,
M000864,D000864,2026-06-25 14:00:00,ISSUE,SKU002,B0032,L002,5,O00786,
M000865,D000865,2026-06-25 14:00:00,ISSUE,SKU002,B0060,L002,2,O00786,
M000866,D000866,2026-06-25 14:00:00,ISSUE,SKU005,B0063,L005,1,O00787,
M000867,D000867,2026-06-25 14:00:00,ISSUE,SKU013,B0043,L013,4,O00788,
M000868,D000868,2026-06-25 14:00:00,ISSUE,SKU017,B0017,L017,6,O00789,
M000869,D000869,2026-06-25 14:00:00,ISSUE,SKU027,B0027,L027,6,O00790,
M000870,D000870,2026-06-25 14:00:00,ISSUE,SKU002,B0060,L002,2,O00791,
M000871,D000871,2026-06-25 14:00:00,ISSUE,SKU003,B0061,L003,4,O00792,
M000872,D000872,2026-06-25 14:00:00,ISSUE,SKU004,B0062,L004,2,O00793,
M000873,D000873,2026-06-25 14:00:00,ISSUE,SKU005,B0063,L005,3,O00794,
M000874,D000874,2026-06-25 14:00:00,ISSUE,SKU008,B0008,L008,4,O00795,
M000875,D000875,2026-06-25 14:00:00,ISSUE,SKU009,B0065,L009,2,O00796,
M000876,D000876,2026-06-25 14:00:00,ISSUE,SKU011,B0041,L011,1,O00797,
M000877,D000877,2026-06-25 14:00:00,ISSUE,SKU019,B0071,L019,3,O00798,
M000878,D000878,2026-06-25 14:00:00,ISSUE,SKU020,B0050,L020,4,O00799,
M000879,D000879,2026-06-25 14:00:00,ISSUE,SKU027,B0027,L027,4,O00800,
M000880,D000880,2026-06-25 14:00:00,ISSUE,SKU028,B0028,L028,3,O00801,
M000881,D000881,2026-06-26 14:00:00,ISSUE,SKU004,B0062,L004,2,O00802,
M000882,D000882,2026-06-26 14:00:00,ISSUE,SKU005,B0063,L005,3,O00803,
M000883,D000883,2026-06-26 14:00:00,ISSUE,SKU006,B0064,L006,2,O00804,
M000884,D000884,2026-06-26 14:00:00,ISSUE,SKU012,B0067,L012,4,O00805,
M000885,D000885,2026-06-26 14:00:00,ISSUE,SKU017,B0017,L017,2,O00806,
M000886,D000886,2026-06-26 14:00:00,ISSUE,SKU019,B0071,L019,3,O00807,
M000887,D000887,2026-06-26 14:00:00,ISSUE,SKU001,B0059,L001,5,O00808,
M000888,D000888,2026-06-26 14:00:00,ISSUE,SKU002,B0060,L002,5,O00809,
M000889,D000889,2026-06-26 14:00:00,ISSUE,SKU003,B0061,L003,1,O00810,
M000890,D000890,2026-06-26 14:00:00,ISSUE,SKU011,B0041,L011,3,O00811,
M000891,D000891,2026-06-26 14:00:00,ISSUE,SKU013,B0043,L013,2,O00812,
M000892,D000892,2026-06-26 14:00:00,ISSUE,SKU014,B0014,L014,1,O00813,
M000893,D000893,2026-06-26 14:00:00,ISSUE,SKU015,B0045,L015,3,O00814,
M000894,D000894,2026-06-26 14:00:00,ISSUE,SKU016,B0046,L016,1,O00815,
M000895,D000895,2026-06-26 14:00:00,ISSUE,SKU018,B0048,L018,5,O00816,
M000896,D000896,2026-06-26 14:00:00,ISSUE,SKU024,B0054,L024,1,O00817,
M000897,D000897,2026-06-26 14:00:00,ISSUE,SKU028,B0028,L028,1,O00818,
M000898,D000898,2026-06-26 14:00:00,ISSUE,SKU001,B0059,L001,6,O00819,
M000899,D000899,2026-06-26 14:00:00,ISSUE,SKU002,B0060,L002,2,O00820,
M000900,D000900,2026-06-26 14:00:00,ISSUE,SKU003,B0061,L003,4,O00821,
M000901,D000901,2026-06-26 14:00:00,ISSUE,SKU004,B0062,L004,4,O00822,
M000902,D000902,2026-06-26 14:00:00,ISSUE,SKU005,B0063,L005,6,O00823,
M000903,D000903,2026-06-26 14:00:00,ISSUE,SKU008,B0008,L008,1,O00824,
M000904,D000904,2026-06-26 14:00:00,ISSUE,SKU012,B0067,L012,5,O00825,
M000905,D000905,2026-06-26 14:00:00,ISSUE,SKU017,B0017,L017,5,O00826,
M000906,D000906,2026-06-26 14:00:00,ISSUE,SKU020,B0050,L020,1,O00827,
M000907,D000907,2026-06-26 14:00:00,ISSUE,SKU025,B0055,L025,4,O00828,
M000908,D000908,2026-06-26 14:00:00,ISSUE,SKU027,B0027,L027,1,O00829,
M000909,D000909,2026-06-26 14:00:00,ISSUE,SKU003,B0061,L003,7,O00830,
M000910,D000910,2026-06-26 14:00:00,ISSUE,SKU004,B0062,L004,7,O00831,
M000911,D000911,2026-06-26 14:00:00,ISSUE,SKU008,B0008,L008,7,O00832,
M000912,D000912,2026-06-26 14:00:00,ISSUE,SKU013,B0043,L013,4,O00833,
M000913,D000913,2026-06-26 14:00:00,ISSUE,SKU018,B0048,L018,1,O00834,
M000914,D000914,2026-06-26 14:00:00,ISSUE,SKU027,B0027,L027,4,O00835,
M000915,D000915,2026-06-26 14:00:00,ISSUE,SKU027,B0057,L027,3,O00835,
M000916,D000916,2026-06-26 14:00:00,ISSUE,SKU003,B0061,L003,1,O00836,
M000917,D000917,2026-06-26 14:00:00,ISSUE,SKU004,B0062,L004,4,O00837,
M000918,D000918,2026-06-26 14:00:00,ISSUE,SKU006,B0064,L006,3,O00838,
M000919,D000919,2026-06-26 14:00:00,ISSUE,SKU014,B0014,L014,4,O00839,
M000920,D000920,2026-06-26 14:00:00,ISSUE,SKU026,B0026,L026,3,O00840,
M000921,D000921,2026-06-26 14:00:00,ISSUE,SKU028,B0028,L028,4,O00841,
M000922,D000922,2026-06-27 14:00:00,ISSUE,SKU001,B0059,L001,5,O00842,
M000923,D000923,2026-06-27 14:00:00,ISSUE,SKU002,B0060,L002,1,O00843,
M000924,D000924,2026-06-27 14:00:00,ISSUE,SKU003,B0061,L003,4,O00844,
M000925,D000925,2026-06-27 14:00:00,ISSUE,SKU005,B0063,L005,1,O00845,
M000926,D000926,2026-06-27 14:00:00,ISSUE,SKU006,B0064,L006,1,O00846,
M000927,D000927,2026-06-27 14:00:00,ISSUE,SKU008,B0008,L008,5,O00847,
M000928,D000928,2026-06-27 14:00:00,ISSUE,SKU012,B0067,L012,2,O00848,
M000929,D000929,2026-06-27 14:00:00,ISSUE,SKU014,B0014,L014,2,O00849,
M000930,D000930,2026-06-27 14:00:00,ISSUE,SKU014,B0044,L014,2,O00849,
M000931,D000931,2026-06-27 14:00:00,ISSUE,SKU016,B0046,L016,2,O00850,
M000932,D000932,2026-06-27 14:00:00,ISSUE,SKU018,B0048,L018,4,O00851,
M000933,D000933,2026-06-27 14:00:00,ISSUE,SKU023,B0023,L023,1,O00852,
M000934,D000934,2026-06-27 14:00:00,ISSUE,SKU024,B0054,L024,4,O00853,
M000935,D000935,2026-06-27 14:00:00,ISSUE,SKU025,B0055,L025,4,O00854,
M000936,D000936,2026-06-27 14:00:00,ISSUE,SKU027,B0057,L027,1,O00855,
M000937,D000937,2026-06-27 14:00:00,ISSUE,SKU001,B0059,L001,5,O00856,
M000938,D000938,2026-06-27 14:00:00,ISSUE,SKU002,B0060,L002,3,O00857,
M000939,D000939,2026-06-27 14:00:00,ISSUE,SKU003,B0061,L003,3,O00858,
M000940,D000940,2026-06-27 14:00:00,ISSUE,SKU004,B0062,L004,6,O00859,
M000941,D000941,2026-06-27 14:00:00,ISSUE,SKU005,B0063,L005,5,O00860,
M000942,D000942,2026-06-27 14:00:00,ISSUE,SKU006,B0064,L006,1,O00861,
M000943,D000943,2026-06-27 14:00:00,ISSUE,SKU011,B0041,L011,4,O00862,
M000944,D000944,2026-06-27 14:00:00,ISSUE,SKU016,B0046,L016,1,O00863,
M000945,D000945,2026-06-27 14:00:00,ISSUE,SKU023,B0023,L023,3,O00864,
M000946,D000946,2026-06-27 14:00:00,ISSUE,SKU025,B0055,L025,5,O00865,
M000947,D000947,2026-06-27 14:00:00,ISSUE,SKU001,B0059,L001,3,O00866,
M000948,D000948,2026-06-27 14:00:00,ISSUE,SKU002,B0060,L002,5,O00867,
M000949,D000949,2026-06-27 14:00:00,ISSUE,SKU003,B0061,L003,8,O00868,
M000950,D000950,2026-06-27 14:00:00,ISSUE,SKU006,B0064,L006,6,O00869,
M000951,D000951,2026-06-27 14:00:00,ISSUE,SKU011,B0041,L011,2,O00870,
M000952,D000952,2026-06-27 14:00:00,ISSUE,SKU013,B0043,L013,2,O00871,
M000953,D000953,2026-06-27 14:00:00,ISSUE,SKU016,B0046,L016,5,O00872,
M000954,D000954,2026-06-27 14:00:00,ISSUE,SKU017,B0017,L017,2,O00873,
M000955,D000955,2026-06-27 14:00:00,ISSUE,SKU017,B0047,L017,4,O00873,
M000956,D000956,2026-06-27 14:00:00,ISSUE,SKU018,B0048,L018,3,O00874,
M000957,D000957,2026-06-27 14:00:00,ISSUE,SKU019,B0071,L019,6,O00875,
M000958,D000958,2026-06-27 14:00:00,ISSUE,SKU021,B0051,L021,5,O00876,
M000959,D000959,2026-06-27 14:00:00,ISSUE,SKU024,B0054,L024,8,O00877,
M000960,D000960,2026-06-27 14:00:00,ISSUE,SKU027,B0057,L027,6,O00878,
M000961,D000961,2026-06-27 14:00:00,ISSUE,SKU001,B0059,L001,7,O00879,
M000962,D000962,2026-06-27 14:00:00,ISSUE,SKU002,B0060,L002,5,O00880,
M000963,D000963,2026-06-27 14:00:00,ISSUE,SKU003,B0061,L003,7,O00881,
M000964,D000964,2026-06-27 14:00:00,ISSUE,SKU004,B0062,L004,9,O00882,
M000965,D000965,2026-06-27 14:00:00,ISSUE,SKU006,B0064,L006,9,O00883,
M000966,D000966,2026-06-27 14:00:00,ISSUE,SKU011,B0041,L011,4,O00884,
M000967,D000967,2026-06-27 14:00:00,ISSUE,SKU013,B0043,L013,4,O00885,
M000968,D000968,2026-06-27 14:00:00,ISSUE,SKU014,B0044,L014,2,O00886,
M000969,D000969,2026-06-27 14:00:00,ISSUE,SKU015,B0045,L015,5,O00887,
M000970,D000970,2026-06-27 14:00:00,ISSUE,SKU016,B0046,L016,7,O00888,
M000971,D000971,2026-06-27 14:00:00,ISSUE,SKU017,B0047,L017,7,O00889,
M000972,D000972,2026-06-27 14:00:00,ISSUE,SKU018,B0048,L018,2,O00890,
M000973,D000973,2026-06-27 14:00:00,ISSUE,SKU020,B0050,L020,2,O00891,
M000974,D000974,2026-06-27 14:00:00,ISSUE,SKU021,B0051,L021,2,O00892,
M000975,D000975,2026-06-27 14:00:00,ISSUE,SKU022,B0052,L022,7,O00893,
M000976,D000976,2026-06-27 14:00:00,ISSUE,SKU028,B0028,L028,4,O00894,
M000977,D000977,2026-06-27 14:00:00,ISSUE,SKU004,B0062,L004,4,O00895,
M000978,D000978,2026-06-27 14:00:00,ISSUE,SKU011,B0011,L011,4,O00896,
M000979,D000979,2026-06-27 14:00:00,ISSUE,SKU012,B0067,L012,5,O00897,
M000980,D000980,2026-06-27 14:00:00,ISSUE,SKU016,B0046,L016,1,O00898,
M000981,D000981,2026-06-27 14:00:00,ISSUE,SKU018,B0048,L018,2,O00899,
M000982,D000982,2026-06-27 14:00:00,ISSUE,SKU020,B0050,L020,6,O00900,
M000983,D000983,2026-06-27 14:00:00,ISSUE,SKU024,B0054,L024,2,O00901,
M000984,D000984,2026-06-27 14:00:00,ISSUE,SKU027,B0057,L027,2,O00902,
M000985,D000985,2026-06-28 14:00:00,ISSUE,SKU002,B0060,L002,3,O00903,
M000986,D000986,2026-06-28 14:00:00,ISSUE,SKU003,B0061,L003,2,O00904,
M000987,D000987,2026-06-28 14:00:00,ISSUE,SKU004,B0062,L004,2,O00905,
M000988,D000988,2026-06-28 14:00:00,ISSUE,SKU006,B0064,L006,5,O00906,
M000989,D000989,2026-06-28 14:00:00,ISSUE,SKU007,B0037,L007,5,O00907,
M000990,D000990,2026-06-28 14:00:00,ISSUE,SKU008,B0038,L008,2,O00908,
M000991,D000991,2026-06-28 14:00:00,ISSUE,SKU017,B0047,L017,4,O00909,
M000992,D000992,2026-06-28 14:00:00,ISSUE,SKU025,B0055,L025,4,O00910,
M000993,D000993,2026-06-28 14:00:00,ISSUE,SKU002,B0060,L002,1,O00911,
M000994,D000994,2026-06-28 14:00:00,ISSUE,SKU003,B0061,L003,1,O00912,
M000995,D000995,2026-06-28 14:00:00,ISSUE,SKU004,B0062,L004,3,O00913,
M000996,D000996,2026-06-28 14:00:00,ISSUE,SKU005,B0063,L005,3,O00914,
M000997,D000997,2026-06-28 14:00:00,ISSUE,SKU006,B0064,L006,3,O00915,
M000998,D000998,2026-06-28 14:00:00,ISSUE,SKU007,B0037,L007,1,O00916,
M000999,D000999,2026-06-28 14:00:00,ISSUE,SKU011,B0011,L011,1,O00917,
M001000,D001000,2026-06-28 14:00:00,ISSUE,SKU016,B0046,L016,6,O00918,
M001001,D001001,2026-06-28 14:00:00,ISSUE,SKU018,B0048,L018,3,O00919,
M001002,D001002,2026-06-28 14:00:00,ISSUE,SKU019,B0071,L019,3,O00920,
M001003,D001003,2026-06-28 14:00:00,ISSUE,SKU022,B0052,L022,4,O00921,
M001004,D001004,2026-06-28 14:00:00,ISSUE,SKU024,B0054,L024,1,O00922,
M001005,D001005,2026-06-28 14:00:00,ISSUE,SKU026,B0026,L026,5,O00923,
M001006,D001006,2026-06-28 14:00:00,ISSUE,SKU002,B0060,L002,5,O00924,
M001007,D001007,2026-06-28 14:00:00,ISSUE,SKU004,B0062,L004,5,O00925,
M001008,D001008,2026-06-28 14:00:00,ISSUE,SKU006,B0064,L006,6,O00926,
M001009,D001009,2026-06-28 14:00:00,ISSUE,SKU011,B0011,L011,2,O00927,
M001010,D001010,2026-06-28 14:00:00,ISSUE,SKU013,B0043,L013,3,O00928,
M001011,D001011,2026-06-28 14:00:00,ISSUE,SKU016,B0046,L016,3,O00929,
M001012,D001012,2026-06-28 14:00:00,ISSUE,SKU017,B0047,L017,6,O00930,
M001013,D001013,2026-06-28 14:00:00,ISSUE,SKU021,B0051,L021,3,O00931,
M001014,D001014,2026-06-28 14:00:00,ISSUE,SKU022,B0052,L022,2,O00932,
M001015,D001015,2026-06-28 14:00:00,ISSUE,SKU023,B0023,L023,7,O00933,
M001016,D001016,2026-06-28 14:00:00,ISSUE,SKU023,B0053,L023,1,O00933,
M001017,D001017,2026-06-28 14:00:00,ISSUE,SKU027,B0057,L027,5,O00934,
M001018,D001018,2026-06-28 14:00:00,ISSUE,SKU028,B0028,L028,6,O00935,
M001019,D001019,2026-06-28 14:00:00,ISSUE,SKU001,B0059,L001,5,O00936,
M001020,D001020,2026-06-28 14:00:00,ISSUE,SKU004,B0062,L004,2,O00937,
M001021,D001021,2026-06-28 14:00:00,ISSUE,SKU005,B0063,L005,4,O00938,
M001022,D001022,2026-06-28 14:00:00,ISSUE,SKU007,B0037,L007,7,O00939,
M001023,D001023,2026-06-28 14:00:00,ISSUE,SKU009,B0065,L009,9,O00940,
M001024,D001024,2026-06-28 14:00:00,ISSUE,SKU014,B0044,L014,4,O00941,
M001025,D001025,2026-06-28 14:00:00,ISSUE,SKU025,B0055,L025,7,O00942,
M001026,D001026,2026-06-28 14:00:00,ISSUE,SKU003,B0061,L003,1,O00943,
M001027,D001027,2026-06-28 14:00:00,ISSUE,SKU004,B0062,L004,5,O00944,
M001028,D001028,2026-06-28 14:00:00,ISSUE,SKU006,B0064,L006,4,O00945,
M001029,D001029,2026-06-28 14:00:00,ISSUE,SKU011,B0011,L011,4,O00946,
M001030,D001030,2026-06-28 14:00:00,ISSUE,SKU012,B0067,L012,1,O00947,
M001031,D001031,2026-06-28 14:00:00,ISSUE,SKU016,B0046,L016,1,O00948,
M001032,D001032,2026-06-28 14:00:00,ISSUE,SKU028,B0058,L028,4,O00949,
M001033,D001033,2026-06-29 14:00:00,ISSUE,SKU001,B0059,L001,2,O00950,
M001034,D001034,2026-06-29 14:00:00,ISSUE,SKU002,B0060,L002,2,O00951,
M001035,D001035,2026-06-29 14:00:00,ISSUE,SKU003,B0061,L003,3,O00952,
M001036,D001036,2026-06-29 14:00:00,ISSUE,SKU004,B0062,L004,1,O00953,
M001037,D001037,2026-06-29 14:00:00,ISSUE,SKU006,B0064,L006,4,O00954,
M001038,D001038,2026-06-29 14:00:00,ISSUE,SKU009,B0065,L009,4,O00955,
M001039,D001039,2026-06-29 14:00:00,ISSUE,SKU011,B0011,L011,1,O00956,
M001040,D001040,2026-06-29 14:00:00,ISSUE,SKU014,B0044,L014,2,O00957,
M001041,D001041,2026-06-29 14:00:00,ISSUE,SKU017,B0047,L017,2,O00958,
M001042,D001042,2026-06-29 14:00:00,ISSUE,SKU021,B0051,L021,4,O00959,
M001043,D001043,2026-06-29 14:00:00,ISSUE,SKU023,B0053,L023,1,O00960,
M001044,D001044,2026-06-29 14:00:00,ISSUE,SKU001,B0059,L001,4,O00961,
M001045,D001045,2026-06-29 14:00:00,ISSUE,SKU002,B0060,L002,1,O00962,
M001046,D001046,2026-06-29 14:00:00,ISSUE,SKU003,B0061,L003,5,O00963,
M001047,D001047,2026-06-29 14:00:00,ISSUE,SKU005,B0063,L005,1,O00964,
M001048,D001048,2026-06-29 14:00:00,ISSUE,SKU006,B0064,L006,2,O00965,
M001049,D001049,2026-06-29 14:00:00,ISSUE,SKU008,B0038,L008,2,O00966,
M001050,D001050,2026-06-29 14:00:00,ISSUE,SKU012,B0067,L012,1,O00967,
M001051,D001051,2026-06-29 14:00:00,ISSUE,SKU017,B0047,L017,1,O00968,
M001052,D001052,2026-06-29 14:00:00,ISSUE,SKU020,B0050,L020,5,O00969,
M001053,D001053,2026-06-29 14:00:00,ISSUE,SKU021,B0051,L021,2,O00970,
M001054,D001054,2026-06-29 14:00:00,ISSUE,SKU027,B0057,L027,3,O00971,
M001055,D001055,2026-06-29 14:00:00,ISSUE,SKU019,B0071,L019,4,O00972,
M001056,D001056,2026-06-29 14:00:00,ISSUE,SKU022,B0052,L022,1,O00973,
M001057,D001057,2026-06-29 14:00:00,ISSUE,SKU028,B0058,L028,4,O00974,
M001058,D001058,2026-06-29 14:00:00,ISSUE,SKU001,B0059,L001,1,O00975,
M001059,D001059,2026-06-29 14:00:00,ISSUE,SKU002,B0060,L002,7,O00976,
M001060,D001060,2026-06-29 14:00:00,ISSUE,SKU003,B0061,L003,6,O00977,
M001061,D001061,2026-06-29 14:00:00,ISSUE,SKU011,B0011,L011,6,O00978,
M001062,D001062,2026-06-29 14:00:00,ISSUE,SKU012,B0067,L012,1,O00979,
M001063,D001063,2026-06-29 14:00:00,ISSUE,SKU013,B0043,L013,6,O00980,
M001064,D001064,2026-06-29 14:00:00,ISSUE,SKU015,B0045,L015,6,O00981,
M001065,D001065,2026-06-29 14:00:00,ISSUE,SKU016,B0046,L016,1,O00982,
M001066,D001066,2026-06-29 14:00:00,ISSUE,SKU017,B0047,L017,1,O00983,
M001067,D001067,2026-06-29 14:00:00,ISSUE,SKU001,B0059,L001,1,O00984,
M001068,D001068,2026-06-29 14:00:00,ISSUE,SKU005,B0063,L005,2,O00985,
M001069,D001069,2026-06-29 14:00:00,ISSUE,SKU006,B0064,L006,2,O00986,
M001070,D001070,2026-06-29 14:00:00,ISSUE,SKU007,B0037,L007,4,O00987,
M001071,D001071,2026-06-29 14:00:00,ISSUE,SKU008,B0038,L008,4,O00988,
M001072,D001072,2026-06-29 14:00:00,ISSUE,SKU014,B0044,L014,2,O00989,
M001073,D001073,2026-06-29 14:00:00,ISSUE,SKU015,B0045,L015,3,O00990,
M001074,D001074,2026-06-29 14:00:00,ISSUE,SKU018,B0048,L018,3,O00991,
M001075,D001075,2026-06-30 08:00:00,RECEIPT,SKU001,B0080,L001,76,,R0050
M001076,D001076,2026-06-30 08:00:00,RECEIPT,SKU002,B0081,L002,65,,R0051
M001077,D001077,2026-06-30 08:00:00,RECEIPT,SKU003,B0082,L003,86,,R0052
M001078,D001078,2026-06-30 08:00:00,RECEIPT,SKU004,B0083,L004,75,,R0053
M001079,D001079,2026-06-30 08:00:00,RECEIPT,SKU005,B0084,L005,85,,R0054
M001080,D001080,2026-06-30 08:00:00,RECEIPT,SKU006,B0085,L006,90,,R0055
M001081,D001081,2026-06-30 08:00:00,RECEIPT,SKU008,B0086,L008,92,,R0056
M001082,D001082,2026-06-30 08:00:00,RECEIPT,SKU013,B0087,L013,63,,R0057
M001083,D001083,2026-06-30 08:00:00,RECEIPT,SKU017,B0088,L017,95,,R0058
M001084,D001084,2026-06-30 08:00:00,RECEIPT,SKU018,B0089,L018,76,,R0059
M001085,D001085,2026-06-30 08:00:00,RECEIPT,SKU020,B0090,L020,96,,R0060
M001086,D001086,2026-06-30 08:00:00,RECEIPT,SKU025,B0091,L025,100,,R0061
M001087,D001087,2026-06-30 08:00:00,RECEIPT,SKU026,B0092,L026,77,,R0062
M001088,D001088,2026-06-30 14:00:00,ISSUE,SKU001,B0059,L001,4,O00992,
M001089,D001089,2026-06-30 14:00:00,ISSUE,SKU002,B0060,L002,4,O00993,
M001090,D001090,2026-06-30 14:00:00,ISSUE,SKU003,B0061,L003,3,O00994,
M001091,D001091,2026-06-30 14:00:00,ISSUE,SKU004,B0083,L004,3,O00995,
M001092,D001092,2026-06-30 14:00:00,ISSUE,SKU005,B0063,L005,3,O00996,
M001093,D001093,2026-06-30 14:00:00,ISSUE,SKU006,B0064,L006,1,O00997,
M001094,D001094,2026-06-30 14:00:00,ISSUE,SKU006,B0036,L006,3,O00997,
M001095,D001095,2026-06-30 14:00:00,ISSUE,SKU012,B0067,L012,3,O00998,
M001096,D001096,2026-06-30 14:00:00,ISSUE,SKU014,B0044,L014,2,O00999,
M001097,D001097,2026-06-30 14:00:00,ISSUE,SKU027,B0057,L027,4,O01000,
M001098,D001098,2026-06-30 14:00:00,ISSUE,SKU001,B0059,L001,1,O01001,
M001099,D001099,2026-06-30 14:00:00,ISSUE,SKU002,B0060,L002,4,O01002,
M001100,D001100,2026-06-30 14:00:00,ISSUE,SKU003,B0061,L003,4,O01003,
M001101,D001101,2026-06-30 14:00:00,ISSUE,SKU005,B0063,L005,3,O01004,
M001102,D001102,2026-06-30 14:00:00,ISSUE,SKU006,B0006,L006,2,O01005,
M001103,D001103,2026-06-30 14:00:00,ISSUE,SKU009,B0065,L009,4,O01006,
M001104,D001104,2026-06-30 14:00:00,ISSUE,SKU014,B0044,L014,1,O01007,
M001105,D001105,2026-06-30 14:00:00,ISSUE,SKU019,B0071,L019,1,O01008,
M001106,D001106,2026-06-30 14:00:00,ISSUE,SKU020,B0090,L020,2,O01009,
M001107,D001107,2026-06-30 14:00:00,ISSUE,SKU025,B0055,L025,5,O01010,
M001108,D001108,2026-06-30 14:00:00,ISSUE,SKU026,B0026,L026,2,O01011,
M001109,D001109,2026-06-30 14:00:00,ISSUE,SKU001,B0059,L001,1,O01012,
M001110,D001110,2026-06-30 14:00:00,ISSUE,SKU002,B0060,L002,1,O01013,
M001111,D001111,2026-06-30 14:00:00,ISSUE,SKU004,B0083,L004,6,O01014,
M001112,D001112,2026-06-30 14:00:00,ISSUE,SKU006,B0006,L006,5,O01015,
M001113,D001113,2026-06-30 14:00:00,ISSUE,SKU012,B0067,L012,2,O01016,
M001114,D001114,2026-06-30 14:00:00,ISSUE,SKU013,B0043,L013,2,O01017,
M001115,D001115,2026-06-30 14:00:00,ISSUE,SKU022,B0052,L022,5,O01018,
M001116,D001116,2026-06-30 14:00:00,ISSUE,SKU027,B0057,L027,5,O01019,
M001117,D001117,2026-06-30 14:00:00,ISSUE,SKU001,B0059,L001,6,O01020,
M001118,D001118,2026-06-30 14:00:00,ISSUE,SKU002,B0060,L002,4,O01021,
M001119,D001119,2026-06-30 14:00:00,ISSUE,SKU003,B0061,L003,3,O01022,
M001120,D001120,2026-06-30 14:00:00,ISSUE,SKU003,B0082,L003,3,O01022,
M001121,D001121,2026-06-30 14:00:00,ISSUE,SKU005,B0063,L005,4,O01023,
M001122,D001122,2026-06-30 14:00:00,ISSUE,SKU006,B0006,L006,4,O01024,
M001123,D001123,2026-06-30 14:00:00,ISSUE,SKU007,B0037,L007,7,O01025,
M001124,D001124,2026-06-30 14:00:00,ISSUE,SKU014,B0044,L014,7,O01026,
M001125,D001125,2026-06-30 14:00:00,ISSUE,SKU020,B0090,L020,7,O01027,
M001126,D001126,2026-06-30 14:00:00,ISSUE,SKU026,B0026,L026,3,O01028,
M001127,D001127,2026-06-30 14:00:00,ISSUE,SKU001,B0059,L001,1,O01029,
M001128,D001128,2026-06-30 14:00:00,ISSUE,SKU008,B0038,L008,2,O01030,
M001129,D001129,2026-06-30 14:00:00,ISSUE,SKU009,B0065,L009,4,O01031,
M001130,D001130,2026-06-30 14:00:00,ISSUE,SKU011,B0011,L011,4,O01032,
M001131,D001131,2026-06-30 14:00:00,ISSUE,SKU014,B0044,L014,1,O01033,
M001132,D001132,2026-07-01 14:00:00,ISSUE,SKU001,B0059,L001,4,O01034,
M001133,D001133,2026-07-01 14:00:00,ISSUE,SKU002,B0060,L002,1,O01035,
M001134,D001134,2026-07-01 14:00:00,ISSUE,SKU006,B0006,L006,2,O01036,
M001135,D001135,2026-07-01 14:00:00,ISSUE,SKU007,B0037,L007,2,O01037,
M001136,D001136,2026-07-01 14:00:00,ISSUE,SKU008,B0038,L008,2,O01038,
M001137,D001137,2026-07-01 14:00:00,ISSUE,SKU013,B0043,L013,2,O01039,
M001138,D001138,2026-07-01 14:00:00,ISSUE,SKU021,B0051,L021,3,O01040,
M001139,D001139,2026-07-01 14:00:00,ISSUE,SKU027,B0057,L027,2,O01041,
M001140,D001140,2026-07-01 14:00:00,ISSUE,SKU001,B0059,L001,5,O01042,
M001141,D001141,2026-07-01 14:00:00,ISSUE,SKU002,B0060,L002,5,O01043,
M001142,D001142,2026-07-01 14:00:00,ISSUE,SKU003,B0082,L003,4,O01044,
M001143,D001143,2026-07-01 14:00:00,ISSUE,SKU004,B0083,L004,4,O01045,
M001144,D001144,2026-07-01 14:00:00,ISSUE,SKU006,B0006,L006,4,O01046,
M001145,D001145,2026-07-01 14:00:00,ISSUE,SKU007,B0037,L007,1,O01047,
M001146,D001146,2026-07-01 14:00:00,ISSUE,SKU009,B0065,L009,3,O01048,
M001147,D001147,2026-07-01 14:00:00,ISSUE,SKU011,B0011,L011,2,O01049,
M001148,D001148,2026-07-01 14:00:00,ISSUE,SKU017,B0088,L017,5,O01050,
M001149,D001149,2026-07-01 14:00:00,ISSUE,SKU018,B0089,L018,3,O01051,
M001150,D001150,2026-07-01 14:00:00,ISSUE,SKU021,B0051,L021,3,O01052,
M001151,D001151,2026-07-01 14:00:00,ISSUE,SKU001,B0059,L001,1,O01053,
M001152,D001152,2026-07-01 14:00:00,ISSUE,SKU002,B0060,L002,6,O01054,
M001153,D001153,2026-07-01 14:00:00,ISSUE,SKU003,B0082,L003,5,O01055,
M001154,D001154,2026-07-01 14:00:00,ISSUE,SKU006,B0006,L006,1,O01056,
M001155,D001155,2026-07-01 14:00:00,ISSUE,SKU006,B0085,L006,4,O01056,
M001156,D001156,2026-07-01 14:00:00,ISSUE,SKU007,B0037,L007,4,O01057,
M001157,D001157,2026-07-01 14:00:00,ISSUE,SKU008,B0038,L008,5,O01058,
M001158,D001158,2026-07-01 14:00:00,ISSUE,SKU016,B0046,L016,4,O01059,
M001159,D001159,2026-07-01 14:00:00,ISSUE,SKU017,B0088,L017,1,O01060,
M001160,D001160,2026-07-01 14:00:00,ISSUE,SKU018,B0089,L018,1,O01061,
M001161,D001161,2026-07-01 14:00:00,ISSUE,SKU019,B0071,L019,2,O01062,
M001162,D001162,2026-07-01 14:00:00,ISSUE,SKU023,B0053,L023,6,O01063,
M001163,D001163,2026-07-01 14:00:00,ISSUE,SKU024,B0054,L024,2,O01064,
M001164,D001164,2026-07-01 14:00:00,ISSUE,SKU027,B0057,L027,4,O01065,
M001165,D001165,2026-07-01 14:00:00,ISSUE,SKU002,B0060,L002,1,O01066,
M001166,D001166,2026-07-01 14:00:00,ISSUE,SKU003,B0082,L003,6,O01067,
M001167,D001167,2026-07-01 14:00:00,ISSUE,SKU004,B0083,L004,1,O01068,
M001168,D001168,2026-07-01 14:00:00,ISSUE,SKU006,B0085,L006,6,O01069,
M001169,D001169,2026-07-01 14:00:00,ISSUE,SKU013,B0043,L013,1,O01070,
M001170,D001170,2026-07-01 14:00:00,ISSUE,SKU017,B0088,L017,3,O01071,
M001171,D001171,2026-07-01 14:00:00,ISSUE,SKU019,B0071,L019,1,O01072,
M001172,D001172,2026-07-01 14:00:00,ISSUE,SKU020,B0090,L020,6,O01073,
M001173,D001173,2026-07-01 14:00:00,ISSUE,SKU021,B0051,L021,7,O01074,
M001174,D001174,2026-07-01 14:00:00,ISSUE,SKU022,B0052,L022,7,O01075,
M001175,D001175,2026-07-01 14:00:00,ISSUE,SKU001,B0059,L001,4,O01076,
M001176,D001176,2026-07-01 14:00:00,ISSUE,SKU003,B0082,L003,3,O01077,
M001177,D001177,2026-07-01 14:00:00,ISSUE,SKU004,B0083,L004,1,O01078,
M001178,D001178,2026-07-01 14:00:00,ISSUE,SKU005,B0063,L005,3,O01079,
M001179,D001179,2026-07-01 14:00:00,ISSUE,SKU006,B0085,L006,1,O01080,
M001180,D001180,2026-07-01 14:00:00,ISSUE,SKU009,B0065,L009,3,O01081,
M001181,D001181,2026-07-01 14:00:00,ISSUE,SKU011,B0011,L011,4,O01082,
M001182,D001182,2026-07-01 14:00:00,ISSUE,SKU013,B0043,L013,4,O01083,
M001183,D001183,2026-07-01 14:00:00,ISSUE,SKU017,B0088,L017,4,O01084,
M001184,D001184,2026-07-01 14:00:00,ISSUE,SKU021,B0051,L021,4,O01085,
M001185,D001185,2026-07-01 14:00:00,ISSUE,SKU025,B0055,L025,1,O01086,
M001186,D001186,2026-07-02 14:00:00,ISSUE,SKU001,B0059,L001,2,O01087,
M001187,D001187,2026-07-02 14:00:00,ISSUE,SKU002,B0060,L002,4,O01088,
M001188,D001188,2026-07-02 14:00:00,ISSUE,SKU003,B0082,L003,2,O01089,
M001189,D001189,2026-07-02 14:00:00,ISSUE,SKU004,B0083,L004,1,O01090,
M001190,D001190,2026-07-02 14:00:00,ISSUE,SKU005,B0063,L005,2,O01091,
M001191,D001191,2026-07-02 14:00:00,ISSUE,SKU005,B0035,L005,1,O01091,
M001192,D001192,2026-07-02 14:00:00,ISSUE,SKU006,B0085,L006,2,O01092,
M001193,D001193,2026-07-02 14:00:00,ISSUE,SKU007,B0037,L007,3,O01093,
M001194,D001194,2026-07-02 14:00:00,ISSUE,SKU009,B0065,L009,2,O01094,
M001195,D001195,2026-07-02 14:00:00,ISSUE,SKU011,B0011,L011,2,O01095,
M001196,D001196,2026-07-02 14:00:00,ISSUE,SKU013,B0043,L013,2,O01096,
M001197,D001197,2026-07-02 14:00:00,ISSUE,SKU016,B0046,L016,2,O01097,
M001198,D001198,2026-07-02 14:00:00,ISSUE,SKU017,B0088,L017,1,O01098,
M001199,D001199,2026-07-02 14:00:00,ISSUE,SKU024,B0054,L024,1,O01099,
M001200,D001200,2026-07-02 14:00:00,ISSUE,SKU026,B0026,L026,4,O01100,
M001201,D001201,2026-07-02 14:00:00,ISSUE,SKU003,B0082,L003,4,O01101,
M001202,D001202,2026-07-02 14:00:00,ISSUE,SKU005,B0035,L005,1,O01102,
M001203,D001203,2026-07-02 14:00:00,ISSUE,SKU006,B0085,L006,5,O01103,
M001204,D001204,2026-07-02 14:00:00,ISSUE,SKU009,B0065,L009,2,O01104,
M001205,D001205,2026-07-02 14:00:00,ISSUE,SKU012,B0067,L012,5,O01105,
M001206,D001206,2026-07-02 14:00:00,ISSUE,SKU014,B0044,L014,3,O01106,
M001207,D001207,2026-07-02 14:00:00,ISSUE,SKU015,B0045,L015,5,O01107,
M001208,D001208,2026-07-02 14:00:00,ISSUE,SKU026,B0026,L026,1,O01108,
M001209,D001209,2026-07-02 14:00:00,ISSUE,SKU002,B0060,L002,2,O01109,
M001210,D001210,2026-07-02 14:00:00,ISSUE,SKU003,B0082,L003,2,O01110,
M001211,D001211,2026-07-02 14:00:00,ISSUE,SKU004,B0083,L004,6,O01111,
M001212,D001212,2026-07-02 14:00:00,ISSUE,SKU005,B0035,L005,4,O01112,
M001213,D001213,2026-07-02 14:00:00,ISSUE,SKU006,B0085,L006,5,O01113,
M001214,D001214,2026-07-02 14:00:00,ISSUE,SKU007,B0037,L007,4,O01114,
M001215,D001215,2026-07-02 14:00:00,ISSUE,SKU013,B0043,L013,5,O01115,
M001216,D001216,2026-07-02 14:00:00,ISSUE,SKU018,B0089,L018,1,O01116,
M001217,D001217,2026-07-02 14:00:00,ISSUE,SKU019,B0071,L019,2,O01117,
M001218,D001218,2026-07-02 14:00:00,ISSUE,SKU028,B0058,L028,4,O01118,
M001219,D001219,2026-07-02 14:00:00,ISSUE,SKU001,B0059,L001,3,O01119,
M001220,D001220,2026-07-02 14:00:00,ISSUE,SKU002,B0060,L002,1,O01120,
M001221,D001221,2026-07-02 14:00:00,ISSUE,SKU003,B0082,L003,6,O01121,
M001222,D001222,2026-07-02 14:00:00,ISSUE,SKU005,B0035,L005,3,O01122,
M001223,D001223,2026-07-02 14:00:00,ISSUE,SKU017,B0088,L017,1,O01123,
M001224,D001224,2026-07-02 14:00:00,ISSUE,SKU020,B0090,L020,6,O01124,
M001225,D001225,2026-07-02 14:00:00,ISSUE,SKU021,B0051,L021,1,O01125,
M001226,D001226,2026-07-02 14:00:00,ISSUE,SKU028,B0058,L028,1,O01126,
M001227,D001227,2026-07-02 14:00:00,ISSUE,SKU001,B0059,L001,4,O01127,
M001228,D001228,2026-07-02 14:00:00,ISSUE,SKU002,B0060,L002,4,O01128,
M001229,D001229,2026-07-02 14:00:00,ISSUE,SKU004,B0083,L004,4,O01129,
M001230,D001230,2026-07-02 14:00:00,ISSUE,SKU006,B0085,L006,4,O01130,
M001231,D001231,2026-07-02 14:00:00,ISSUE,SKU007,B0037,L007,2,O01131,
M001232,D001232,2026-07-02 14:00:00,ISSUE,SKU008,B0038,L008,3,O01132,
M001233,D001233,2026-07-02 14:00:00,ISSUE,SKU011,B0011,L011,4,O01133,
M001234,D001234,2026-07-02 14:00:00,ISSUE,SKU014,B0044,L014,4,O01134,
M001235,D001235,2026-07-02 14:00:00,ISSUE,SKU019,B0071,L019,4,O01135,
M001236,D001236,2026-07-02 14:00:00,ISSUE,SKU023,B0053,L023,3,O01136,
M001237,D001237,2026-07-02 14:00:00,ISSUE,SKU024,B0054,L024,2,O01137,
M001238,D001238,2026-07-02 14:00:00,ISSUE,SKU027,B0057,L027,1,O01138,
M001239,D001239,2026-07-02 14:00:00,ISSUE,SKU028,B0058,L028,3,O01139,
M001240,D001240,2026-07-03 14:00:00,ISSUE,SKU002,B0060,L002,2,O01140,
M001241,D001241,2026-07-03 14:00:00,ISSUE,SKU003,B0082,L003,2,O01141,
M001242,D001242,2026-07-03 14:00:00,ISSUE,SKU004,B0083,L004,2,O01142,
M001243,D001243,2026-07-03 14:00:00,ISSUE,SKU006,B0085,L006,3,O01143,
M001244,D001244,2026-07-03 14:00:00,ISSUE,SKU012,B0067,L012,2,O01144,
M001245,D001245,2026-07-03 14:00:00,ISSUE,SKU014,B0044,L014,1,O01145,
M001246,D001246,2026-07-03 14:00:00,ISSUE,SKU001,B0059,L001,1,O01146,
M001247,D001247,2026-07-03 14:00:00,ISSUE,SKU002,B0081,L002,3,O01147,
M001248,D001248,2026-07-03 14:00:00,ISSUE,SKU005,B0035,L005,1,O01148,
M001249,D001249,2026-07-03 14:00:00,ISSUE,SKU006,B0085,L006,5,O01149,
M001250,D001250,2026-07-03 14:00:00,ISSUE,SKU011,B0011,L011,2,O01150,
M001251,D001251,2026-07-03 14:00:00,ISSUE,SKU014,B0044,L014,3,O01151,
M001252,D001252,2026-07-03 14:00:00,ISSUE,SKU015,B0045,L015,4,O01152,
M001253,D001253,2026-07-03 14:00:00,ISSUE,SKU024,B0054,L024,1,O01153,
M001254,D001254,2026-07-03 14:00:00,ISSUE,SKU001,B0059,L001,2,O01154,
M001255,D001255,2026-07-03 14:00:00,ISSUE,SKU001,B0080,L001,3,O01154,
M001256,D001256,2026-07-03 14:00:00,ISSUE,SKU002,B0081,L002,4,O01155,
M001257,D001257,2026-07-03 14:00:00,ISSUE,SKU003,B0082,L003,2,O01156,
M001258,D001258,2026-07-03 14:00:00,ISSUE,SKU004,B0083,L004,6,O01157,
M001259,D001259,2026-07-03 14:00:00,ISSUE,SKU008,B0038,L008,1,O01158,
M001260,D001260,2026-07-03 14:00:00,ISSUE,SKU011,B0011,L011,1,O01159,
M001261,D001261,2026-07-03 14:00:00,ISSUE,SKU011,B0066,L011,1,O01159,
M001262,D001262,2026-07-03 14:00:00,ISSUE,SKU013,B0043,L013,4,O01160,
M001263,D001263,2026-07-03 14:00:00,ISSUE,SKU015,B0045,L015,1,O01161,
M001264,D001264,2026-07-03 14:00:00,ISSUE,SKU019,B0071,L019,5,O01162,
M001265,D001265,2026-07-03 14:00:00,ISSUE,SKU021,B0051,L021,6,O01163,
M001266,D001266,2026-07-03 14:00:00,ISSUE,SKU027,B0057,L027,5,O01164,
M001267,D001267,2026-07-03 14:00:00,ISSUE,SKU028,B0058,L028,5,O01165,
M001268,D001268,2026-07-03 14:00:00,ISSUE,SKU002,B0081,L002,6,O01166,
M001269,D001269,2026-07-03 14:00:00,ISSUE,SKU004,B0083,L004,6,O01167,
M001270,D001270,2026-07-03 14:00:00,ISSUE,SKU005,B0035,L005,1,O01168,
M001271,D001271,2026-07-03 14:00:00,ISSUE,SKU006,B0085,L006,1,O01169,
M001272,D001272,2026-07-03 14:00:00,ISSUE,SKU007,B0037,L007,4,O01170,
M001273,D001273,2026-07-03 14:00:00,ISSUE,SKU011,B0066,L011,1,O01171,
M001274,D001274,2026-07-03 14:00:00,ISSUE,SKU013,B0043,L013,3,O01172,
M001275,D001275,2026-07-03 14:00:00,ISSUE,SKU013,B0087,L013,1,O01172,
M001276,D001276,2026-07-03 14:00:00,ISSUE,SKU016,B0046,L016,1,O01173,
M001277,D001277,2026-07-03 14:00:00,ISSUE,SKU021,B0051,L021,4,O01174,
M001278,D001278,2026-07-03 14:00:00,ISSUE,SKU025,B0055,L025,6,O01175,
M001279,D001279,2026-07-03 14:00:00,ISSUE,SKU026,B0026,L026,7,O01176,
M001280,D001280,2026-07-03 14:00:00,ISSUE,SKU028,B0058,L028,7,O01177,
M001281,D001281,2026-07-03 14:00:00,ISSUE,SKU002,B0081,L002,2,O01178,
M001282,D001282,2026-07-03 14:00:00,ISSUE,SKU003,B0082,L003,3,O01179,
M001283,D001283,2026-07-03 14:00:00,ISSUE,SKU006,B0085,L006,2,O01180,
M001284,D001284,2026-07-03 14:00:00,ISSUE,SKU007,B0037,L007,4,O01181,
M001285,D001285,2026-07-03 14:00:00,ISSUE,SKU020,B0090,L020,1,O01182,
M001286,D001286,2026-07-03 14:00:00,ISSUE,SKU021,B0051,L021,2,O01183,
M001287,D001287,2026-07-03 14:00:00,ISSUE,SKU026,B0026,L026,4,O01184,
M001288,D001288,2026-07-03 14:00:00,ISSUE,SKU028,B0058,L028,2,O01185,
M001289,D001289,2026-07-04 14:00:00,ISSUE,SKU004,B0083,L004,4,O01186,
M001290,D001290,2026-07-04 14:00:00,ISSUE,SKU006,B0085,L006,1,O01187,
M001291,D001291,2026-07-04 14:00:00,ISSUE,SKU009,B0065,L009,2,O01188,
M001292,D001292,2026-07-04 14:00:00,ISSUE,SKU015,B0015,L015,3,O01189,
M001293,D001293,2026-07-04 14:00:00,ISSUE,SKU018,B0089,L018,3,O01190,
M001294,D001294,2026-07-04 14:00:00,ISSUE,SKU022,B0052,L022,5,O01191,
M001295,D001295,2026-07-04 14:00:00,ISSUE,SKU023,B0053,L023,5,O01192,
M001296,D001296,2026-07-04 14:00:00,ISSUE,SKU025,B0055,L025,3,O01193,
M001297,D001297,2026-07-04 14:00:00,ISSUE,SKU001,B0080,L001,6,O01194,
M001298,D001298,2026-07-04 14:00:00,ISSUE,SKU003,B0082,L003,1,O01195,
M001299,D001299,2026-07-04 14:00:00,ISSUE,SKU015,B0015,L015,3,O01196,
M001300,D001300,2026-07-04 14:00:00,ISSUE,SKU019,B0071,L019,1,O01197,
M001301,D001301,2026-07-04 14:00:00,ISSUE,SKU001,B0080,L001,8,O01198,
M001302,D001302,2026-07-04 14:00:00,ISSUE,SKU002,B0081,L002,8,O01199,
M001303,D001303,2026-07-04 14:00:00,ISSUE,SKU003,B0082,L003,6,O01200,
M001304,D001304,2026-07-04 14:00:00,ISSUE,SKU004,B0083,L004,3,O01201,
M001305,D001305,2026-07-04 14:00:00,ISSUE,SKU006,B0085,L006,6,O01202,
M001306,D001306,2026-07-04 14:00:00,ISSUE,SKU012,B0067,L012,3,O01203,
M001307,D001307,2026-07-04 14:00:00,ISSUE,SKU019,B0071,L019,2,O01204,
M001308,D001308,2026-07-04 14:00:00,ISSUE,SKU022,B0052,L022,6,O01205,
M001309,D001309,2026-07-04 14:00:00,ISSUE,SKU024,B0054,L024,3,O01206,
M001310,D001310,2026-07-04 14:00:00,ISSUE,SKU028,B0058,L028,5,O01207,
M001311,D001311,2026-07-04 14:00:00,ISSUE,SKU001,B0080,L001,5,O01208,
M001312,D001312,2026-07-04 14:00:00,ISSUE,SKU003,B0082,L003,9,O01209,
M001313,D001313,2026-07-04 14:00:00,ISSUE,SKU006,B0085,L006,2,O01210,
M001314,D001314,2026-07-04 14:00:00,ISSUE,SKU009,B0065,L009,5,O01211,
M001315,D001315,2026-07-04 14:00:00,ISSUE,SKU018,B0089,L018,2,O01212,
M001316,D001316,2026-07-04 14:00:00,ISSUE,SKU001,B0080,L001,5,O01213,
M001317,D001317,2026-07-04 14:00:00,ISSUE,SKU013,B0087,L013,1,O01214,
M001318,D001318,2026-07-04 14:00:00,ISSUE,SKU015,B0015,L015,4,O01215,
M001319,D001319,2026-07-04 14:00:00,ISSUE,SKU025,B0055,L025,1,O01216,
M001320,D001320,2026-07-04 14:00:00,ISSUE,SKU027,B0057,L027,5,O01217,
M001321,D001321,2026-07-04 14:00:00,ISSUE,SKU028,B0058,L028,1,O01218,
M001322,D001322,2026-07-05 14:00:00,ISSUE,SKU003,B0082,L003,2,O01219,
M001323,D001323,2026-07-05 14:00:00,ISSUE,SKU005,B0035,L005,2,O01220,
M001324,D001324,2026-07-05 14:00:00,ISSUE,SKU006,B0085,L006,5,O01221,
M001325,D001325,2026-07-05 14:00:00,ISSUE,SKU007,B0037,L007,5,O01222,
M001326,D001326,2026-07-05 14:00:00,ISSUE,SKU008,B0038,L008,4,O01223,
M001327,D001327,2026-07-05 14:00:00,ISSUE,SKU012,B0067,L012,1,O01224,
M001328,D001328,2026-07-05 14:00:00,ISSUE,SKU014,B0044,L014,2,O01225,
M001329,D001329,2026-07-05 14:00:00,ISSUE,SKU015,B0015,L015,3,O01226,
M001330,D001330,2026-07-05 14:00:00,ISSUE,SKU018,B0089,L018,5,O01227,
M001331,D001331,2026-07-05 14:00:00,ISSUE,SKU020,B0090,L020,5,O01228,
M001332,D001332,2026-07-05 14:00:00,ISSUE,SKU025,B0055,L025,3,O01229,
M001333,D001333,2026-07-05 14:00:00,ISSUE,SKU027,B0057,L027,5,O01230,
M001334,D001334,2026-07-05 14:00:00,ISSUE,SKU003,B0082,L003,4,O01231,
M001335,D001335,2026-07-05 14:00:00,ISSUE,SKU005,B0035,L005,3,O01232,
M001336,D001336,2026-07-05 14:00:00,ISSUE,SKU008,B0038,L008,3,O01233,
M001337,D001337,2026-07-05 14:00:00,ISSUE,SKU011,B0066,L011,6,O01234,
M001338,D001338,2026-07-05 14:00:00,ISSUE,SKU020,B0090,L020,6,O01235,
M001339,D001339,2026-07-05 14:00:00,ISSUE,SKU021,B0051,L021,6,O01236,
M001340,D001340,2026-07-05 14:00:00,ISSUE,SKU005,B0035,L005,3,O01237,
M001341,D001341,2026-07-05 14:00:00,ISSUE,SKU006,B0085,L006,5,O01238,
M001342,D001342,2026-07-05 14:00:00,ISSUE,SKU009,B0065,L009,3,O01239,
M001343,D001343,2026-07-05 14:00:00,ISSUE,SKU016,B0046,L016,8,O01240,
M001344,D001344,2026-07-05 14:00:00,ISSUE,SKU019,B0071,L019,2,O01241,
M001345,D001345,2026-07-05 14:00:00,ISSUE,SKU025,B0077,L025,6,O01242,
M001346,D001346,2026-07-05 14:00:00,ISSUE,SKU003,B0082,L003,9,O01243,
M001347,D001347,2026-07-05 14:00:00,ISSUE,SKU004,B0083,L004,4,O01244,
M001348,D001348,2026-07-05 14:00:00,ISSUE,SKU005,B0035,L005,5,O01245,
M001349,D001349,2026-07-05 14:00:00,ISSUE,SKU006,B0085,L006,7,O01246,
M001350,D001350,2026-07-05 14:00:00,ISSUE,SKU007,B0037,L007,4,O01247,
M001351,D001351,2026-07-05 14:00:00,ISSUE,SKU009,B0065,L009,7,O01248,
M001352,D001352,2026-07-05 14:00:00,ISSUE,SKU011,B0066,L011,4,O01249,
M001353,D001353,2026-07-05 14:00:00,ISSUE,SKU015,B0015,L015,7,O01250,
M001354,D001354,2026-07-05 14:00:00,ISSUE,SKU018,B0089,L018,2,O01251,
M001355,D001355,2026-07-05 14:00:00,ISSUE,SKU021,B0051,L021,5,O01252,
M001356,D001356,2026-07-05 14:00:00,ISSUE,SKU023,B0053,L023,9,O01253,
M001357,D001357,2026-07-05 14:00:00,ISSUE,SKU024,B0054,L024,5,O01254,
M001358,D001358,2026-07-05 14:00:00,ISSUE,SKU027,B0057,L027,2,O01255,
M001359,D001359,2026-07-05 14:00:00,ISSUE,SKU001,B0080,L001,6,O01256,
M001360,D001360,2026-07-05 14:00:00,ISSUE,SKU002,B0081,L002,4,O01257,
M001361,D001361,2026-07-05 14:00:00,ISSUE,SKU004,B0083,L004,5,O01258,
M001362,D001362,2026-07-05 14:00:00,ISSUE,SKU006,B0085,L006,6,O01259,
M001363,D001363,2026-07-05 14:00:00,ISSUE,SKU007,B0037,L007,4,O01260,
M001364,D001364,2026-07-05 14:00:00,ISSUE,SKU009,B0065,L009,2,O01261,
M001365,D001365,2026-07-05 14:00:00,ISSUE,SKU013,B0087,L013,2,O01262,
M001366,D001366,2026-07-05 14:00:00,ISSUE,SKU014,B0044,L014,1,O01263,
M001367,D001367,2026-07-05 14:00:00,ISSUE,SKU017,B0088,L017,4,O01264,
M001368,D001368,2026-07-05 14:00:00,ISSUE,SKU022,B0052,L022,5,O01265,
M001369,D001369,2026-07-05 14:00:00,ISSUE,SKU026,B0026,L026,6,O01266,
M001370,D001370,2026-07-05 14:00:00,ISSUE,SKU028,B0058,L028,5,O01267,
M001371,D001371,2026-07-06 14:00:00,ISSUE,SKU001,B0080,L001,4,O01268,
M001372,D001372,2026-07-06 14:00:00,ISSUE,SKU005,B0035,L005,2,O01269,
M001373,D001373,2026-07-06 14:00:00,ISSUE,SKU007,B0037,L007,2,O01270,
M001374,D001374,2026-07-06 14:00:00,ISSUE,SKU009,B0065,L009,4,O01271,
M001375,D001375,2026-07-06 14:00:00,ISSUE,SKU013,B0087,L013,2,O01272,
M001376,D001376,2026-07-06 14:00:00,ISSUE,SKU014,B0044,L014,1,O01273,
M001377,D001377,2026-07-06 14:00:00,ISSUE,SKU018,B0089,L018,4,O01274,
M001378,D001378,2026-07-06 14:00:00,ISSUE,SKU020,B0090,L020,2,O01275,
M001379,D001379,2026-07-06 14:00:00,ISSUE,SKU023,B0053,L023,4,O01276,
M001380,D001380,2026-07-06 14:00:00,ISSUE,SKU001,B0080,L001,4,O01277,
M001381,D001381,2026-07-06 14:00:00,ISSUE,SKU002,B0081,L002,1,O01278,
M001382,D001382,2026-07-06 14:00:00,ISSUE,SKU004,B0083,L004,1,O01279,
M001383,D001383,2026-07-06 14:00:00,ISSUE,SKU005,B0035,L005,3,O01280,
M001384,D001384,2026-07-06 14:00:00,ISSUE,SKU009,B0065,L009,1,O01281,
M001385,D001385,2026-07-06 14:00:00,ISSUE,SKU018,B0089,L018,4,O01282,
M001386,D001386,2026-07-06 14:00:00,ISSUE,SKU022,B0052,L022,2,O01283,
M001387,D001387,2026-07-06 14:00:00,ISSUE,SKU023,B0053,L023,1,O01284,
M001388,D001388,2026-07-06 14:00:00,ISSUE,SKU025,B0077,L025,4,O01285,
M001389,D001389,2026-07-06 14:00:00,ISSUE,SKU003,B0082,L003,6,O01286,
M001390,D001390,2026-07-06 14:00:00,ISSUE,SKU007,B0037,L007,4,O01287,
M001391,D001391,2026-07-06 14:00:00,ISSUE,SKU012,B0067,L012,5,O01288,
M001392,D001392,2026-07-06 14:00:00,ISSUE,SKU014,B0044,L014,5,O01289,
M001393,D001393,2026-07-06 14:00:00,ISSUE,SKU015,B0015,L015,6,O01290,
M001394,D001394,2026-07-06 14:00:00,ISSUE,SKU017,B0088,L017,1,O01291,
M001395,D001395,2026-07-06 14:00:00,ISSUE,SKU024,B0054,L024,4,O01292,
M001396,D001396,2026-07-06 14:00:00,ISSUE,SKU026,B0026,L026,1,O01293,
M001397,D001397,2026-07-06 14:00:00,ISSUE,SKU026,B0056,L026,1,O01293,
M001398,D001398,2026-07-06 14:00:00,ISSUE,SKU003,B0082,L003,4,O01294,
M001399,D001399,2026-07-06 14:00:00,ISSUE,SKU006,B0085,L006,4,O01295,
M001400,D001400,2026-07-06 14:00:00,ISSUE,SKU008,B0038,L008,6,O01296,
M001401,D001401,2026-07-06 14:00:00,ISSUE,SKU009,B0039,L009,7,O01297,
M001402,D001402,2026-07-06 14:00:00,ISSUE,SKU013,B0087,L013,3,O01298,
M001403,D001403,2026-07-06 14:00:00,ISSUE,SKU018,B0089,L018,1,O01299,
M001404,D001404,2026-07-06 14:00:00,ISSUE,SKU019,B0071,L019,7,O01300,
M001405,D001405,2026-07-06 14:00:00,ISSUE,SKU021,B0051,L021,3,O01301,
M001406,D001406,2026-07-06 14:00:00,ISSUE,SKU024,B0054,L024,7,O01302,
M001407,D001407,2026-07-06 14:00:00,ISSUE,SKU027,B0057,L027,7,O01303,
M001408,D001408,2026-07-06 14:00:00,ISSUE,SKU001,B0080,L001,4,O01304,
M001409,D001409,2026-07-06 14:00:00,ISSUE,SKU002,B0081,L002,2,O01305,
M001410,D001410,2026-07-06 14:00:00,ISSUE,SKU005,B0084,L005,4,O01306,
M001411,D001411,2026-07-06 14:00:00,ISSUE,SKU006,B0085,L006,4,O01307,
M001412,D001412,2026-07-06 14:00:00,ISSUE,SKU007,B0037,L007,4,O01308,
M001413,D001413,2026-07-06 14:00:00,ISSUE,SKU008,B0038,L008,1,O01309,
M001414,D001414,2026-07-06 14:00:00,ISSUE,SKU016,B0046,L016,1,O01310,
M001415,D001415,2026-07-06 14:00:00,ISSUE,SKU017,B0088,L017,1,O01311,
M001416,D001416,2026-07-06 14:00:00,ISSUE,SKU023,B0053,L023,3,O01312,
M001417,D001417,2026-07-06 14:00:00,ISSUE,SKU026,B0056,L026,3,O01313,
M001418,D001418,2026-07-06 14:00:00,ISSUE,SKU028,B0058,L028,3,O01314,
M001419,D001419,2026-07-07 08:00:00,RECEIPT,SKU001,B0093,L001,76,,R0063
M001420,D001420,2026-07-07 08:00:00,RECEIPT,SKU002,B0094,L002,86,,R0064
M001421,D001421,2026-07-07 08:00:00,RECEIPT,SKU003,B0095,L003,62,,R0065
M001422,D001422,2026-07-07 08:00:00,RECEIPT,SKU004,B0096,L004,87,,R0066
M001423,D001423,2026-07-07 08:00:00,RECEIPT,SKU005,B0097,L005,72,,R0067
M001424,D001424,2026-07-07 08:00:00,RECEIPT,SKU006,B0098,L006,77,,R0068
M001425,D001425,2026-07-07 08:00:00,RECEIPT,SKU007,B0099,L007,64,,R0069
M001426,D001426,2026-07-07 08:00:00,RECEIPT,SKU009,B0100,L009,68,,R0070
M001427,D001427,2026-07-07 08:00:00,RECEIPT,SKU011,B0101,L011,63,,R0071
M001428,D001428,2026-07-07 08:00:00,RECEIPT,SKU012,B0102,L012,70,,R0072
M001429,D001429,2026-07-07 08:00:00,RECEIPT,SKU014,B0103,L014,69,,R0073
M001430,D001430,2026-07-07 08:00:00,RECEIPT,SKU016,B0104,L016,60,,R0074
M001431,D001431,2026-07-07 08:00:00,RECEIPT,SKU021,B0105,L021,90,,R0075
M001432,D001432,2026-07-07 08:00:00,RECEIPT,SKU022,B0106,L022,63,,R0076
M001433,D001433,2026-07-07 08:00:00,RECEIPT,SKU024,B0107,L024,92,,R0077
M001434,D001434,2026-07-07 08:00:00,RECEIPT,SKU027,B0108,L027,62,,R0078
M001435,D001435,2026-07-07 14:00:00,ISSUE,SKU001,B0093,L001,2,O01315,
M001436,D001436,2026-07-07 14:00:00,ISSUE,SKU003,B0095,L003,1,O01316,
M001437,D001437,2026-07-07 14:00:00,ISSUE,SKU005,B0084,L005,2,O01317,
M001438,D001438,2026-07-07 14:00:00,ISSUE,SKU006,B0085,L006,2,O01318,
M001439,D001439,2026-07-07 14:00:00,ISSUE,SKU007,B0037,L007,1,O01319,
M001440,D001440,2026-07-07 14:00:00,ISSUE,SKU007,B0099,L007,1,O01319,
M001441,D001441,2026-07-07 14:00:00,ISSUE,SKU014,B0044,L014,4,O01320,
M001442,D001442,2026-07-07 14:00:00,ISSUE,SKU018,B0089,L018,2,O01321,
M001443,D001443,2026-07-07 14:00:00,ISSUE,SKU019,B0071,L019,2,O01322,
M001444,D001444,2026-07-07 14:00:00,ISSUE,SKU022,B0052,L022,3,O01323,
M001445,D001445,2026-07-07 14:00:00,ISSUE,SKU001,B0093,L001,2,O01324,
M001446,D001446,2026-07-07 14:00:00,ISSUE,SKU003,B0095,L003,1,O01325,
M001447,D001447,2026-07-07 14:00:00,ISSUE,SKU004,B0083,L004,4,O01326,
M001448,D001448,2026-07-07 14:00:00,ISSUE,SKU005,B0084,L005,5,O01327,
M001449,D001449,2026-07-07 14:00:00,ISSUE,SKU006,B0085,L006,3,O01328,
M001450,D001450,2026-07-07 14:00:00,ISSUE,SKU012,B0067,L012,5,O01329,
M001451,D001451,2026-07-07 14:00:00,ISSUE,SKU015,B0015,L015,3,O01330,
M001452,D001452,2026-07-07 14:00:00,ISSUE,SKU024,B0054,L024,4,O01331,
M001453,D001453,2026-07-07 14:00:00,ISSUE,SKU029,B0029,L029,1,O01332,
M001454,D001454,2026-07-07 14:00:00,ISSUE,SKU001,B0093,L001,6,O01333,
M001455,D001455,2026-07-07 14:00:00,ISSUE,SKU003,B0095,L003,6,O01334,
M001456,D001456,2026-07-07 14:00:00,ISSUE,SKU004,B0083,L004,6,O01335,
M001457,D001457,2026-07-07 14:00:00,ISSUE,SKU007,B0099,L007,6,O01336,
M001458,D001458,2026-07-07 14:00:00,ISSUE,SKU009,B0039,L009,4,O01337,
M001459,D001459,2026-07-07 14:00:00,ISSUE,SKU012,B0067,L012,5,O01338,
M001460,D001460,2026-07-07 14:00:00,ISSUE,SKU013,B0087,L013,6,O01339,
M001461,D001461,2026-07-07 14:00:00,ISSUE,SKU020,B0090,L020,6,O01340,
M001462,D001462,2026-07-07 14:00:00,ISSUE,SKU001,B0093,L001,4,O01341,
M001463,D001463,2026-07-07 14:00:00,ISSUE,SKU002,B0094,L002,7,O01342,
M001464,D001464,2026-07-07 14:00:00,ISSUE,SKU004,B0083,L004,6,O01343,
M001465,D001465,2026-07-07 14:00:00,ISSUE,SKU006,B0085,L006,7,O01344,
M001466,D001466,2026-07-07 14:00:00,ISSUE,SKU008,B0038,L008,3,O01345,
M001467,D001467,2026-07-07 14:00:00,ISSUE,SKU021,B0051,L021,3,O01346,
M001468,D001468,2026-07-07 14:00:00,ISSUE,SKU026,B0056,L026,1,O01347,
M001469,D001469,2026-07-07 14:00:00,ISSUE,SKU028,B0058,L028,4,O01348,
M001470,D001470,2026-07-07 14:00:00,ISSUE,SKU001,B0093,L001,2,O01349,
M001471,D001471,2026-07-07 14:00:00,ISSUE,SKU002,B0094,L002,1,O01350,
M001472,D001472,2026-07-07 14:00:00,ISSUE,SKU003,B0095,L003,2,O01351,
M001473,D001473,2026-07-07 14:00:00,ISSUE,SKU004,B0083,L004,1,O01352,
M001474,D001474,2026-07-07 14:00:00,ISSUE,SKU007,B0099,L007,4,O01353,
M001475,D001475,2026-07-07 14:00:00,ISSUE,SKU022,B0052,L022,4,O01354,
M001476,D001476,2026-07-07 14:00:00,ISSUE,SKU026,B0056,L026,4,O01355,
M001477,D001477,2026-07-07 14:00:00,ISSUE,SKU027,B0057,L027,1,O01356,
M001478,D001478,2026-07-08 14:00:00,ISSUE,SKU001,B0093,L001,3,O01357,
M001479,D001479,2026-07-08 14:00:00,ISSUE,SKU002,B0094,L002,1,O01358,
M001480,D001480,2026-07-08 14:00:00,ISSUE,SKU004,B0083,L004,1,O01359,
M001481,D001481,2026-07-08 14:00:00,ISSUE,SKU004,B0096,L004,1,O01359,
M001482,D001482,2026-07-08 14:00:00,ISSUE,SKU007,B0099,L007,4,O01361,
M001483,D001483,2026-07-08 14:00:00,ISSUE,SKU013,B0087,L013,2,O01362,
M001484,D001484,2026-07-08 14:00:00,ISSUE,SKU015,B0015,L015,2,O01363,
M001485,D001485,2026-07-08 14:00:00,ISSUE,SKU016,B0104,L016,2,O01364,
M001486,D001486,2026-07-08 14:00:00,ISSUE,SKU021,B0051,L021,1,O01365,
M001487,D001487,2026-07-08 14:00:00,ISSUE,SKU025,B0077,L025,4,O01366,
M001488,D001488,2026-07-08 14:00:00,ISSUE,SKU027,B0057,L027,1,O01367,
M001489,D001489,2026-07-08 14:00:00,ISSUE,SKU002,B0094,L002,1,O01368,
M001490,D001490,2026-07-08 14:00:00,ISSUE,SKU003,B0095,L003,3,O01369,
M001491,D001491,2026-07-08 14:00:00,ISSUE,SKU004,B0096,L004,1,O01370,
M001492,D001492,2026-07-08 14:00:00,ISSUE,SKU005,B0084,L005,1,O01371,
M001493,D001493,2026-07-08 14:00:00,ISSUE,SKU007,B0099,L007,2,O01373,
M001494,D001494,2026-07-08 14:00:00,ISSUE,SKU009,B0039,L009,5,O01374,
M001495,D001495,2026-07-08 14:00:00,ISSUE,SKU016,B0104,L016,2,O01375,
M001496,D001496,2026-07-08 14:00:00,ISSUE,SKU023,B0053,L023,4,O01376,
M001497,D001497,2026-07-08 14:00:00,ISSUE,SKU025,B0077,L025,5,O01377,
M001498,D001498,2026-07-08 14:00:00,ISSUE,SKU001,B0093,L001,5,O01378,
M001499,D001499,2026-07-08 14:00:00,ISSUE,SKU002,B0094,L002,1,O01379,
M001500,D001500,2026-07-08 14:00:00,ISSUE,SKU004,B0096,L004,1,O01380,
M001501,D001501,2026-07-08 14:00:00,ISSUE,SKU005,B0084,L005,6,O01381,
M001502,D001502,2026-07-08 14:00:00,ISSUE,SKU007,B0099,L007,6,O01383,
M001503,D001503,2026-07-08 14:00:00,ISSUE,SKU012,B0067,L012,1,O01384,
M001504,D001504,2026-07-08 14:00:00,ISSUE,SKU018,B0089,L018,5,O01385,
M001505,D001505,2026-07-08 14:00:00,ISSUE,SKU022,B0052,L022,6,O01386,
M001506,D001506,2026-07-08 14:00:00,ISSUE,SKU024,B0054,L024,6,O01387,
M001507,D001507,2026-07-08 14:00:00,ISSUE,SKU026,B0056,L026,6,O01388,
M001508,D001508,2026-07-08 14:00:00,ISSUE,SKU004,B0096,L004,3,O01389,
M001509,D001509,2026-07-08 14:00:00,ISSUE,SKU005,B0084,L005,6,O01390,
M001510,D001510,2026-07-08 14:00:00,ISSUE,SKU007,B0099,L007,4,O01392,
M001511,D001511,2026-07-08 14:00:00,ISSUE,SKU013,B0087,L013,3,O01393,
M001512,D001512,2026-07-08 14:00:00,ISSUE,SKU022,B0052,L022,4,O01394,
M001513,D001513,2026-07-08 14:00:00,ISSUE,SKU022,B0074,L022,2,O01394,
M001514,D001514,2026-07-08 14:00:00,ISSUE,SKU026,B0056,L026,7,O01395,
M001515,D001515,2026-07-08 14:00:00,ISSUE,SKU028,B0058,L028,4,O01396,
M001516,D001516,2026-07-08 14:00:00,ISSUE,SKU003,B0095,L003,2,O01397,
M001517,D001517,2026-07-08 14:00:00,ISSUE,SKU005,B0084,L005,4,O01398,
M001518,D001518,2026-07-08 14:00:00,ISSUE,SKU007,B0099,L007,4,O01399,
M001519,D001519,2026-07-08 14:00:00,ISSUE,SKU008,B0038,L008,4,O01400,
M001520,D001520,2026-07-08 14:00:00,ISSUE,SKU009,B0039,L009,1,O01401,
M001521,D001521,2026-07-08 14:00:00,ISSUE,SKU012,B0067,L012,2,O01402,
M001522,D001522,2026-07-08 14:00:00,ISSUE,SKU016,B0104,L016,4,O01403,
M001523,D001523,2026-07-08 14:00:00,ISSUE,SKU022,B0074,L022,3,O01404,
M001524,D001524,2026-07-08 14:00:00,ISSUE,SKU023,B0053,L023,2,O01405,
M001525,D001525,2026-07-09 14:00:00,ISSUE,SKU002,B0094,L002,2,O01406,
M001526,D001526,2026-07-09 14:00:00,ISSUE,SKU003,B0095,L003,3,O01407,
M001527,D001527,2026-07-09 14:00:00,ISSUE,SKU004,B0096,L004,4,O01408,
M001528,D001528,2026-07-09 14:00:00,ISSUE,SKU005,B0084,L005,1,O01409,
M001529,D001529,2026-07-09 14:00:00,ISSUE,SKU012,B0067,L012,3,O01411,
M001530,D001530,2026-07-09 14:00:00,ISSUE,SKU016,B0104,L016,2,O01412,
M001531,D001531,2026-07-09 14:00:00,ISSUE,SKU001,B0093,L001,5,O01413,
M001532,D001532,2026-07-09 14:00:00,ISSUE,SKU002,B0094,L002,4,O01414,
M001533,D001533,2026-07-09 14:00:00,ISSUE,SKU007,B0099,L007,3,O01415,
M001534,D001534,2026-07-09 14:00:00,ISSUE,SKU014,B0044,L014,3,O01416,
M001535,D001535,2026-07-09 14:00:00,ISSUE,SKU016,B0104,L016,2,O01417,
M001536,D001536,2026-07-09 14:00:00,ISSUE,SKU025,B0077,L025,5,O01418,
M001537,D001537,2026-07-09 14:00:00,ISSUE,SKU001,B0093,L001,1,O01419,
M001538,D001538,2026-07-09 14:00:00,ISSUE,SKU002,B0094,L002,4,O01420,
M001539,D001539,2026-07-09 14:00:00,ISSUE,SKU004,B0096,L004,6,O01421,
M001540,D001540,2026-07-09 14:00:00,ISSUE,SKU008,B0038,L008,5,O01422,
M001541,D001541,2026-07-09 14:00:00,ISSUE,SKU011,B0101,L011,4,O01423,
M001542,D001542,2026-07-09 14:00:00,ISSUE,SKU013,B0087,L013,6,O01424,
M001543,D001543,2026-07-09 14:00:00,ISSUE,SKU014,B0044,L014,5,O01425,
M001544,D001544,2026-07-09 14:00:00,ISSUE,SKU021,B0051,L021,2,O01426,
M001545,D001545,2026-07-09 14:00:00,ISSUE,SKU023,B0053,L023,4,O01427,
M001546,D001546,2026-07-09 14:00:00,ISSUE,SKU003,B0095,L003,1,O01428,
M001547,D001547,2026-07-09 14:00:00,ISSUE,SKU004,B0096,L004,3,O01429,
M001548,D001548,2026-07-09 14:00:00,ISSUE,SKU005,B0084,L005,3,O01430,
M001549,D001549,2026-07-09 14:00:00,ISSUE,SKU008,B0038,L008,4,O01432,
M001550,D001550,2026-07-09 14:00:00,ISSUE,SKU009,B0039,L009,1,O01433,
M001551,D001551,2026-07-09 14:00:00,ISSUE,SKU014,B0044,L014,1,O01434,
M001552,D001552,2026-07-09 14:00:00,ISSUE,SKU016,B0104,L016,4,O01435,
M001553,D001553,2026-07-09 14:00:00,ISSUE,SKU020,B0090,L020,6,O01436,
M001554,D001554,2026-07-09 14:00:00,ISSUE,SKU024,B0054,L024,6,O01437,
M001555,D001555,2026-07-09 14:00:00,ISSUE,SKU028,B0058,L028,1,O01438,
M001556,D001556,2026-07-09 14:00:00,ISSUE,SKU002,B0094,L002,2,O01439,
M001557,D001557,2026-07-09 14:00:00,ISSUE,SKU005,B0084,L005,1,O01440,
M001558,D001558,2026-07-09 14:00:00,ISSUE,SKU007,B0099,L007,4,O01442,
M001559,D001559,2026-07-09 14:00:00,ISSUE,SKU012,B0067,L012,1,O01443,
M001560,D001560,2026-07-09 14:00:00,ISSUE,SKU015,B0015,L015,4,O01444,
M001561,D001561,2026-07-09 14:00:00,ISSUE,SKU021,B0051,L021,1,O01445,
M001562,D001562,2026-07-09 14:00:00,ISSUE,SKU024,B0054,L024,3,O01446,
M001563,D001563,2026-07-10 14:00:00,ISSUE,SKU004,B0096,L004,2,O01447,
M001564,D001564,2026-07-10 14:00:00,ISSUE,SKU005,B0084,L005,2,O01448,
M001565,D001565,2026-07-10 14:00:00,ISSUE,SKU009,B0039,L009,3,O01450,
M001566,D001566,2026-07-10 14:00:00,ISSUE,SKU013,B0087,L013,2,O01451,
M001567,D001567,2026-07-10 14:00:00,ISSUE,SKU016,B0104,L016,4,O01452,
M001568,D001568,2026-07-10 14:00:00,ISSUE,SKU021,B0051,L021,2,O01453,
M001569,D001569,2026-07-10 14:00:00,ISSUE,SKU024,B0054,L024,2,O01454,
M001570,D001570,2026-07-10 14:00:00,ISSUE,SKU025,B0077,L025,4,O01455,
M001571,D001571,2026-07-10 14:00:00,ISSUE,SKU028,B0058,L028,3,O01456,
M001572,D001572,2026-07-10 14:00:00,ISSUE,SKU003,B0095,L003,1,O01457,
M001573,D001573,2026-07-10 14:00:00,ISSUE,SKU005,B0084,L005,1,O01458,
M001574,D001574,2026-07-10 14:00:00,ISSUE,SKU019,B0071,L019,1,O01460,
M001575,D001575,2026-07-10 14:00:00,ISSUE,SKU022,B0074,L022,5,O01461,
M001576,D001576,2026-07-10 14:00:00,ISSUE,SKU024,B0054,L024,2,O01462,
M001577,D001577,2026-07-10 14:00:00,ISSUE,SKU027,B0057,L027,3,O01463,
M001578,D001578,2026-07-10 14:00:00,ISSUE,SKU001,B0093,L001,1,O01464,
M001579,D001579,2026-07-10 14:00:00,ISSUE,SKU002,B0094,L002,2,O01465,
M001580,D001580,2026-07-10 14:00:00,ISSUE,SKU003,B0095,L003,5,O01466,
M001581,D001581,2026-07-10 14:00:00,ISSUE,SKU005,B0084,L005,2,O01467,
M001582,D001582,2026-07-10 14:00:00,ISSUE,SKU011,B0101,L011,5,O01469,
M001583,D001583,2026-07-10 14:00:00,ISSUE,SKU016,B0104,L016,4,O01470,
M001584,D001584,2026-07-10 14:00:00,ISSUE,SKU017,B0088,L017,6,O01471,
M001585,D001585,2026-07-10 14:00:00,ISSUE,SKU018,B0089,L018,5,O01472,
M001586,D001586,2026-07-10 14:00:00,ISSUE,SKU025,B0077,L025,4,O01473,
M001587,D001587,2026-07-10 14:00:00,ISSUE,SKU027,B0057,L027,6,O01474,
M001588,D001588,2026-07-10 14:00:00,ISSUE,SKU001,B0093,L001,7,O01475,
M001589,D001589,2026-07-10 14:00:00,ISSUE,SKU002,B0094,L002,6,O01476,
M001590,D001590,2026-07-10 14:00:00,ISSUE,SKU003,B0095,L003,1,O01477,
M001591,D001591,2026-07-10 14:00:00,ISSUE,SKU005,B0084,L005,6,O01478,
M001592,D001592,2026-07-10 14:00:00,ISSUE,SKU009,B0039,L009,7,O01480,
M001593,D001593,2026-07-10 14:00:00,ISSUE,SKU015,B0015,L015,1,O01481,
M001594,D001594,2026-07-10 14:00:00,ISSUE,SKU020,B0090,L020,1,O01482,
M001595,D001595,2026-07-10 14:00:00,ISSUE,SKU023,B0053,L023,1,O01483,
M001596,D001596,2026-07-10 14:00:00,ISSUE,SKU024,B0054,L024,4,O01484,
M001597,D001597,2026-07-10 14:00:00,ISSUE,SKU026,B0056,L026,4,O01485,
M001598,D001598,2026-07-10 14:00:00,ISSUE,SKU028,B0058,L028,6,O01486,
M001599,D001599,2026-07-10 14:00:00,ISSUE,SKU002,B0094,L002,2,O01487,
M001600,D001600,2026-07-10 14:00:00,ISSUE,SKU003,B0095,L003,4,O01488,
M001601,D001601,2026-07-10 14:00:00,ISSUE,SKU004,B0096,L004,4,O01489,
M001602,D001602,2026-07-10 14:00:00,ISSUE,SKU012,B0067,L012,3,O01491,
M001603,D001603,2026-07-10 14:00:00,ISSUE,SKU013,B0087,L013,3,O01492,
M001604,D001604,2026-07-10 14:00:00,ISSUE,SKU014,B0044,L014,4,O01493,
M001605,D001605,2026-07-10 14:00:00,ISSUE,SKU019,B0071,L019,2,O01494,
M001606,D001606,2026-07-10 14:00:00,ISSUE,SKU022,B0074,L022,1,O01495,
M001607,D001607,2026-07-10 14:00:00,ISSUE,SKU024,B0076,L024,3,O01496,
M001608,D001608,2026-07-10 14:00:00,ISSUE,SKU028,B0058,L028,4,O01497,
M001609,D001609,2026-07-11 14:00:00,ISSUE,SKU001,B0093,L001,4,O01498,
M001610,D001610,2026-07-11 14:00:00,ISSUE,SKU002,B0094,L002,5,O01499,
M001611,D001611,2026-07-11 14:00:00,ISSUE,SKU003,B0095,L003,2,O01500,
M001612,D001612,2026-07-11 14:00:00,ISSUE,SKU004,B0096,L004,3,O01501,
M001613,D001613,2026-07-11 14:00:00,ISSUE,SKU005,B0084,L005,4,O01502,
M001614,D001614,2026-07-11 14:00:00,ISSUE,SKU014,B0044,L014,2,O01504,
M001615,D001615,2026-07-11 14:00:00,ISSUE,SKU022,B0074,L022,5,O01505,
M001616,D001616,2026-07-11 14:00:00,ISSUE,SKU023,B0053,L023,2,O01506,
M001617,D001617,2026-07-11 14:00:00,ISSUE,SKU027,B0057,L027,1,O01507,
M001618,D001618,2026-07-11 14:00:00,ISSUE,SKU028,B0058,L028,5,O01508,
M001619,D001619,2026-07-11 14:00:00,ISSUE,SKU003,B0095,L003,4,O01509,
M001620,D001620,2026-07-11 14:00:00,ISSUE,SKU005,B0084,L005,6,O01510,
M001621,D001621,2026-07-11 14:00:00,ISSUE,SKU008,B0038,L008,4,O01512,
M001622,D001622,2026-07-11 14:00:00,ISSUE,SKU013,B0087,L013,5,O01513,
M001623,D001623,2026-07-11 14:00:00,ISSUE,SKU015,B0015,L015,1,O01514,
M001624,D001624,2026-07-11 14:00:00,ISSUE,SKU016,B0104,L016,5,O01515,
M001625,D001625,2026-07-11 14:00:00,ISSUE,SKU017,B0088,L017,3,O01516,
M001626,D001626,2026-07-11 14:00:00,ISSUE,SKU022,B0074,L022,3,O01517,
M001627,D001627,2026-07-11 14:00:00,ISSUE,SKU001,B0093,L001,8,O01518,
M001628,D001628,2026-07-11 14:00:00,ISSUE,SKU002,B0094,L002,2,O01519,
M001629,D001629,2026-07-11 14:00:00,ISSUE,SKU004,B0096,L004,6,O01520,
M001630,D001630,2026-07-11 14:00:00,ISSUE,SKU005,B0084,L005,6,O01521,
M001631,D001631,2026-07-11 14:00:00,ISSUE,SKU011,B0101,L011,5,O01523,
M001632,D001632,2026-07-11 14:00:00,ISSUE,SKU014,B0044,L014,5,O01524,
M001633,D001633,2026-07-11 14:00:00,ISSUE,SKU017,B0088,L017,5,O01525,
M001634,D001634,2026-07-11 14:00:00,ISSUE,SKU019,B0071,L019,2,O01526,
M001635,D001635,2026-07-11 14:00:00,ISSUE,SKU022,B0074,L022,6,O01527,
M001636,D001636,2026-07-11 14:00:00,ISSUE,SKU025,B0077,L025,2,O01528,
M001637,D001637,2026-07-11 14:00:00,ISSUE,SKU001,B0093,L001,9,O01529,
M001638,D001638,2026-07-11 14:00:00,ISSUE,SKU004,B0096,L004,2,O01530,
M001639,D001639,2026-07-11 14:00:00,ISSUE,SKU005,B0084,L005,9,O01531,
M001640,D001640,2026-07-11 14:00:00,ISSUE,SKU008,B0038,L008,5,O01533,
M001641,D001641,2026-07-11 14:00:00,ISSUE,SKU015,B0015,L015,5,O01534,
M001642,D001642,2026-07-11 14:00:00,ISSUE,SKU017,B0088,L017,2,O01535,
M001643,D001643,2026-07-11 14:00:00,ISSUE,SKU020,B0090,L020,9,O01536,
M001644,D001644,2026-07-11 14:00:00,ISSUE,SKU027,B0057,L027,1,O01537,
M001645,D001645,2026-07-11 14:00:00,ISSUE,SKU027,B0078,L027,4,O01537,
M001646,D001646,2026-07-11 14:00:00,ISSUE,SKU001,B0093,L001,2,O01538,
M001647,D001647,2026-07-11 14:00:00,ISSUE,SKU003,B0095,L003,5,O01539,
M001648,D001648,2026-07-11 14:00:00,ISSUE,SKU005,B0084,L005,5,O01540,
M001649,D001649,2026-07-11 14:00:00,ISSUE,SKU015,B0015,L015,1,O01541,
M001650,D001650,2026-07-11 14:00:00,ISSUE,SKU019,B0071,L019,2,O01542,
M001651,D001651,2026-07-11 14:00:00,ISSUE,SKU023,B0053,L023,2,O01543,
M001652,D001652,2026-07-11 14:00:00,ISSUE,SKU026,B0056,L026,1,O01544,
M001653,D001653,2026-07-12 14:00:00,ISSUE,SKU001,B0093,L001,5,O01545,
M001654,D001654,2026-07-12 14:00:00,ISSUE,SKU002,B0094,L002,2,O01546,
M001655,D001655,2026-07-12 14:00:00,ISSUE,SKU003,B0095,L003,3,O01547,
M001656,D001656,2026-07-12 14:00:00,ISSUE,SKU004,B0096,L004,3,O01548,
M001657,D001657,2026-07-12 14:00:00,ISSUE,SKU009,B0039,L009,5,O01549,
M001658,D001658,2026-07-12 14:00:00,ISSUE,SKU012,B0067,L012,4,O01550,
M001659,D001659,2026-07-12 14:00:00,ISSUE,SKU018,B0089,L018,5,O01551,
M001660,D001660,2026-07-12 14:00:00,ISSUE,SKU022,B0074,L022,2,O01552,
M001661,D001661,2026-07-12 14:00:00,ISSUE,SKU026,B0056,L026,2,O01553,
M001662,D001662,2026-07-12 14:00:00,ISSUE,SKU027,B0078,L027,3,O01554,
M001663,D001663,2026-07-12 14:00:00,ISSUE,SKU028,B0079,L028,4,O01555,
M001664,D001664,2026-07-12 14:00:00,ISSUE,SKU001,B0093,L001,3,O01556,
M001665,D001665,2026-07-12 14:00:00,ISSUE,SKU002,B0094,L002,5,O01557,
M001666,D001666,2026-07-12 14:00:00,ISSUE,SKU004,B0096,L004,1,O01558,
M001667,D001667,2026-07-12 14:00:00,ISSUE,SKU005,B0084,L005,4,O01559,
M001668,D001668,2026-07-12 14:00:00,ISSUE,SKU009,B0039,L009,1,O01560,
M001669,D001669,2026-07-12 14:00:00,ISSUE,SKU016,B0104,L016,3,O01561,
M001670,D001670,2026-07-12 14:00:00,ISSUE,SKU017,B0088,L017,4,O01562,
M001671,D001671,2026-07-12 14:00:00,ISSUE,SKU018,B0089,L018,4,O01563,
M001672,D001672,2026-07-12 14:00:00,ISSUE,SKU021,B0051,L021,5,O01564,
M001673,D001673,2026-07-12 14:00:00,ISSUE,SKU022,B0074,L022,4,O01565,
M001674,D001674,2026-07-12 14:00:00,ISSUE,SKU024,B0076,L024,4,O01566,
M001675,D001675,2026-07-12 14:00:00,ISSUE,SKU003,B0095,L003,3,O01567,
M001676,D001676,2026-07-12 14:00:00,ISSUE,SKU004,B0096,L004,5,O01568,
M001677,D001677,2026-07-12 14:00:00,ISSUE,SKU005,B0084,L005,6,O01569,
M001678,D001678,2026-07-12 14:00:00,ISSUE,SKU007,B0099,L007,6,O01571,
M001679,D001679,2026-07-12 14:00:00,ISSUE,SKU015,B0015,L015,5,O01572,
M001680,D001680,2026-07-12 14:00:00,ISSUE,SKU022,B0074,L022,2,O01573,
M001681,D001681,2026-07-12 14:00:00,ISSUE,SKU023,B0053,L023,5,O01574,
M001682,D001682,2026-07-12 14:00:00,ISSUE,SKU024,B0076,L024,6,O01575,
M001683,D001683,2026-07-12 14:00:00,ISSUE,SKU026,B0056,L026,5,O01576,
M001684,D001684,2026-07-12 14:00:00,ISSUE,SKU028,B0079,L028,6,O01577,
M001685,D001685,2026-07-12 14:00:00,ISSUE,SKU001,B0093,L001,5,O01578,
M001686,D001686,2026-07-12 14:00:00,ISSUE,SKU005,B0084,L005,1,O01579,
M001687,D001687,2026-07-12 14:00:00,ISSUE,SKU005,B0097,L005,4,O01579,
M001688,D001688,2026-07-12 14:00:00,ISSUE,SKU014,B0044,L014,7,O01581,
M001689,D001689,2026-07-12 14:00:00,ISSUE,SKU019,B0071,L019,9,O01582,
M001690,D001690,2026-07-12 14:00:00,ISSUE,SKU021,B0051,L021,1,O01583,
M001691,D001691,2026-07-12 14:00:00,ISSUE,SKU021,B0073,L021,4,O01583,
M001692,D001692,2026-07-12 14:00:00,ISSUE,SKU022,B0074,L022,9,O01584,
M001693,D001693,2026-07-12 14:00:00,ISSUE,SKU001,B0093,L001,1,O01585,
M001694,D001694,2026-07-12 14:00:00,ISSUE,SKU003,B0095,L003,1,O01586,
M001695,D001695,2026-07-12 14:00:00,ISSUE,SKU004,B0096,L004,4,O01587,
M001696,D001696,2026-07-12 14:00:00,ISSUE,SKU005,B0097,L005,6,O01588,
M001697,D001697,2026-07-12 14:00:00,ISSUE,SKU012,B0067,L012,4,O01589,
M001698,D001698,2026-07-12 14:00:00,ISSUE,SKU013,B0087,L013,6,O01590,
M001699,D001699,2026-07-12 14:00:00,ISSUE,SKU015,B0015,L015,5,O01591,
M001700,D001700,2026-07-12 14:00:00,ISSUE,SKU018,B0089,L018,1,O01592,
M001701,D001701,2026-07-12 14:00:00,ISSUE,SKU019,B0049,L019,1,O01593,
M001702,D001702,2026-07-12 14:00:00,ISSUE,SKU022,B0074,L022,2,O01594,
M001703,D001703,2026-07-13 14:00:00,ISSUE,SKU003,B0095,L003,3,O01595,
M001704,D001704,2026-07-13 14:00:00,ISSUE,SKU004,B0096,L004,3,O01596,
M001705,D001705,2026-07-13 14:00:00,ISSUE,SKU008,B0038,L008,3,O01597,
M001706,D001706,2026-07-13 14:00:00,ISSUE,SKU011,B0101,L011,1,O01598,
M001707,D001707,2026-07-13 14:00:00,ISSUE,SKU024,B0076,L024,4,O01599,
M001708,D001708,2026-07-13 14:00:00,ISSUE,SKU027,B0078,L027,2,O01600,
M001709,D001709,2026-07-13 14:00:00,ISSUE,SKU001,B0093,L001,1,O01601,
M001710,D001710,2026-07-13 14:00:00,ISSUE,SKU001,B0080,L001,3,O01601,
M001711,D001711,2026-07-13 14:00:00,ISSUE,SKU004,B0096,L004,4,O01602,
M001712,D001712,2026-07-13 14:00:00,ISSUE,SKU007,B0099,L007,5,O01603,
M001713,D001713,2026-07-13 14:00:00,ISSUE,SKU009,B0039,L009,4,O01604,
M001714,D001714,2026-07-13 14:00:00,ISSUE,SKU011,B0101,L011,3,O01605,
M001715,D001715,2026-07-13 14:00:00,ISSUE,SKU014,B0044,L014,3,O01606,
M001716,D001716,2026-07-13 14:00:00,ISSUE,SKU015,B0015,L015,1,O01607,
M001717,D001717,2026-07-13 14:00:00,ISSUE,SKU018,B0089,L018,2,O01608,
M001718,D001718,2026-07-13 14:00:00,ISSUE,SKU020,B0090,L020,2,O01609,
M001719,D001719,2026-07-13 14:00:00,ISSUE,SKU025,B0077,L025,3,O01610,
M001720,D001720,2026-07-13 14:00:00,ISSUE,SKU003,B0095,L003,1,O01611,
M001721,D001721,2026-07-13 14:00:00,ISSUE,SKU005,B0097,L005,5,O01612,
M001722,D001722,2026-07-13 14:00:00,ISSUE,SKU008,B0038,L008,2,O01614,
M001723,D001723,2026-07-13 14:00:00,ISSUE,SKU013,B0087,L013,1,O01615,
M001724,D001724,2026-07-13 14:00:00,ISSUE,SKU018,B0089,L018,2,O01616,
M001725,D001725,2026-07-13 14:00:00,ISSUE,SKU023,B0053,L023,4,O01617,
M001726,D001726,2026-07-13 14:00:00,ISSUE,SKU001,B0080,L001,6,O01618,
M001727,D001727,2026-07-13 14:00:00,ISSUE,SKU002,B0094,L002,7,O01619,
M001728,D001728,2026-07-13 14:00:00,ISSUE,SKU003,B0095,L003,4,O01620,
M001729,D001729,2026-07-13 14:00:00,ISSUE,SKU004,B0096,L004,6,O01621,
M001730,D001730,2026-07-13 14:00:00,ISSUE,SKU011,B0101,L011,6,O01623,
M001731,D001731,2026-07-13 14:00:00,ISSUE,SKU012,B0067,L012,4,O01624,
M001732,D001732,2026-07-13 14:00:00,ISSUE,SKU013,B0087,L013,3,O01625,
M001733,D001733,2026-07-13 14:00:00,ISSUE,SKU019,B0049,L019,3,O01626,
M001734,D001734,2026-07-13 14:00:00,ISSUE,SKU028,B0079,L028,7,O01627,
M001735,D001735,2026-07-13 14:00:00,ISSUE,SKU001,B0080,L001,2,O01628,
M001736,D001736,2026-07-13 14:00:00,ISSUE,SKU003,B0095,L003,4,O01629,
M001737,D001737,2026-07-13 14:00:00,ISSUE,SKU004,B0096,L004,3,O01630,
M001738,D001738,2026-07-13 14:00:00,ISSUE,SKU014,B0044,L014,2,O01631,
M001739,D001739,2026-07-13 14:00:00,ISSUE,SKU021,B0073,L021,3,O01632,
M001740,D001740,2026-07-13 14:00:00,ISSUE,SKU024,B0076,L024,4,O01633,
M001741,D001741,2026-07-14 08:00:00,RECEIPT,SKU002,B0109,L002,98,,R0079
M001742,D001742,2026-07-14 08:00:00,RECEIPT,SKU003,B0110,L003,67,,R0080
M001743,D001743,2026-07-14 08:00:00,RECEIPT,SKU004,B0111,L004,87,,R0081
M001744,D001744,2026-07-14 08:00:00,RECEIPT,SKU005,B0112,L005,93,,R0082
M001745,D001745,2026-07-14 08:00:00,RECEIPT,SKU006,B0113,L006,78,,R0083
M001746,D001746,2026-07-14 08:00:00,RECEIPT,SKU007,B0114,L007,64,,R0084
M001747,D001747,2026-07-14 08:00:00,RECEIPT,SKU013,B0115,L013,74,,R0085
M001748,D001748,2026-07-14 08:00:00,RECEIPT,SKU015,B0116,L015,77,,R0086
M001749,D001749,2026-07-14 08:00:00,RECEIPT,SKU018,B0117,L018,76,,R0087
M001750,D001750,2026-07-14 08:00:00,RECEIPT,SKU019,B0118,L019,69,,R0088
M001751,D001751,2026-07-14 08:00:00,RECEIPT,SKU022,B0119,L022,92,,R0089
M001752,D001752,2026-07-14 08:00:00,RECEIPT,SKU023,B0120,L023,83,,R0090
M001753,D001753,2026-07-14 08:00:00,RECEIPT,SKU028,B0121,L028,70,,R0091
M001754,D001754,2026-07-14 14:00:00,ISSUE,SKU001,B0080,L001,2,O01634,
M001755,D001755,2026-07-14 14:00:00,ISSUE,SKU002,B0094,L002,4,O01635,
M001756,D001756,2026-07-14 14:00:00,ISSUE,SKU003,B0095,L003,2,O01636,
M001757,D001757,2026-07-14 14:00:00,ISSUE,SKU003,B0082,L003,2,O01636,
M001758,D001758,2026-07-14 14:00:00,ISSUE,SKU004,B0096,L004,2,O01637,
M001759,D001759,2026-07-14 14:00:00,ISSUE,SKU005,B0112,L005,1,O01638,
M001760,D001760,2026-07-14 14:00:00,ISSUE,SKU006,B0113,L006,2,O01639,
M001761,D001761,2026-07-14 14:00:00,ISSUE,SKU007,B0099,L007,2,O01640,
M001762,D001762,2026-07-14 14:00:00,ISSUE,SKU013,B0087,L013,2,O01641,
M001763,D001763,2026-07-14 14:00:00,ISSUE,SKU015,B0015,L015,3,O01642,
M001764,D001764,2026-07-14 14:00:00,ISSUE,SKU022,B0074,L022,2,O01643,
M001765,D001765,2026-07-14 14:00:00,ISSUE,SKU023,B0053,L023,4,O01644,
M001766,D001766,2026-07-14 14:00:00,ISSUE,SKU027,B0078,L027,1,O01645,
M001767,D001767,2026-07-14 14:00:00,ISSUE,SKU004,B0096,L004,3,O01646,
M001768,D001768,2026-07-14 14:00:00,ISSUE,SKU005,B0112,L005,2,O01647,
M001769,D001769,2026-07-14 14:00:00,ISSUE,SKU006,B0113,L006,1,O01648,
M001770,D001770,2026-07-14 14:00:00,ISSUE,SKU013,B0087,L013,2,O01649,
M001771,D001771,2026-07-14 14:00:00,ISSUE,SKU022,B0074,L022,2,O01650,
M001772,D001772,2026-07-14 14:00:00,ISSUE,SKU023,B0053,L023,5,O01651,
M001773,D001773,2026-07-14 14:00:00,ISSUE,SKU025,B0077,L025,4,O01652,
M001774,D001774,2026-07-14 14:00:00,ISSUE,SKU027,B0078,L027,1,O01653,
M001775,D001775,2026-07-14 14:00:00,ISSUE,SKU002,B0094,L002,6,O01654,
M001776,D001776,2026-07-14 14:00:00,ISSUE,SKU004,B0096,L004,4,O01655,
M001777,D001777,2026-07-14 14:00:00,ISSUE,SKU006,B0113,L006,1,O01656,
M001778,D001778,2026-07-14 14:00:00,ISSUE,SKU007,B0099,L007,4,O01657,
M001779,D001779,2026-07-14 14:00:00,ISSUE,SKU019,B0049,L019,6,O01658,
M001780,D001780,2026-07-14 14:00:00,ISSUE,SKU020,B0090,L020,1,O01659,
M001781,D001781,2026-07-14 14:00:00,ISSUE,SKU021,B0073,L021,6,O01660,
M001782,D001782,2026-07-14 14:00:00,ISSUE,SKU024,B0076,L024,5,O01661,
M001783,D001783,2026-07-14 14:00:00,ISSUE,SKU028,B0079,L028,6,O01662,
M001784,D001784,2026-07-14 14:00:00,ISSUE,SKU001,B0080,L001,6,O01663,
M001785,D001785,2026-07-14 14:00:00,ISSUE,SKU003,B0082,L003,1,O01664,
M001786,D001786,2026-07-14 14:00:00,ISSUE,SKU003,B0110,L003,5,O01664,
M001787,D001787,2026-07-14 14:00:00,ISSUE,SKU004,B0096,L004,3,O01665,
M001788,D001788,2026-07-14 14:00:00,ISSUE,SKU006,B0113,L006,3,O01666,
M001789,D001789,2026-07-14 14:00:00,ISSUE,SKU012,B0067,L012,3,O01667,
M001790,D001790,2026-07-14 14:00:00,ISSUE,SKU019,B0049,L019,1,O01668,
M001791,D001791,2026-07-14 14:00:00,ISSUE,SKU021,B0073,L021,6,O01669,
M001792,D001792,2026-07-14 14:00:00,ISSUE,SKU024,B0076,L024,3,O01670,
M001793,D001793,2026-07-14 14:00:00,ISSUE,SKU025,B0077,L025,3,O01671,
M001794,D001794,2026-07-14 14:00:00,ISSUE,SKU002,B0094,L002,1,O01672,
M001795,D001795,2026-07-14 14:00:00,ISSUE,SKU003,B0110,L003,1,O01673,
M001796,D001796,2026-07-14 14:00:00,ISSUE,SKU006,B0113,L006,2,O01674,
M001797,D001797,2026-07-14 14:00:00,ISSUE,SKU008,B0038,L008,4,O01675,
M001798,D001798,2026-07-14 14:00:00,ISSUE,SKU012,B0012,L012,4,O01676,
M001799,D001799,2026-07-14 14:00:00,ISSUE,SKU017,B0088,L017,2,O01677,
M001800,D001800,2026-07-14 14:00:00,ISSUE,SKU023,B0053,L023,4,O01678,
M001801,D001801,2026-07-14 14:00:00,ISSUE,SKU027,B0078,L027,3,O01679,
M001802,D001802,2026-07-15 14:00:00,ISSUE,SKU001,B0080,L001,3,O01680,
M001803,D001803,2026-07-15 14:00:00,ISSUE,SKU002,B0094,L002,3,O01681,
M001804,D001804,2026-07-15 14:00:00,ISSUE,SKU003,B0110,L003,2,O01682,
M001805,D001805,2026-07-15 14:00:00,ISSUE,SKU005,B0112,L005,2,O01683,
M001806,D001806,2026-07-15 14:00:00,ISSUE,SKU006,B0113,L006,4,O01684,
M001807,D001807,2026-07-15 14:00:00,ISSUE,SKU007,B0099,L007,3,O01685,
M001808,D001808,2026-07-15 14:00:00,ISSUE,SKU012,B0012,L012,2,O01686,
M001809,D001809,2026-07-15 14:00:00,ISSUE,SKU013,B0087,L013,2,O01687,
M001810,D001810,2026-07-15 14:00:00,ISSUE,SKU019,B0049,L019,2,O01688,
M001811,D001811,2026-07-15 14:00:00,ISSUE,SKU024,B0076,L024,3,O01689,
M001812,D001812,2026-07-15 14:00:00,ISSUE,SKU026,B0056,L026,2,O01690,
M001813,D001813,2026-07-15 14:00:00,ISSUE,SKU002,B0094,L002,5,O01691,
M001814,D001814,2026-07-15 14:00:00,ISSUE,SKU003,B0110,L003,4,O01692,
M001815,D001815,2026-07-15 14:00:00,ISSUE,SKU005,B0112,L005,3,O01693,
M001816,D001816,2026-07-15 14:00:00,ISSUE,SKU006,B0113,L006,5,O01694,
M001817,D001817,2026-07-15 14:00:00,ISSUE,SKU013,B0087,L013,1,O01695,
M001818,D001818,2026-07-15 14:00:00,ISSUE,SKU016,B0104,L016,1,O01696,
M001819,D001819,2026-07-15 14:00:00,ISSUE,SKU018,B0089,L018,4,O01697,
M001820,D001820,2026-07-15 14:00:00,ISSUE,SKU019,B0049,L019,4,O01698,
M001821,D001821,2026-07-15 14:00:00,ISSUE,SKU021,B0073,L021,2,O01699,
M001822,D001822,2026-07-15 14:00:00,ISSUE,SKU026,B0056,L026,3,O01700,
M001823,D001823,2026-07-15 14:00:00,ISSUE,SKU027,B0078,L027,3,O01701,
M001824,D001824,2026-07-15 14:00:00,ISSUE,SKU001,B0080,L001,2,O01702,
M001825,D001825,2026-07-15 14:00:00,ISSUE,SKU002,B0094,L002,4,O01703,
M001826,D001826,2026-07-15 14:00:00,ISSUE,SKU003,B0110,L003,2,O01704,
M001827,D001827,2026-07-15 14:00:00,ISSUE,SKU005,B0112,L005,4,O01705,
M001828,D001828,2026-07-15 14:00:00,ISSUE,SKU006,B0113,L006,6,O01706,
M001829,D001829,2026-07-15 14:00:00,ISSUE,SKU015,B0015,L015,6,O01707,
M001830,D001830,2026-07-15 14:00:00,ISSUE,SKU019,B0049,L019,4,O01708,
M001831,D001831,2026-07-15 14:00:00,ISSUE,SKU021,B0073,L021,6,O01709,
M001832,D001832,2026-07-15 14:00:00,ISSUE,SKU025,B0077,L025,4,O01710,
M001833,D001833,2026-07-15 14:00:00,ISSUE,SKU001,B0080,L001,4,O01711,
M001834,D001834,2026-07-15 14:00:00,ISSUE,SKU003,B0110,L003,4,O01712,
M001835,D001835,2026-07-15 14:00:00,ISSUE,SKU005,B0112,L005,3,O01713,
M001836,D001836,2026-07-15 14:00:00,ISSUE,SKU006,B0113,L006,3,O01714,
M001837,D001837,2026-07-15 14:00:00,ISSUE,SKU009,B0100,L009,1,O01715,
M001838,D001838,2026-07-15 14:00:00,ISSUE,SKU011,B0101,L011,4,O01716,
M001839,D001839,2026-07-15 14:00:00,ISSUE,SKU013,B0087,L013,1,O01717,
M001840,D001840,2026-07-15 14:00:00,ISSUE,SKU016,B0104,L016,6,O01718,
M001841,D001841,2026-07-15 14:00:00,ISSUE,SKU019,B0049,L019,1,O01719,
M001842,D001842,2026-07-15 14:00:00,ISSUE,SKU021,B0073,L021,1,O01720,
M001843,D001843,2026-07-15 14:00:00,ISSUE,SKU001,B0080,L001,3,O01721,
M001844,D001844,2026-07-15 14:00:00,ISSUE,SKU003,B0110,L003,4,O01722,
M001845,D001845,2026-07-15 14:00:00,ISSUE,SKU005,B0112,L005,3,O01723,
M001846,D001846,2026-07-15 14:00:00,ISSUE,SKU006,B0113,L006,2,O01724,
M001847,D001847,2026-07-15 14:00:00,ISSUE,SKU014,B0044,L014,2,O01725,
M001848,D001848,2026-07-15 14:00:00,ISSUE,SKU016,B0104,L016,4,O01726,
M001849,D001849,2026-07-15 14:00:00,ISSUE,SKU024,B0076,L024,4,O01727,
M001850,D001850,2026-07-15 14:00:00,ISSUE,SKU027,B0078,L027,4,O01728,
M001851,D001851,2026-07-15 14:00:00,ISSUE,SKU028,B0079,L028,1,O01729,
M001852,D001852,2026-07-16 14:00:00,ISSUE,SKU002,B0094,L002,2,O01731,
M001853,D001853,2026-07-16 14:00:00,ISSUE,SKU004,B0096,L004,4,O01732,
M001854,D001854,2026-07-16 14:00:00,ISSUE,SKU006,B0113,L006,2,O01733,
M001855,D001855,2026-07-16 14:00:00,ISSUE,SKU007,B0099,L007,4,O01734,
M001856,D001856,2026-07-16 14:00:00,ISSUE,SKU008,B0038,L008,3,O01735,
M001857,D001857,2026-07-16 14:00:00,ISSUE,SKU011,B0101,L011,4,O01736,
M001858,D001858,2026-07-16 14:00:00,ISSUE,SKU013,B0087,L013,2,O01737,
M001859,D001859,2026-07-16 14:00:00,ISSUE,SKU014,B0044,L014,1,O01738,
M001860,D001860,2026-07-16 14:00:00,ISSUE,SKU014,B0103,L014,1,O01738,
M001861,D001861,2026-07-16 14:00:00,ISSUE,SKU016,B0104,L016,3,O01739,
M001862,D001862,2026-07-16 14:00:00,ISSUE,SKU025,B0077,L025,1,O01740,
M001863,D001863,2026-07-16 14:00:00,ISSUE,SKU028,B0079,L028,1,O01741,
M001864,D001864,2026-07-16 14:00:00,ISSUE,SKU003,B0110,L003,3,O01743,
M001865,D001865,2026-07-16 14:00:00,ISSUE,SKU006,B0113,L006,5,O01744,
M001866,D001866,2026-07-16 14:00:00,ISSUE,SKU008,B0038,L008,3,O01745,
M001867,D001867,2026-07-16 14:00:00,ISSUE,SKU009,B0100,L009,3,O01746,
M001868,D001868,2026-07-16 14:00:00,ISSUE,SKU016,B0104,L016,2,O01747,
M001869,D001869,2026-07-16 14:00:00,ISSUE,SKU017,B0088,L017,2,O01748,
M001870,D001870,2026-07-16 14:00:00,ISSUE,SKU022,B0074,L022,2,O01749,
M001871,D001871,2026-07-16 14:00:00,ISSUE,SKU023,B0053,L023,5,O01750,
M001872,D001872,2026-07-16 14:00:00,ISSUE,SKU024,B0076,L024,4,O01751,
M001873,D001873,2026-07-16 14:00:00,ISSUE,SKU027,B0078,L027,5,O01752,
M001874,D001874,2026-07-16 14:00:00,ISSUE,SKU002,B0094,L002,4,O01754,
M001875,D001875,2026-07-16 14:00:00,ISSUE,SKU003,B0110,L003,2,O01755,
M001876,D001876,2026-07-16 14:00:00,ISSUE,SKU004,B0096,L004,1,O01756,
M001877,D001877,2026-07-16 14:00:00,ISSUE,SKU005,B0112,L005,1,O01757,
M001878,D001878,2026-07-16 14:00:00,ISSUE,SKU006,B0113,L006,1,O01758,
M001879,D001879,2026-07-16 14:00:00,ISSUE,SKU009,B0100,L009,5,O01759,
M001880,D001880,2026-07-16 14:00:00,ISSUE,SKU013,B0087,L013,5,O01760,
M001881,D001881,2026-07-16 14:00:00,ISSUE,SKU022,B0074,L022,5,O01761,
M001882,D001882,2026-07-16 14:00:00,ISSUE,SKU027,B0078,L027,2,O01762,
M001883,D001883,2026-07-16 14:00:00,ISSUE,SKU002,B0094,L002,1,O01764,
M001884,D001884,2026-07-16 14:00:00,ISSUE,SKU006,B0113,L006,4,O01765,
M001885,D001885,2026-07-16 14:00:00,ISSUE,SKU007,B0099,L007,2,O01766,
M001886,D001886,2026-07-16 14:00:00,ISSUE,SKU007,B0007,L007,1,O01766,
M001887,D001887,2026-07-16 14:00:00,ISSUE,SKU009,B0100,L009,3,O01767,
M001888,D001888,2026-07-16 14:00:00,ISSUE,SKU012,B0012,L012,2,O01768,
M001889,D001889,2026-07-16 14:00:00,ISSUE,SKU012,B0102,L012,4,O01768,
M001890,D001890,2026-07-16 14:00:00,ISSUE,SKU016,B0104,L016,7,O01769,
M001891,D001891,2026-07-16 14:00:00,ISSUE,SKU024,B0076,L024,3,O01770,
M001892,D001892,2026-07-16 14:00:00,ISSUE,SKU027,B0078,L027,6,O01771,
M001893,D001893,2026-07-16 14:00:00,ISSUE,SKU002,B0094,L002,2,O01772,
M001894,D001894,2026-07-16 14:00:00,ISSUE,SKU002,B0109,L002,1,O01772,
M001895,D001895,2026-07-16 14:00:00,ISSUE,SKU003,B0110,L003,3,O01773,
M001896,D001896,2026-07-16 14:00:00,ISSUE,SKU006,B0113,L006,4,O01774,
M001897,D001897,2026-07-16 14:00:00,ISSUE,SKU009,B0100,L009,4,O01775,
M001898,D001898,2026-07-16 14:00:00,ISSUE,SKU014,B0103,L014,1,O01776,
M001899,D001899,2026-07-16 14:00:00,ISSUE,SKU022,B0074,L022,2,O01777,
M001900,D001900,2026-07-16 14:00:00,ISSUE,SKU024,B0076,L024,3,O01778,
M001901,D001901,2026-07-16 14:00:00,ISSUE,SKU026,B0056,L026,4,O01779,
M001902,D001902,2026-07-17 14:00:00,ISSUE,SKU002,B0109,L002,2,O01781,
M001903,D001903,2026-07-17 14:00:00,ISSUE,SKU003,B0110,L003,3,O01782,
M001904,D001904,2026-07-17 14:00:00,ISSUE,SKU004,B0096,L004,2,O01783,
M001905,D001905,2026-07-17 14:00:00,ISSUE,SKU005,B0112,L005,1,O01784,
M001906,D001906,2026-07-17 14:00:00,ISSUE,SKU006,B0113,L006,2,O01785,
M001907,D001907,2026-07-17 14:00:00,ISSUE,SKU007,B0007,L007,2,O01786,
M001908,D001908,2026-07-17 14:00:00,ISSUE,SKU012,B0102,L012,4,O01787,
M001909,D001909,2026-07-17 14:00:00,ISSUE,SKU013,B0087,L013,2,O01788,
M001910,D001910,2026-07-17 14:00:00,ISSUE,SKU018,B0089,L018,2,O01789,
M001911,D001911,2026-07-17 14:00:00,ISSUE,SKU019,B0049,L019,1,O01790,
M001912,D001912,2026-07-17 14:00:00,ISSUE,SKU021,B0073,L021,4,O01791,
M001913,D001913,2026-07-17 14:00:00,ISSUE,SKU028,B0079,L028,2,O01792,
M001914,D001914,2026-07-17 14:00:00,ISSUE,SKU002,B0109,L002,5,O01794,
M001915,D001915,2026-07-17 14:00:00,ISSUE,SKU003,B0110,L003,3,O01795,
M001916,D001916,2026-07-17 14:00:00,ISSUE,SKU004,B0096,L004,3,O01796,
M001917,D001917,2026-07-17 14:00:00,ISSUE,SKU004,B0062,L004,2,O01796,
M001918,D001918,2026-07-17 14:00:00,ISSUE,SKU005,B0112,L005,4,O01797,
M001919,D001919,2026-07-17 14:00:00,ISSUE,SKU006,B0113,L006,1,O01798,
M001920,D001920,2026-07-17 14:00:00,ISSUE,SKU013,B0013,L013,1,O01799,
M001921,D001921,2026-07-17 14:00:00,ISSUE,SKU016,B0104,L016,2,O01800,
M001922,D001922,2026-07-17 14:00:00,ISSUE,SKU019,B0049,L019,1,O01801,
M001923,D001923,2026-07-17 14:00:00,ISSUE,SKU002,B0109,L002,6,O01802,
M001924,D001924,2026-07-17 14:00:00,ISSUE,SKU003,B0110,L003,4,O01803,
M001925,D001925,2026-07-17 14:00:00,ISSUE,SKU004,B0062,L004,1,O01804,
M001926,D001926,2026-07-17 14:00:00,ISSUE,SKU005,B0112,L005,1,O01805,
M001927,D001927,2026-07-17 14:00:00,ISSUE,SKU011,B0101,L011,2,O01806,
M001928,D001928,2026-07-17 14:00:00,ISSUE,SKU017,B0088,L017,6,O01807,
M001929,D001929,2026-07-17 14:00:00,ISSUE,SKU019,B0049,L019,2,O01808,
M001930,D001930,2026-07-17 14:00:00,ISSUE,SKU020,B0090,L020,6,O01809,
M001931,D001931,2026-07-17 14:00:00,ISSUE,SKU022,B0074,L022,1,O01810,
M001932,D001932,2026-07-17 14:00:00,ISSUE,SKU025,B0077,L025,2,O01811,
M001933,D001933,2026-07-17 14:00:00,ISSUE,SKU026,B0056,L026,2,O01812,
M001934,D001934,2026-07-17 14:00:00,ISSUE,SKU002,B0109,L002,6,O01814,
M001935,D001935,2026-07-17 14:00:00,ISSUE,SKU003,B0110,L003,7,O01815,
M001936,D001936,2026-07-17 14:00:00,ISSUE,SKU005,B0112,L005,1,O01816,
M001937,D001937,2026-07-17 14:00:00,ISSUE,SKU006,B0113,L006,1,O01817,
M001938,D001938,2026-07-17 14:00:00,ISSUE,SKU009,B0100,L009,3,O01818,
M001939,D001939,2026-07-17 14:00:00,ISSUE,SKU014,B0103,L014,1,O01819,
M001940,D001940,2026-07-17 14:00:00,ISSUE,SKU015,B0015,L015,3,O01820,
M001941,D001941,2026-07-17 14:00:00,ISSUE,SKU015,B0116,L015,1,O01820,
M001942,D001942,2026-07-17 14:00:00,ISSUE,SKU019,B0049,L019,1,O01821,
M001943,D001943,2026-07-17 14:00:00,ISSUE,SKU023,B0053,L023,3,O01822,
M001944,D001944,2026-07-17 14:00:00,ISSUE,SKU025,B0077,L025,1,O01823,
M001945,D001945,2026-07-17 14:00:00,ISSUE,SKU028,B0079,L028,7,O01824,
M001946,D001946,2026-07-17 14:00:00,ISSUE,SKU002,B0109,L002,1,O01825,
M001947,D001947,2026-07-17 14:00:00,ISSUE,SKU003,B0110,L003,4,O01826,
M001948,D001948,2026-07-17 14:00:00,ISSUE,SKU004,B0062,L004,4,O01827,
M001949,D001949,2026-07-17 14:00:00,ISSUE,SKU005,B0112,L005,2,O01828,
M001950,D001950,2026-07-17 14:00:00,ISSUE,SKU006,B0113,L006,1,O01829,
M001951,D001951,2026-07-17 14:00:00,ISSUE,SKU008,B0038,L008,2,O01830,
M001952,D001952,2026-07-17 14:00:00,ISSUE,SKU015,B0116,L015,4,O01831,
M001953,D001953,2026-07-17 14:00:00,ISSUE,SKU016,B0104,L016,1,O01832,
M001954,D001954,2026-07-17 14:00:00,ISSUE,SKU020,B0090,L020,3,O01833,
M001955,D001955,2026-07-18 14:00:00,ISSUE,SKU002,B0109,L002,5,O01835,
M001956,D001956,2026-07-18 14:00:00,ISSUE,SKU006,B0113,L006,1,O01836,
M001957,D001957,2026-07-18 14:00:00,ISSUE,SKU011,B0101,L011,5,O01837,
M001958,D001958,2026-07-18 14:00:00,ISSUE,SKU013,B0013,L013,2,O01838,
M001959,D001959,2026-07-18 14:00:00,ISSUE,SKU016,B0104,L016,2,O01839,
M001960,D001960,2026-07-18 14:00:00,ISSUE,SKU016,B0046,L016,3,O01839,
M001961,D001961,2026-07-18 14:00:00,ISSUE,SKU018,B0089,L018,3,O01840,
M001962,D001962,2026-07-18 14:00:00,ISSUE,SKU020,B0090,L020,2,O01841,
M001963,D001963,2026-07-18 14:00:00,ISSUE,SKU026,B0056,L026,4,O01842,
M001964,D001964,2026-07-18 14:00:00,ISSUE,SKU002,B0109,L002,3,O01844,
M001965,D001965,2026-07-18 14:00:00,ISSUE,SKU004,B0062,L004,1,O01845,
M001966,D001966,2026-07-18 14:00:00,ISSUE,SKU006,B0113,L006,6,O01846,
M001967,D001967,2026-07-18 14:00:00,ISSUE,SKU009,B0100,L009,4,O01847,
M001968,D001968,2026-07-18 14:00:00,ISSUE,SKU013,B0013,L013,3,O01848,
M001969,D001969,2026-07-18 14:00:00,ISSUE,SKU019,B0049,L019,4,O01849,
M001970,D001970,2026-07-18 14:00:00,ISSUE,SKU024,B0076,L024,6,O01850,
M001971,D001971,2026-07-18 14:00:00,ISSUE,SKU027,B0078,L027,6,O01851,
M001972,D001972,2026-07-18 14:00:00,ISSUE,SKU028,B0079,L028,3,O01852,
M001973,D001973,2026-07-18 14:00:00,ISSUE,SKU002,B0109,L002,8,O01853,
M001974,D001974,2026-07-18 14:00:00,ISSUE,SKU003,B0110,L003,2,O01854,
M001975,D001975,2026-07-18 14:00:00,ISSUE,SKU004,B0062,L004,6,O01855,
M001976,D001976,2026-07-18 14:00:00,ISSUE,SKU005,B0112,L005,8,O01856,
M001977,D001977,2026-07-18 14:00:00,ISSUE,SKU009,B0100,L009,3,O01857,
M001978,D001978,2026-07-18 14:00:00,ISSUE,SKU015,B0116,L015,5,O01858,
M001979,D001979,2026-07-18 14:00:00,ISSUE,SKU017,B0088,L017,2,O01859,
M001980,D001980,2026-07-18 14:00:00,ISSUE,SKU024,B0076,L024,3,O01860,
M001981,D001981,2026-07-18 14:00:00,ISSUE,SKU002,B0109,L002,5,O01862,
M001982,D001982,2026-07-18 14:00:00,ISSUE,SKU005,B0112,L005,7,O01863,
M001983,D001983,2026-07-18 14:00:00,ISSUE,SKU006,B0113,L006,9,O01864,
M001984,D001984,2026-07-18 14:00:00,ISSUE,SKU012,B0102,L012,2,O01865,
M001985,D001985,2026-07-18 14:00:00,ISSUE,SKU014,B0103,L014,5,O01866,
M001986,D001986,2026-07-18 14:00:00,ISSUE,SKU017,B0088,L017,5,O01867,
M001987,D001987,2026-07-18 14:00:00,ISSUE,SKU021,B0073,L021,5,O01868,
M001988,D001988,2026-07-18 14:00:00,ISSUE,SKU023,B0075,L023,7,O01869,
M001989,D001989,2026-07-18 14:00:00,ISSUE,SKU002,B0109,L002,4,O01870,
M001990,D001990,2026-07-18 14:00:00,ISSUE,SKU003,B0110,L003,4,O01871,
M001991,D001991,2026-07-18 14:00:00,ISSUE,SKU006,B0113,L006,6,O01872,
M001992,D001992,2026-07-18 14:00:00,ISSUE,SKU009,B0100,L009,6,O01873,
M001993,D001993,2026-07-18 14:00:00,ISSUE,SKU011,B0101,L011,1,O01874,
M001994,D001994,2026-07-18 14:00:00,ISSUE,SKU017,B0088,L017,4,O01875,
M001995,D001995,2026-07-18 14:00:00,ISSUE,SKU025,B0077,L025,6,O01876,
M001996,D001996,2026-07-19 14:00:00,ISSUE,SKU003,B0110,L003,1,O01878,
M001997,D001997,2026-07-19 14:00:00,ISSUE,SKU004,B0062,L004,2,O01879,
M001998,D001998,2026-07-19 14:00:00,ISSUE,SKU005,B0112,L005,3,O01880,
M001999,D001999,2026-07-19 14:00:00,ISSUE,SKU006,B0113,L006,5,O01881,
M002000,D002000,2026-07-19 14:00:00,ISSUE,SKU008,B0038,L008,2,O01882,
M002001,D002001,2026-07-19 14:00:00,ISSUE,SKU014,B0103,L014,3,O01883,
M002002,D002002,2026-07-19 14:00:00,ISSUE,SKU002,B0109,L002,3,O01885,
M002003,D002003,2026-07-19 14:00:00,ISSUE,SKU005,B0112,L005,4,O01886,
M002004,D002004,2026-07-19 14:00:00,ISSUE,SKU006,B0113,L006,1,O01887,
M002005,D002005,2026-07-19 14:00:00,ISSUE,SKU015,B0116,L015,5,O01888,
M002006,D002006,2026-07-19 14:00:00,ISSUE,SKU021,B0073,L021,5,O01889,
M002007,D002007,2026-07-19 14:00:00,ISSUE,SKU027,B0078,L027,4,O01890,
M002008,D002008,2026-07-19 14:00:00,ISSUE,SKU003,B0110,L003,8,O01891,
M002009,D002009,2026-07-19 14:00:00,ISSUE,SKU004,B0062,L004,5,O01892,
M002010,D002010,2026-07-19 14:00:00,ISSUE,SKU005,B0112,L005,5,O01893,
M002011,D002011,2026-07-19 14:00:00,ISSUE,SKU007,B0007,L007,2,O01895,
M002012,D002012,2026-07-19 14:00:00,ISSUE,SKU013,B0013,L013,3,O01896,
M002013,D002013,2026-07-19 14:00:00,ISSUE,SKU022,B0074,L022,2,O01897,
M002014,D002014,2026-07-19 14:00:00,ISSUE,SKU024,B0076,L024,2,O01898,
M002015,D002015,2026-07-19 14:00:00,ISSUE,SKU025,B0077,L025,8,O01899,
M002016,D002016,2026-07-19 14:00:00,ISSUE,SKU002,B0109,L002,9,O01900,
M002017,D002017,2026-07-19 14:00:00,ISSUE,SKU004,B0062,L004,4,O01901,
M002018,D002018,2026-07-19 14:00:00,ISSUE,SKU004,B0111,L004,3,O01901,
M002019,D002019,2026-07-19 14:00:00,ISSUE,SKU005,B0112,L005,9,O01902,
M002020,D002020,2026-07-19 14:00:00,ISSUE,SKU008,B0038,L008,4,O01903,
M002021,D002021,2026-07-19 14:00:00,ISSUE,SKU014,B0103,L014,7,O01904,
M002022,D002022,2026-07-19 14:00:00,ISSUE,SKU017,B0088,L017,4,O01905,
M002023,D002023,2026-07-19 14:00:00,ISSUE,SKU019,B0049,L019,9,O01906,
M002024,D002024,2026-07-19 14:00:00,ISSUE,SKU020,B0090,L020,9,O01907,
M002025,D002025,2026-07-19 14:00:00,ISSUE,SKU023,B0075,L023,2,O01908,
M002026,D002026,2026-07-19 14:00:00,ISSUE,SKU024,B0076,L024,9,O01909,
M002027,D002027,2026-07-19 14:00:00,ISSUE,SKU003,B0110,L003,1,O01911,
M002028,D002028,2026-07-19 14:00:00,ISSUE,SKU004,B0111,L004,6,O01912,
M002029,D002029,2026-07-19 14:00:00,ISSUE,SKU005,B0112,L005,1,O01913,
M002030,D002030,2026-07-19 14:00:00,ISSUE,SKU013,B0013,L013,4,O01914,
M002031,D002031,2026-07-19 14:00:00,ISSUE,SKU020,B0090,L020,1,O01915,
M002032,D002032,2026-07-19 14:00:00,ISSUE,SKU022,B0074,L022,6,O01916,
M002033,D002033,2026-07-19 14:00:00,ISSUE,SKU023,B0075,L023,4,O01917,
M002034,D002034,2026-07-20 14:00:00,ISSUE,SKU002,B0109,L002,2,O01919,
M002035,D002035,2026-07-20 14:00:00,ISSUE,SKU004,B0111,L004,1,O01921,
M002036,D002036,2026-07-20 14:00:00,ISSUE,SKU027,B0078,L027,4,O01922,
M002037,D002037,2026-07-20 14:00:00,ISSUE,SKU004,B0111,L004,2,O01924,
M002038,D002038,2026-07-20 14:00:00,ISSUE,SKU005,B0112,L005,1,O01925,
M002039,D002039,2026-07-20 14:00:00,ISSUE,SKU011,B0101,L011,2,O01927,
M002040,D002040,2026-07-20 14:00:00,ISSUE,SKU014,B0103,L014,1,O01928,
M002041,D002041,2026-07-20 14:00:00,ISSUE,SKU015,B0116,L015,1,O01929,
M002042,D002042,2026-07-20 14:00:00,ISSUE,SKU022,B0074,L022,2,O01930,
M002043,D002043,2026-07-20 14:00:00,ISSUE,SKU024,B0076,L024,3,O01931,
M002044,D002044,2026-07-20 14:00:00,ISSUE,SKU026,B0056,L026,1,O01932,
M002045,D002045,2026-07-20 14:00:00,ISSUE,SKU028,B0079,L028,4,O01933,
M002046,D002046,2026-07-20 14:00:00,ISSUE,SKU029,B0029,L029,4,O01934,
M002047,D002047,2026-07-20 14:00:00,ISSUE,SKU007,B0007,L007,4,O01937,
M002048,D002048,2026-07-20 14:00:00,ISSUE,SKU009,B0100,L009,4,O01938,
M002049,D002049,2026-07-20 14:00:00,ISSUE,SKU013,B0013,L013,5,O01939,
M002050,D002050,2026-07-20 14:00:00,ISSUE,SKU014,B0103,L014,2,O01940,
M002051,D002051,2026-07-20 14:00:00,ISSUE,SKU019,B0049,L019,2,O01941,
M002052,D002052,2026-07-20 14:00:00,ISSUE,SKU020,B0090,L020,6,O01942,
M002053,D002053,2026-07-20 14:00:00,ISSUE,SKU021,B0073,L021,1,O01943,
M002054,D002054,2026-07-20 14:00:00,ISSUE,SKU022,B0074,L022,4,O01944,
M002055,D002055,2026-07-20 14:00:00,ISSUE,SKU022,B0106,L022,1,O01944,
M002056,D002056,2026-07-20 14:00:00,ISSUE,SKU025,B0077,L025,1,O01945,
M002057,D002057,2026-07-20 14:00:00,ISSUE,SKU025,B0091,L025,4,O01945,
M002058,D002058,2026-07-20 14:00:00,ISSUE,SKU004,B0111,L004,4,O01947,
M002059,D002059,2026-07-20 14:00:00,ISSUE,SKU007,B0007,L007,3,O01948,
M002060,D002060,2026-07-20 14:00:00,ISSUE,SKU009,B0100,L009,6,O01949,
M002061,D002061,2026-07-20 14:00:00,ISSUE,SKU015,B0116,L015,6,O01950,
M002062,D002062,2026-07-20 14:00:00,ISSUE,SKU017,B0088,L017,1,O01951,
M002063,D002063,2026-07-20 14:00:00,ISSUE,SKU018,B0089,L018,6,O01952,
M002064,D002064,2026-07-20 14:00:00,ISSUE,SKU020,B0090,L020,7,O01953,
M002065,D002065,2026-07-20 14:00:00,ISSUE,SKU023,B0075,L023,7,O01954,
M002066,D002066,2026-07-20 14:00:00,ISSUE,SKU027,B0078,L027,3,O01955,
M002067,D002067,2026-07-20 14:00:00,ISSUE,SKU002,B0109,L002,2,O01956,
M002068,D002068,2026-07-20 14:00:00,ISSUE,SKU004,B0111,L004,1,O01957,
M002069,D002069,2026-07-20 14:00:00,ISSUE,SKU011,B0101,L011,1,O01959,
M002070,D002070,2026-07-20 14:00:00,ISSUE,SKU017,B0088,L017,4,O01960,
M002071,D002071,2026-07-20 14:00:00,ISSUE,SKU019,B0049,L019,4,O01961,
M002072,D002072,2026-07-20 14:00:00,ISSUE,SKU025,B0091,L025,3,O01962,
M002073,D002073,2026-07-20 14:00:00,ISSUE,SKU027,B0078,L027,2,O01963,
M002074,D002074,2026-07-21 08:00:00,RECEIPT,SKU002,B0122,L002,85,,R0092
M002075,D002075,2026-07-21 08:00:00,RECEIPT,SKU003,B0123,L003,99,,R0093
M002076,D002076,2026-07-21 08:00:00,RECEIPT,SKU004,B0124,L004,77,,R0094
M002077,D002077,2026-07-21 08:00:00,RECEIPT,SKU005,B0125,L005,65,,R0095
M002078,D002078,2026-07-21 08:00:00,RECEIPT,SKU006,B0126,L006,93,,R0096
M002079,D002079,2026-07-21 08:00:00,RECEIPT,SKU007,B0127,L007,91,,R0097
M002080,D002080,2026-07-21 08:00:00,RECEIPT,SKU008,B0128,L008,88,,R0098
M002081,D002081,2026-07-21 08:00:00,RECEIPT,SKU009,B0129,L009,83,,R0099
M002082,D002082,2026-07-21 08:00:00,RECEIPT,SKU011,B0130,L011,85,,R0100
M002083,D002083,2026-07-21 08:00:00,RECEIPT,SKU016,B0131,L016,97,,R0101
M002084,D002084,2026-07-21 08:00:00,RECEIPT,SKU017,B0132,L017,98,,R0102
M002085,D002085,2026-07-21 08:00:00,RECEIPT,SKU020,B0133,L020,93,,R0103
M002086,D002086,2026-07-21 08:00:00,RECEIPT,SKU024,B0134,L024,84,,R0104
M002087,D002087,2026-07-21 08:00:00,RECEIPT,SKU025,B0135,L025,62,,R0105
M002088,D002088,2026-07-21 08:00:00,RECEIPT,SKU026,B0136,L026,93,,R0106
M002089,D002089,2026-07-21 08:00:00,RECEIPT,SKU027,B0137,L027,70,,R0107
M002090,D002090,2026-07-21 14:00:00,ISSUE,SKU003,B0123,L003,1,O01964,
M002091,D002091,2026-07-21 14:00:00,ISSUE,SKU004,B0124,L004,1,O01965,
M002092,D002092,2026-07-21 14:00:00,ISSUE,SKU005,B0125,L005,3,O01966,
M002093,D002093,2026-07-21 14:00:00,ISSUE,SKU006,B0126,L006,4,O01967,
M002094,D002094,2026-07-21 14:00:00,ISSUE,SKU017,B0088,L017,2,O01968,
M002095,D002095,2026-07-21 14:00:00,ISSUE,SKU021,B0073,L021,2,O01969,
M002096,D002096,2026-07-21 14:00:00,ISSUE,SKU022,B0106,L022,2,O01970,
M002097,D002097,2026-07-21 14:00:00,ISSUE,SKU004,B0124,L004,4,O01971,
M002098,D002098,2026-07-21 14:00:00,ISSUE,SKU005,B0125,L005,4,O01972,
M002099,D002099,2026-07-21 14:00:00,ISSUE,SKU006,B0126,L006,2,O01973,
M002100,D002100,2026-07-21 14:00:00,ISSUE,SKU008,B0038,L008,2,O01974,
M002101,D002101,2026-07-21 14:00:00,ISSUE,SKU013,B0013,L013,4,O01975,
M002102,D002102,2026-07-21 14:00:00,ISSUE,SKU023,B0075,L023,4,O01976,
M002103,D002103,2026-07-21 14:00:00,ISSUE,SKU028,B0079,L028,3,O01977,
M002104,D002104,2026-07-21 14:00:00,ISSUE,SKU002,B0109,L002,6,O01979,
M002105,D002105,2026-07-21 14:00:00,ISSUE,SKU004,B0124,L004,5,O01980,
M002106,D002106,2026-07-21 14:00:00,ISSUE,SKU009,B0129,L009,1,O01981,
M002107,D002107,2026-07-21 14:00:00,ISSUE,SKU019,B0049,L019,2,O01982,
M002108,D002108,2026-07-21 14:00:00,ISSUE,SKU021,B0073,L021,4,O01983,
M002109,D002109,2026-07-21 14:00:00,ISSUE,SKU022,B0106,L022,2,O01984,
M002110,D002110,2026-07-21 14:00:00,ISSUE,SKU028,B0079,L028,1,O01985,
M002111,D002111,2026-07-21 14:00:00,ISSUE,SKU002,B0109,L002,6,O01986,
M002112,D002112,2026-07-21 14:00:00,ISSUE,SKU003,B0123,L003,7,O01987,
M002113,D002113,2026-07-21 14:00:00,ISSUE,SKU004,B0124,L004,7,O01988,
M002114,D002114,2026-07-21 14:00:00,ISSUE,SKU006,B0126,L006,4,O01989,
M002115,D002115,2026-07-21 14:00:00,ISSUE,SKU015,B0116,L015,1,O01990,
M002116,D002116,2026-07-21 14:00:00,ISSUE,SKU016,B0131,L016,7,O01991,
M002117,D002117,2026-07-21 14:00:00,ISSUE,SKU026,B0056,L026,3,O01992,
M002118,D002118,2026-07-21 14:00:00,ISSUE,SKU002,B0109,L002,4,O01994,
M002119,D002119,2026-07-21 14:00:00,ISSUE,SKU003,B0123,L003,2,O01995,
M002120,D002120,2026-07-21 14:00:00,ISSUE,SKU005,B0125,L005,1,O01996,
M002121,D002121,2026-07-21 14:00:00,ISSUE,SKU006,B0126,L006,3,O01997,
M002122,D002122,2026-07-21 14:00:00,ISSUE,SKU008,B0038,L008,3,O01998,
M002123,D002123,2026-07-21 14:00:00,ISSUE,SKU012,B0102,L012,4,O01999,
M002124,D002124,2026-07-21 14:00:00,ISSUE,SKU019,B0049,L019,1,O02000,
M002125,D002125,2026-07-21 14:00:00,ISSUE,SKU020,B0133,L020,1,O02001,
M002126,D002126,2026-07-21 14:00:00,ISSUE,SKU021,B0073,L021,2,O02002,
M002127,D002127,2026-07-21 14:00:00,ISSUE,SKU023,B0075,L023,1,O02003,
M002128,D002128,2026-07-21 14:00:00,ISSUE,SKU028,B0079,L028,4,O02004,
M002129,D002129,2026-07-22 14:00:00,ISSUE,SKU002,B0109,L002,2,O02006,
M002130,D002130,2026-07-22 14:00:00,ISSUE,SKU003,B0123,L003,4,O02007,
M002131,D002131,2026-07-22 14:00:00,ISSUE,SKU004,B0124,L004,2,O02008,
M002132,D002132,2026-07-22 14:00:00,ISSUE,SKU005,B0125,L005,3,O02009,
M002133,D002133,2026-07-22 14:00:00,ISSUE,SKU012,B0102,L012,1,O02010,
M002134,D002134,2026-07-22 14:00:00,ISSUE,SKU019,B0049,L019,4,O02011,
M002135,D002135,2026-07-22 14:00:00,ISSUE,SKU024,B0076,L024,4,O02012,
M002136,D002136,2026-07-22 14:00:00,ISSUE,SKU002,B0109,L002,3,O02014,
M002137,D002137,2026-07-22 14:00:00,ISSUE,SKU003,B0123,L003,2,O02015,
M002138,D002138,2026-07-22 14:00:00,ISSUE,SKU004,B0124,L004,4,O02016,
M002139,D002139,2026-07-22 14:00:00,ISSUE,SKU005,B0125,L005,1,O02017,
M002140,D002140,2026-07-22 14:00:00,ISSUE,SKU006,B0126,L006,5,O02018,
M002141,D002141,2026-07-22 14:00:00,ISSUE,SKU014,B0103,L014,3,O02019,
M002142,D002142,2026-07-22 14:00:00,ISSUE,SKU015,B0116,L015,2,O02020,
M002143,D002143,2026-07-22 14:00:00,ISSUE,SKU016,B0131,L016,2,O02021,
M002144,D002144,2026-07-22 14:00:00,ISSUE,SKU021,B0073,L021,3,O02022,
M002145,D002145,2026-07-22 14:00:00,ISSUE,SKU023,B0075,L023,1,O02023,
M002146,D002146,2026-07-22 14:00:00,ISSUE,SKU003,B0123,L003,4,O02025,
M002147,D002147,2026-07-22 14:00:00,ISSUE,SKU004,B0124,L004,2,O02026,
M002148,D002148,2026-07-22 14:00:00,ISSUE,SKU005,B0125,L005,5,O02027,
M002149,D002149,2026-07-22 14:00:00,ISSUE,SKU006,B0126,L006,6,O02028,
M002150,D002150,2026-07-22 14:00:00,ISSUE,SKU014,B0103,L014,2,O02029,
M002151,D002151,2026-07-22 14:00:00,ISSUE,SKU017,B0088,L017,6,O02030,
M002152,D002152,2026-07-22 14:00:00,ISSUE,SKU018,B0089,L018,2,O02031,
M002153,D002153,2026-07-22 14:00:00,ISSUE,SKU021,B0073,L021,1,O02032,
M002154,D002154,2026-07-22 14:00:00,ISSUE,SKU023,B0075,L023,6,O02033,
M002155,D002155,2026-07-22 14:00:00,ISSUE,SKU028,B0079,L028,6,O02034,
M002156,D002156,2026-07-22 14:00:00,ISSUE,SKU002,B0109,L002,3,O02035,
M002157,D002157,2026-07-22 14:00:00,ISSUE,SKU003,B0123,L003,6,O02036,
M002158,D002158,2026-07-22 14:00:00,ISSUE,SKU004,B0124,L004,7,O02037,
M002159,D002159,2026-07-22 14:00:00,ISSUE,SKU005,B0125,L005,3,O02038,
M002160,D002160,2026-07-22 14:00:00,ISSUE,SKU006,B0126,L006,6,O02039,
M002161,D002161,2026-07-22 14:00:00,ISSUE,SKU009,B0129,L009,6,O02040,
M002162,D002162,2026-07-22 14:00:00,ISSUE,SKU014,B0103,L014,4,O02041,
M002163,D002163,2026-07-22 14:00:00,ISSUE,SKU015,B0116,L015,6,O02042,
M002164,D002164,2026-07-22 14:00:00,ISSUE,SKU022,B0106,L022,7,O02043,
M002165,D002165,2026-07-22 14:00:00,ISSUE,SKU002,B0109,L002,4,O02044,
M002166,D002166,2026-07-22 14:00:00,ISSUE,SKU003,B0123,L003,4,O02045,
M002167,D002167,2026-07-22 14:00:00,ISSUE,SKU004,B0124,L004,4,O02046,
M002168,D002168,2026-07-22 14:00:00,ISSUE,SKU005,B0125,L005,2,O02047,
M002169,D002169,2026-07-22 14:00:00,ISSUE,SKU006,B0126,L006,4,O02048,
M002170,D002170,2026-07-22 14:00:00,ISSUE,SKU011,B0101,L011,1,O02049,
M002171,D002171,2026-07-22 14:00:00,ISSUE,SKU016,B0131,L016,1,O02050,
M002172,D002172,2026-07-22 14:00:00,ISSUE,SKU028,B0079,L028,4,O02051,
M002173,D002173,2026-07-23 14:00:00,ISSUE,SKU004,B0124,L004,1,O02053,
M002174,D002174,2026-07-23 14:00:00,ISSUE,SKU005,B0125,L005,2,O02054,
M002175,D002175,2026-07-23 14:00:00,ISSUE,SKU006,B0126,L006,2,O02055,
M002176,D002176,2026-07-23 14:00:00,ISSUE,SKU008,B0038,L008,2,O02056,
M002177,D002177,2026-07-23 14:00:00,ISSUE,SKU009,B0129,L009,3,O02057,
M002178,D002178,2026-07-23 14:00:00,ISSUE,SKU011,B0101,L011,3,O02058,
M002179,D002179,2026-07-23 14:00:00,ISSUE,SKU012,B0102,L012,3,O02059,
M002180,D002180,2026-07-23 14:00:00,ISSUE,SKU025,B0091,L025,2,O02060,
M002181,D002181,2026-07-23 14:00:00,ISSUE,SKU026,B0056,L026,1,O02061,
M002182,D002182,2026-07-23 14:00:00,ISSUE,SKU028,B0079,L028,2,O02062,
M002183,D002183,2026-07-23 14:00:00,ISSUE,SKU002,B0109,L002,5,O02064,
M002184,D002184,2026-07-23 14:00:00,ISSUE,SKU003,B0123,L003,3,O02065,
M002185,D002185,2026-07-23 14:00:00,ISSUE,SKU004,B0124,L004,4,O02066,
M002186,D002186,2026-07-23 14:00:00,ISSUE,SKU005,B0125,L005,1,O02067,
M002187,D002187,2026-07-23 14:00:00,ISSUE,SKU006,B0126,L006,5,O02068,
M002188,D002188,2026-07-23 14:00:00,ISSUE,SKU007,B0007,L007,5,O02069,
M002189,D002189,2026-07-23 14:00:00,ISSUE,SKU013,B0013,L013,2,O02070,
M002190,D002190,2026-07-23 14:00:00,ISSUE,SKU014,B0103,L014,1,O02071,
M002191,D002191,2026-07-23 14:00:00,ISSUE,SKU024,B0076,L024,4,O02072,
M002192,D002192,2026-07-23 14:00:00,ISSUE,SKU024,B0107,L024,1,O02072,
M002193,D002193,2026-07-23 14:00:00,ISSUE,SKU002,B0109,L002,3,O02073,
M002194,D002194,2026-07-23 14:00:00,ISSUE,SKU002,B0122,L002,2,O02073,
M002195,D002195,2026-07-23 14:00:00,ISSUE,SKU003,B0123,L003,5,O02074,
M002196,D002196,2026-07-23 14:00:00,ISSUE,SKU004,B0124,L004,1,O02075,
M002197,D002197,2026-07-23 14:00:00,ISSUE,SKU005,B0125,L005,2,O02076,
M002198,D002198,2026-07-23 14:00:00,ISSUE,SKU006,B0126,L006,4,O02077,
M002199,D002199,2026-07-23 14:00:00,ISSUE,SKU008,B0038,L008,1,O02078,
M002200,D002200,2026-07-23 14:00:00,ISSUE,SKU014,B0103,L014,4,O02079,
M002201,D002201,2026-07-23 14:00:00,ISSUE,SKU025,B0091,L025,4,O02080,
M002202,D002202,2026-07-23 14:00:00,ISSUE,SKU026,B0056,L026,2,O02081,
M002203,D002203,2026-07-23 14:00:00,ISSUE,SKU002,B0122,L002,3,O02083,
M002204,D002204,2026-07-23 14:00:00,ISSUE,SKU004,B0124,L004,7,O02084,
M002205,D002205,2026-07-23 14:00:00,ISSUE,SKU005,B0125,L005,6,O02085,
M002206,D002206,2026-07-23 14:00:00,ISSUE,SKU006,B0126,L006,4,O02086,
M002207,D002207,2026-07-23 14:00:00,ISSUE,SKU011,B0101,L011,4,O02087,
M002208,D002208,2026-07-23 14:00:00,ISSUE,SKU015,B0116,L015,7,O02088,
M002209,D002209,2026-07-23 14:00:00,ISSUE,SKU019,B0049,L019,4,O02089,
M002210,D002210,2026-07-23 14:00:00,ISSUE,SKU021,B0073,L021,3,O02090,
M002211,D002211,2026-07-23 14:00:00,ISSUE,SKU022,B0106,L022,1,O02091,
M002212,D002212,2026-07-23 14:00:00,ISSUE,SKU025,B0091,L025,1,O02092,
M002213,D002213,2026-07-23 14:00:00,ISSUE,SKU027,B0078,L027,4,O02093,
M002214,D002214,2026-07-23 14:00:00,ISSUE,SKU002,B0122,L002,4,O02095,
M002215,D002215,2026-07-23 14:00:00,ISSUE,SKU003,B0123,L003,2,O02096,
M002216,D002216,2026-07-23 14:00:00,ISSUE,SKU005,B0125,L005,4,O02097,
M002217,D002217,2026-07-23 14:00:00,ISSUE,SKU006,B0126,L006,3,O02098,
M002218,D002218,2026-07-23 14:00:00,ISSUE,SKU009,B0129,L009,4,O02099,
M002219,D002219,2026-07-23 14:00:00,ISSUE,SKU012,B0102,L012,4,O02100,
M002220,D002220,2026-07-23 14:00:00,ISSUE,SKU013,B0013,L013,3,O02101,
M002221,D002221,2026-07-23 14:00:00,ISSUE,SKU015,B0116,L015,3,O02102,
M002222,D002222,2026-07-23 14:00:00,ISSUE,SKU016,B0131,L016,4,O02103,
M002223,D002223,2026-07-23 14:00:00,ISSUE,SKU018,B0089,L018,4,O02104,
M002224,D002224,2026-07-23 14:00:00,ISSUE,SKU021,B0073,L021,4,O02105,
M002225,D002225,2026-07-23 14:00:00,ISSUE,SKU023,B0075,L023,3,O02106,
M002226,D002226,2026-07-23 14:00:00,ISSUE,SKU027,B0078,L027,3,O02107,
M002227,D002227,2026-07-24 14:00:00,ISSUE,SKU002,B0122,L002,1,O02108,
M002228,D002228,2026-07-24 14:00:00,ISSUE,SKU003,B0123,L003,2,O02109,
M002229,D002229,2026-07-24 14:00:00,ISSUE,SKU004,B0124,L004,3,O02110,
M002230,D002230,2026-07-24 14:00:00,ISSUE,SKU007,B0007,L007,2,O02111,
M002231,D002231,2026-07-24 14:00:00,ISSUE,SKU011,B0101,L011,2,O02112,
M002232,D002232,2026-07-24 14:00:00,ISSUE,SKU012,B0102,L012,3,O02113,
M002233,D002233,2026-07-24 14:00:00,ISSUE,SKU016,B0131,L016,1,O02114,
M002234,D002234,2026-07-24 14:00:00,ISSUE,SKU023,B0075,L023,4,O02115,
M002235,D002235,2026-07-24 14:00:00,ISSUE,SKU027,B0078,L027,3,O02116,
M002236,D002236,2026-07-24 14:00:00,ISSUE,SKU002,B0122,L002,1,O02118,
M002237,D002237,2026-07-24 14:00:00,ISSUE,SKU003,B0123,L003,4,O02119,
M002238,D002238,2026-07-24 14:00:00,ISSUE,SKU004,B0124,L004,4,O02120,
M002239,D002239,2026-07-24 14:00:00,ISSUE,SKU011,B0101,L011,1,O02121,
M002240,D002240,2026-07-24 14:00:00,ISSUE,SKU014,B0103,L014,1,O02122,
M002241,D002241,2026-07-24 14:00:00,ISSUE,SKU015,B0116,L015,5,O02123,
M002242,D002242,2026-07-24 14:00:00,ISSUE,SKU016,B0131,L016,3,O02124,
M002243,D002243,2026-07-24 14:00:00,ISSUE,SKU018,B0089,L018,3,O02125,
M002244,D002244,2026-07-24 14:00:00,ISSUE,SKU021,B0073,L021,2,O02126,
M002245,D002245,2026-07-24 14:00:00,ISSUE,SKU021,B0105,L021,1,O02126,
M002246,D002246,2026-07-24 14:00:00,ISSUE,SKU022,B0106,L022,3,O02127,
M002247,D002247,2026-07-24 14:00:00,ISSUE,SKU024,B0107,L024,2,O02128,
M002248,D002248,2026-07-24 14:00:00,ISSUE,SKU027,B0078,L027,1,O02129,
M002249,D002249,2026-07-24 14:00:00,ISSUE,SKU028,B0079,L028,4,O02130,
M002250,D002250,2026-07-24 14:00:00,ISSUE,SKU002,B0122,L002,1,O02132,
M002251,D002251,2026-07-24 14:00:00,ISSUE,SKU004,B0124,L004,4,O02133,
M002252,D002252,2026-07-24 14:00:00,ISSUE,SKU005,B0125,L005,6,O02134,
M002253,D002253,2026-07-24 14:00:00,ISSUE,SKU009,B0129,L009,4,O02135,
M002254,D002254,2026-07-24 14:00:00,ISSUE,SKU011,B0101,L011,5,O02136,
M002255,D002255,2026-07-24 14:00:00,ISSUE,SKU020,B0133,L020,1,O02137,
M002256,D002256,2026-07-24 14:00:00,ISSUE,SKU026,B0056,L026,1,O02138,
M002257,D002257,2026-07-24 14:00:00,ISSUE,SKU027,B0078,L027,3,O02139,
M002258,D002258,2026-07-24 14:00:00,ISSUE,SKU027,B0108,L027,1,O02139,
M002259,D002259,2026-07-24 14:00:00,ISSUE,SKU028,B0079,L028,6,O02140,
M002260,D002260,2026-07-24 14:00:00,ISSUE,SKU003,B0123,L003,3,O02141,
M002261,D002261,2026-07-24 14:00:00,ISSUE,SKU004,B0124,L004,4,O02142,
M002262,D002262,2026-07-24 14:00:00,ISSUE,SKU005,B0125,L005,3,O02143,
M002263,D002263,2026-07-24 14:00:00,ISSUE,SKU006,B0126,L006,3,O02144,
M002264,D002264,2026-07-24 14:00:00,ISSUE,SKU008,B0038,L008,1,O02145,
M002265,D002265,2026-07-24 14:00:00,ISSUE,SKU008,B0128,L008,3,O02145,
M002266,D002266,2026-07-24 14:00:00,ISSUE,SKU009,B0129,L009,4,O02146,
M002267,D002267,2026-07-24 14:00:00,ISSUE,SKU011,B0101,L011,4,O02147,
M002268,D002268,2026-07-24 14:00:00,ISSUE,SKU011,B0130,L011,3,O02147,
M002269,D002269,2026-07-24 14:00:00,ISSUE,SKU019,B0049,L019,6,O02148,
M002270,D002270,2026-07-24 14:00:00,ISSUE,SKU023,B0075,L023,7,O02149,
M002271,D002271,2026-07-24 14:00:00,ISSUE,SKU024,B0107,L024,4,O02150,
M002272,D002272,2026-07-24 14:00:00,ISSUE,SKU002,B0122,L002,1,O02151,
M002273,D002273,2026-07-24 14:00:00,ISSUE,SKU004,B0124,L004,2,O02152,
M002274,D002274,2026-07-24 14:00:00,ISSUE,SKU006,B0126,L006,2,O02153,
M002275,D002275,2026-07-24 14:00:00,ISSUE,SKU008,B0128,L008,4,O02154,
M002276,D002276,2026-07-24 14:00:00,ISSUE,SKU014,B0103,L014,4,O02155,
M002277,D002277,2026-07-24 14:00:00,ISSUE,SKU015,B0116,L015,3,O02156,
M002278,D002278,2026-07-24 14:00:00,ISSUE,SKU022,B0106,L022,1,O02157,
M002279,D002279,2026-07-24 14:00:00,ISSUE,SKU023,B0075,L023,4,O02158,
M002280,D002280,2026-07-24 14:00:00,ISSUE,SKU025,B0091,L025,4,O02159,
M002281,D002281,2026-07-24 14:00:00,ISSUE,SKU028,B0079,L028,1,O02160,
M002282,D002282,2026-07-25 14:00:00,ISSUE,SKU002,B0122,L002,1,O02161,
M002283,D002283,2026-07-25 14:00:00,ISSUE,SKU004,B0124,L004,5,O02162,
M002284,D002284,2026-07-25 14:00:00,ISSUE,SKU005,B0125,L005,5,O02163,
M002285,D002285,2026-07-25 14:00:00,ISSUE,SKU006,B0126,L006,1,O02164,
M002286,D002286,2026-07-25 14:00:00,ISSUE,SKU007,B0007,L007,2,O02165,
M002287,D002287,2026-07-25 14:00:00,ISSUE,SKU012,B0102,L012,2,O02166,
M002288,D002288,2026-07-25 14:00:00,ISSUE,SKU014,B0103,L014,2,O02167,
M002289,D002289,2026-07-25 14:00:00,ISSUE,SKU015,B0116,L015,4,O02168,
M002290,D002290,2026-07-25 14:00:00,ISSUE,SKU017,B0088,L017,2,O02169,
M002291,D002291,2026-07-25 14:00:00,ISSUE,SKU019,B0049,L019,5,O02170,
M002292,D002292,2026-07-25 14:00:00,ISSUE,SKU020,B0133,L020,5,O02171,
M002293,D002293,2026-07-25 14:00:00,ISSUE,SKU022,B0106,L022,4,O02172,
M002294,D002294,2026-07-25 14:00:00,ISSUE,SKU002,B0122,L002,5,O02174,
M002295,D002295,2026-07-25 14:00:00,ISSUE,SKU003,B0123,L003,6,O02175,
M002296,D002296,2026-07-25 14:00:00,ISSUE,SKU004,B0124,L004,3,O02176,
M002297,D002297,2026-07-25 14:00:00,ISSUE,SKU005,B0125,L005,4,O02177,
M002298,D002298,2026-07-25 14:00:00,ISSUE,SKU006,B0126,L006,4,O02178,
M002299,D002299,2026-07-25 14:00:00,ISSUE,SKU008,B0128,L008,6,O02179,
M002300,D002300,2026-07-25 14:00:00,ISSUE,SKU011,B0130,L011,6,O02180,
M002301,D002301,2026-07-25 14:00:00,ISSUE,SKU012,B0102,L012,3,O02181,
M002302,D002302,2026-07-25 14:00:00,ISSUE,SKU019,B0049,L019,1,O02182,
M002303,D002303,2026-07-25 14:00:00,ISSUE,SKU020,B0133,L020,3,O02183,
M002304,D002304,2026-07-25 14:00:00,ISSUE,SKU022,B0106,L022,4,O02184,
M002305,D002305,2026-07-25 14:00:00,ISSUE,SKU023,B0075,L023,1,O02185,
M002306,D002306,2026-07-25 14:00:00,ISSUE,SKU024,B0107,L024,5,O02186,
M002307,D002307,2026-07-25 14:00:00,ISSUE,SKU027,B0108,L027,6,O02187,
M002308,D002308,2026-07-25 14:00:00,ISSUE,SKU003,B0123,L003,6,O02189,
M002309,D002309,2026-07-25 14:00:00,ISSUE,SKU004,B0124,L004,3,O02190,
M002310,D002310,2026-07-25 14:00:00,ISSUE,SKU004,B0111,L004,3,O02190,
M002311,D002311,2026-07-25 14:00:00,ISSUE,SKU006,B0126,L006,3,O02191,
M002312,D002312,2026-07-25 14:00:00,ISSUE,SKU011,B0130,L011,5,O02192,
M002313,D002313,2026-07-25 14:00:00,ISSUE,SKU017,B0088,L017,3,O02193,
M002314,D002314,2026-07-25 14:00:00,ISSUE,SKU019,B0049,L019,8,O02194,
M002315,D002315,2026-07-25 14:00:00,ISSUE,SKU020,B0133,L020,6,O02195,
M002316,D002316,2026-07-25 14:00:00,ISSUE,SKU022,B0106,L022,3,O02196,
M002317,D002317,2026-07-25 14:00:00,ISSUE,SKU002,B0122,L002,4,O02197,
M002318,D002318,2026-07-25 14:00:00,ISSUE,SKU003,B0123,L003,4,O02198,
M002319,D002319,2026-07-25 14:00:00,ISSUE,SKU004,B0111,L004,4,O02199,
M002320,D002320,2026-07-25 14:00:00,ISSUE,SKU005,B0125,L005,5,O02200,
M002321,D002321,2026-07-25 14:00:00,ISSUE,SKU006,B0126,L006,2,O02201,
M002322,D002322,2026-07-25 14:00:00,ISSUE,SKU008,B0128,L008,4,O02202,
M002323,D002323,2026-07-25 14:00:00,ISSUE,SKU016,B0131,L016,9,O02203,
M002324,D002324,2026-07-25 14:00:00,ISSUE,SKU020,B0133,L020,4,O02204,
M002325,D002325,2026-07-25 14:00:00,ISSUE,SKU026,B0056,L026,4,O02205,
M002326,D002326,2026-07-25 14:00:00,ISSUE,SKU027,B0108,L027,9,O02206,
M002327,D002327,2026-07-25 14:00:00,ISSUE,SKU003,B0123,L003,6,O02208,
M002328,D002328,2026-07-25 14:00:00,ISSUE,SKU004,B0111,L004,5,O02209,
M002329,D002329,2026-07-25 14:00:00,ISSUE,SKU005,B0125,L005,5,O02210,
M002330,D002330,2026-07-25 14:00:00,ISSUE,SKU009,B0129,L009,4,O02211,
M002331,D002331,2026-07-25 14:00:00,ISSUE,SKU015,B0116,L015,2,O02212,
M002332,D002332,2026-07-25 14:00:00,ISSUE,SKU018,B0048,L018,4,O02213,
M002333,D002333,2026-07-25 14:00:00,ISSUE,SKU019,B0049,L019,4,O02214,
M002334,D002334,2026-07-25 14:00:00,ISSUE,SKU025,B0091,L025,2,O02215,
M002335,D002335,2026-07-26 14:00:00,ISSUE,SKU002,B0122,L002,5,O02217,
M002336,D002336,2026-07-26 14:00:00,ISSUE,SKU003,B0123,L003,3,O02218,
M002337,D002337,2026-07-26 14:00:00,ISSUE,SKU004,B0111,L004,1,O02219,
M002338,D002338,2026-07-26 14:00:00,ISSUE,SKU005,B0112,L005,2,O02220,
M002339,D002339,2026-07-26 14:00:00,ISSUE,SKU006,B0126,L006,3,O02221,
M002340,D002340,2026-07-26 14:00:00,ISSUE,SKU007,B0007,L007,4,O02222,
M002341,D002341,2026-07-26 14:00:00,ISSUE,SKU009,B0129,L009,1,O02223,
M002342,D002342,2026-07-26 14:00:00,ISSUE,SKU013,B0013,L013,1,O02224,
M002343,D002343,2026-07-26 14:00:00,ISSUE,SKU016,B0131,L016,4,O02225,
M002344,D002344,2026-07-26 14:00:00,ISSUE,SKU020,B0133,L020,5,O02226,
M002345,D002345,2026-07-26 14:00:00,ISSUE,SKU022,B0106,L022,3,O02227,
M002346,D002346,2026-07-26 14:00:00,ISSUE,SKU024,B0107,L024,4,O02228,
M002347,D002347,2026-07-26 14:00:00,ISSUE,SKU025,B0091,L025,2,O02229,
M002348,D002348,2026-07-26 14:00:00,ISSUE,SKU026,B0056,L026,1,O02230,
M002349,D002349,2026-07-26 14:00:00,ISSUE,SKU028,B0079,L028,2,O02231,
M002350,D002350,2026-07-26 14:00:00,ISSUE,SKU029,B0029,L029,3,O02232,
M002351,D002351,2026-07-26 14:00:00,ISSUE,SKU003,B0123,L003,1,O02234,
M002352,D002352,2026-07-26 14:00:00,ISSUE,SKU004,B0111,L004,4,O02235,
M002353,D002353,2026-07-26 14:00:00,ISSUE,SKU005,B0112,L005,1,O02236,
M002354,D002354,2026-07-26 14:00:00,ISSUE,SKU006,B0126,L006,1,O02237,
M002355,D002355,2026-07-26 14:00:00,ISSUE,SKU007,B0007,L007,5,O02238,
M002356,D002356,2026-07-26 14:00:00,ISSUE,SKU008,B0128,L008,5,O02239,
M002357,D002357,2026-07-26 14:00:00,ISSUE,SKU016,B0131,L016,1,O02240,
M002358,D002358,2026-07-26 14:00:00,ISSUE,SKU020,B0133,L020,1,O02241,
M002359,D002359,2026-07-26 14:00:00,ISSUE,SKU025,B0091,L025,4,O02242,
M002360,D002360,2026-07-26 14:00:00,ISSUE,SKU026,B0056,L026,5,O02243,
M002361,D002361,2026-07-26 14:00:00,ISSUE,SKU002,B0122,L002,3,O02245,
M002362,D002362,2026-07-26 14:00:00,ISSUE,SKU003,B0123,L003,5,O02246,
M002363,D002363,2026-07-26 14:00:00,ISSUE,SKU008,B0128,L008,3,O02247,
M002364,D002364,2026-07-26 14:00:00,ISSUE,SKU013,B0013,L013,5,O02248,
M002365,D002365,2026-07-26 14:00:00,ISSUE,SKU014,B0103,L014,3,O02249,
M002366,D002366,2026-07-26 14:00:00,ISSUE,SKU015,B0116,L015,5,O02250,
M002367,D002367,2026-07-26 14:00:00,ISSUE,SKU017,B0088,L017,5,O02251,
M002368,D002368,2026-07-26 14:00:00,ISSUE,SKU023,B0075,L023,5,O02252,
M002369,D002369,2026-07-26 14:00:00,ISSUE,SKU004,B0111,L004,9,O02254,
M002370,D002370,2026-07-26 14:00:00,ISSUE,SKU006,B0126,L006,7,O02255,
M002371,D002371,2026-07-26 14:00:00,ISSUE,SKU007,B0007,L007,2,O02256,
M002372,D002372,2026-07-26 14:00:00,ISSUE,SKU009,B0129,L009,2,O02257,
M002373,D002373,2026-07-26 14:00:00,ISSUE,SKU011,B0130,L011,5,O02258,
M002374,D002374,2026-07-26 14:00:00,ISSUE,SKU016,B0131,L016,4,O02259,
M002375,D002375,2026-07-26 14:00:00,ISSUE,SKU023,B0075,L023,9,O02260,
M002376,D002376,2026-07-26 14:00:00,ISSUE,SKU027,B0108,L027,4,O02261,
M002377,D002377,2026-07-26 14:00:00,ISSUE,SKU002,B0122,L002,5,O02263,
M002378,D002378,2026-07-26 14:00:00,ISSUE,SKU004,B0111,L004,5,O02264,
M002379,D002379,2026-07-26 14:00:00,ISSUE,SKU006,B0126,L006,1,O02265,
M002380,D002380,2026-07-26 14:00:00,ISSUE,SKU008,B0128,L008,6,O02266,
M002381,D002381,2026-07-26 14:00:00,ISSUE,SKU012,B0102,L012,1,O02267,
M002382,D002382,2026-07-26 14:00:00,ISSUE,SKU015,B0116,L015,2,O02268,
M002383,D002383,2026-07-26 14:00:00,ISSUE,SKU016,B0131,L016,4,O02269,
M002384,D002384,2026-07-26 14:00:00,ISSUE,SKU017,B0088,L017,1,O02270,
M002385,D002385,2026-07-26 14:00:00,ISSUE,SKU021,B0105,L021,1,O02271,
M002386,D002386,2026-07-26 14:00:00,ISSUE,SKU022,B0106,L022,6,O02272,
M002387,D002387,2026-07-26 14:00:00,ISSUE,SKU024,B0107,L024,4,O02273,
M002388,D002388,2026-07-26 14:00:00,ISSUE,SKU028,B0079,L028,2,O02274,
M002389,D002389,2026-07-27 14:00:00,ISSUE,SKU002,B0122,L002,2,O02275,
M002390,D002390,2026-07-27 14:00:00,ISSUE,SKU003,B0123,L003,4,O02276,
M002391,D002391,2026-07-27 14:00:00,ISSUE,SKU004,B0111,L004,2,O02277,
M002392,D002392,2026-07-27 14:00:00,ISSUE,SKU014,B0103,L014,2,O02278,
M002393,D002393,2026-07-27 14:00:00,ISSUE,SKU020,B0133,L020,4,O02279,
M002394,D002394,2026-07-27 14:00:00,ISSUE,SKU022,B0106,L022,2,O02280,
M002395,D002395,2026-07-27 14:00:00,ISSUE,SKU024,B0107,L024,2,O02281,
M002396,D002396,2026-07-27 14:00:00,ISSUE,SKU026,B0056,L026,1,O02282,
M002397,D002397,2026-07-27 14:00:00,ISSUE,SKU027,B0108,L027,1,O02283,
M002398,D002398,2026-07-27 14:00:00,ISSUE,SKU003,B0123,L003,3,O02285,
M002399,D002399,2026-07-27 14:00:00,ISSUE,SKU004,B0111,L004,1,O02286,
M002400,D002400,2026-07-27 14:00:00,ISSUE,SKU005,B0112,L005,4,O02287,
M002401,D002401,2026-07-27 14:00:00,ISSUE,SKU006,B0126,L006,1,O02288,
M002402,D002402,2026-07-27 14:00:00,ISSUE,SKU011,B0130,L011,1,O02289,
M002403,D002403,2026-07-27 14:00:00,ISSUE,SKU012,B0102,L012,4,O02290,
M002404,D002404,2026-07-27 14:00:00,ISSUE,SKU023,B0075,L023,3,O02291,
M002405,D002405,2026-07-27 14:00:00,ISSUE,SKU024,B0107,L024,1,O02292,
M002406,D002406,2026-07-27 14:00:00,ISSUE,SKU027,B0108,L027,3,O02293,
M002407,D002407,2026-07-27 14:00:00,ISSUE,SKU028,B0079,L028,3,O02294,
M002408,D002408,2026-07-27 14:00:00,ISSUE,SKU002,B0122,L002,5,O02296,
M002409,D002409,2026-07-27 14:00:00,ISSUE,SKU004,B0111,L004,5,O02297,
M002410,D002410,2026-07-27 14:00:00,ISSUE,SKU006,B0126,L006,4,O02298,
M002411,D002411,2026-07-27 14:00:00,ISSUE,SKU007,B0007,L007,2,O02299,
M002412,D002412,2026-07-27 14:00:00,ISSUE,SKU011,B0130,L011,1,O02300,
M002413,D002413,2026-07-27 14:00:00,ISSUE,SKU012,B0102,L012,1,O02301,
M002414,D002414,2026-07-27 14:00:00,ISSUE,SKU017,B0088,L017,4,O02302,
M002415,D002415,2026-07-27 14:00:00,ISSUE,SKU021,B0105,L021,5,O02303,
M002416,D002416,2026-07-27 14:00:00,ISSUE,SKU025,B0091,L025,6,O02304,
M002417,D002417,2026-07-27 14:00:00,ISSUE,SKU004,B0111,L004,4,O02306,
M002418,D002418,2026-07-27 14:00:00,ISSUE,SKU005,B0112,L005,6,O02307,
M002419,D002419,2026-07-27 14:00:00,ISSUE,SKU019,B0049,L019,4,O02308,
M002420,D002420,2026-07-27 14:00:00,ISSUE,SKU021,B0105,L021,4,O02309,
M002421,D002421,2026-07-27 14:00:00,ISSUE,SKU023,B0075,L023,7,O02310,
M002422,D002422,2026-07-27 14:00:00,ISSUE,SKU027,B0108,L027,7,O02311,
M002423,D002423,2026-07-27 14:00:00,ISSUE,SKU003,B0123,L003,4,O02313,
M002424,D002424,2026-07-27 14:00:00,ISSUE,SKU004,B0111,L004,4,O02314,
M002425,D002425,2026-07-27 14:00:00,ISSUE,SKU006,B0126,L006,2,O02315,
M002426,D002426,2026-07-27 14:00:00,ISSUE,SKU008,B0128,L008,4,O02316,
M002427,D002427,2026-07-27 14:00:00,ISSUE,SKU009,B0129,L009,2,O02317,
M002428,D002428,2026-07-27 14:00:00,ISSUE,SKU015,B0116,L015,1,O02318,
M002429,D002429,2026-07-27 14:00:00,ISSUE,SKU020,B0133,L020,2,O02319,
M002430,D002430,2026-07-27 14:00:00,ISSUE,SKU022,B0106,L022,3,O02320,
M002431,D002431,2026-07-27 14:00:00,ISSUE,SKU025,B0091,L025,1,O02321,
M002432,D002432,2026-07-27 14:00:00,ISSUE,SKU026,B0056,L026,4,O02322,
M002433,D002433,2026-07-28 08:00:00,RECEIPT,SKU002,B0138,L002,60,,R0108
M002434,D002434,2026-07-28 08:00:00,RECEIPT,SKU003,B0139,L003,72,,R0109
M002435,D002435,2026-07-28 08:00:00,RECEIPT,SKU004,B0140,L004,79,,R0110
M002436,D002436,2026-07-28 08:00:00,RECEIPT,SKU005,B0141,L005,87,,R0111
M002437,D002437,2026-07-28 08:00:00,RECEIPT,SKU006,B0142,L006,83,,R0112
M002438,D002438,2026-07-28 08:00:00,RECEIPT,SKU012,B0143,L012,69,,R0113
M002439,D002439,2026-07-28 08:00:00,RECEIPT,SKU013,B0144,L013,71,,R0114
M002440,D002440,2026-07-28 08:00:00,RECEIPT,SKU014,B0145,L014,86,,R0115
M002441,D002441,2026-07-28 08:00:00,RECEIPT,SKU015,B0146,L015,63,,R0116
M002442,D002442,2026-07-28 08:00:00,RECEIPT,SKU019,B0147,L019,85,,R0117
M002443,D002443,2026-07-28 08:00:00,RECEIPT,SKU021,B0148,L021,60,,R0118
M002444,D002444,2026-07-28 08:00:00,RECEIPT,SKU023,B0149,L023,81,,R0119
M002445,D002445,2026-07-28 08:00:00,RECEIPT,SKU027,B0150,L027,74,,R0120
M002446,D002446,2026-07-28 08:00:00,RECEIPT,SKU028,B0151,L028,86,,R0121
M002447,D002447,2026-07-28 14:00:00,ISSUE,SKU003,B0123,L003,1,O02323,
M002448,D002448,2026-07-28 14:00:00,ISSUE,SKU004,B0111,L004,4,O02324,
M002449,D002449,2026-07-28 14:00:00,ISSUE,SKU014,B0145,L014,2,O02325,
M002450,D002450,2026-07-28 14:00:00,ISSUE,SKU024,B0107,L024,3,O02326,
M002451,D002451,2026-07-28 14:00:00,ISSUE,SKU027,B0108,L027,2,O02327,
M002452,D002452,2026-07-28 14:00:00,ISSUE,SKU002,B0138,L002,5,O02329,
M002453,D002453,2026-07-28 14:00:00,ISSUE,SKU004,B0111,L004,2,O02330,
M002454,D002454,2026-07-28 14:00:00,ISSUE,SKU006,B0126,L006,1,O02331,
M002455,D002455,2026-07-28 14:00:00,ISSUE,SKU009,B0129,L009,4,O02332,
M002456,D002456,2026-07-28 14:00:00,ISSUE,SKU011,B0130,L011,5,O02333,
M002457,D002457,2026-07-28 14:00:00,ISSUE,SKU015,B0116,L015,4,O02334,
M002458,D002458,2026-07-28 14:00:00,ISSUE,SKU016,B0131,L016,1,O02335,
M002459,D002459,2026-07-28 14:00:00,ISSUE,SKU017,B0088,L017,1,O02336,
M002460,D002460,2026-07-28 14:00:00,ISSUE,SKU017,B0047,L017,4,O02336,
M002461,D002461,2026-07-28 14:00:00,ISSUE,SKU026,B0056,L026,4,O02337,
M002462,D002462,2026-07-28 14:00:00,ISSUE,SKU003,B0123,L003,2,O02338,
M002463,D002463,2026-07-28 14:00:00,ISSUE,SKU005,B0141,L005,6,O02339,
M002464,D002464,2026-07-28 14:00:00,ISSUE,SKU006,B0126,L006,1,O02340,
M002465,D002465,2026-07-28 14:00:00,ISSUE,SKU013,B0013,L013,1,O02341,
M002466,D002466,2026-07-28 14:00:00,ISSUE,SKU014,B0145,L014,6,O02342,
M002467,D002467,2026-07-28 14:00:00,ISSUE,SKU025,B0091,L025,1,O02343,
M002468,D002468,2026-07-28 14:00:00,ISSUE,SKU002,B0138,L002,1,O02345,
M002469,D002469,2026-07-28 14:00:00,ISSUE,SKU003,B0123,L003,5,O02346,
M002470,D002470,2026-07-28 14:00:00,ISSUE,SKU003,B0139,L003,1,O02346,
M002471,D002471,2026-07-28 14:00:00,ISSUE,SKU005,B0141,L005,4,O02347,
M002472,D002472,2026-07-28 14:00:00,ISSUE,SKU020,B0133,L020,1,O02348,
M002473,D002473,2026-07-28 14:00:00,ISSUE,SKU026,B0056,L026,1,O02349,
M002474,D002474,2026-07-28 14:00:00,ISSUE,SKU026,B0092,L026,2,O02349,
M002475,D002475,2026-07-28 14:00:00,ISSUE,SKU028,B0079,L028,4,O02350,
M002476,D002476,2026-07-28 14:00:00,ISSUE,SKU003,B0139,L003,2,O02351,
M002477,D002477,2026-07-28 14:00:00,ISSUE,SKU005,B0141,L005,2,O02352,
M002478,D002478,2026-07-28 14:00:00,ISSUE,SKU006,B0126,L006,1,O02353,
M002479,D002479,2026-07-28 14:00:00,ISSUE,SKU007,B0007,L007,1,O02354,
M002480,D002480,2026-07-28 14:00:00,ISSUE,SKU009,B0129,L009,2,O02355,
M002481,D002481,2026-07-28 14:00:00,ISSUE,SKU011,B0130,L011,4,O02356,
M002482,D002482,2026-07-28 14:00:00,ISSUE,SKU013,B0013,L013,4,O02357,
M002483,D002483,2026-07-28 14:00:00,ISSUE,SKU016,B0131,L016,1,O02358,
M002484,D002484,2026-07-28 14:00:00,ISSUE,SKU024,B0107,L024,1,O02359,
M002485,D002485,2026-07-28 14:00:00,ISSUE,SKU025,B0091,L025,4,O02360,
M002486,D002486,2026-07-29 14:00:00,ISSUE,SKU002,B0138,L002,2,O02362,
M002487,D002487,2026-07-29 14:00:00,ISSUE,SKU003,B0139,L003,2,O02363,
M002488,D002488,2026-07-29 14:00:00,ISSUE,SKU004,B0111,L004,4,O02364,
M002489,D002489,2026-07-29 14:00:00,ISSUE,SKU005,B0141,L005,1,O02365,
M002490,D002490,2026-07-29 14:00:00,ISSUE,SKU006,B0126,L006,3,O02366,
M002491,D002491,2026-07-29 14:00:00,ISSUE,SKU009,B0129,L009,3,O02367,
M002492,D002492,2026-07-29 14:00:00,ISSUE,SKU012,B0102,L012,2,O02368,
M002493,D002493,2026-07-29 14:00:00,ISSUE,SKU022,B0106,L022,1,O02369,
M002494,D002494,2026-07-29 14:00:00,ISSUE,SKU027,B0108,L027,3,O02370,
M002495,D002495,2026-07-29 14:00:00,ISSUE,SKU003,B0139,L003,1,O02371,
M002496,D002496,2026-07-29 14:00:00,ISSUE,SKU004,B0111,L004,1,O02372,
M002497,D002497,2026-07-29 14:00:00,ISSUE,SKU017,B0047,L017,5,O02373,
M002498,D002498,2026-07-29 14:00:00,ISSUE,SKU020,B0133,L020,2,O02374,
M002499,D002499,2026-07-29 14:00:00,ISSUE,SKU021,B0105,L021,5,O02375,
M002500,D002500,2026-07-29 14:00:00,ISSUE,SKU023,B0075,L023,5,O02376,
M002501,D002501,2026-07-29 14:00:00,ISSUE,SKU024,B0107,L024,4,O02377,
M002502,D002502,2026-07-29 14:00:00,ISSUE,SKU028,B0079,L028,3,O02378,
M002503,D002503,2026-07-29 14:00:00,ISSUE,SKU002,B0138,L002,2,O02380,
M002504,D002504,2026-07-29 14:00:00,ISSUE,SKU003,B0139,L003,6,O02381,
M002505,D002505,2026-07-29 14:00:00,ISSUE,SKU004,B0111,L004,1,O02382,
M002506,D002506,2026-07-29 14:00:00,ISSUE,SKU005,B0141,L005,1,O02383,
M002507,D002507,2026-07-29 14:00:00,ISSUE,SKU009,B0129,L009,2,O02384,
M002508,D002508,2026-07-29 14:00:00,ISSUE,SKU014,B0145,L014,1,O02385,
M002509,D002509,2026-07-29 14:00:00,ISSUE,SKU017,B0047,L017,4,O02386,
M002510,D002510,2026-07-29 14:00:00,ISSUE,SKU020,B0133,L020,6,O02387,
M002511,D002511,2026-07-29 14:00:00,ISSUE,SKU023,B0075,L023,2,O02388,
M002512,D002512,2026-07-29 14:00:00,ISSUE,SKU002,B0138,L002,4,O02389,
M002513,D002513,2026-07-29 14:00:00,ISSUE,SKU003,B0139,L003,7,O02390,
M002514,D002514,2026-07-29 14:00:00,ISSUE,SKU004,B0111,L004,4,O02391,
M002515,D002515,2026-07-29 14:00:00,ISSUE,SKU007,B0007,L007,3,O02392,
M002516,D002516,2026-07-29 14:00:00,ISSUE,SKU011,B0130,L011,3,O02393,
M002517,D002517,2026-07-29 14:00:00,ISSUE,SKU013,B0013,L013,7,O02394,
M002518,D002518,2026-07-29 14:00:00,ISSUE,SKU014,B0145,L014,6,O02395,
M002519,D002519,2026-07-29 14:00:00,ISSUE,SKU015,B0116,L015,6,O02396,
M002520,D002520,2026-07-29 14:00:00,ISSUE,SKU023,B0075,L023,1,O02397,
M002521,D002521,2026-07-29 14:00:00,ISSUE,SKU002,B0138,L002,4,O02399,
M002522,D002522,2026-07-29 14:00:00,ISSUE,SKU004,B0111,L004,2,O02400,
M002523,D002523,2026-07-29 14:00:00,ISSUE,SKU005,B0141,L005,2,O02401,
M002524,D002524,2026-07-29 14:00:00,ISSUE,SKU006,B0126,L006,1,O02402,
M002525,D002525,2026-07-29 14:00:00,ISSUE,SKU006,B0142,L006,3,O02402,
M002526,D002526,2026-07-29 14:00:00,ISSUE,SKU015,B0116,L015,3,O02403,
M002527,D002527,2026-07-29 14:00:00,ISSUE,SKU024,B0107,L024,2,O02404,
M002528,D002528,2026-07-29 14:00:00,ISSUE,SKU025,B0091,L025,1,O02405,
M002529,D002529,2026-07-30 14:00:00,ISSUE,SKU002,B0138,L002,2,O02407,
M002530,D002530,2026-07-30 14:00:00,ISSUE,SKU003,B0139,L003,2,O02408,
M002531,D002531,2026-07-30 14:00:00,ISSUE,SKU005,B0141,L005,2,O02409,
M002532,D002532,2026-07-30 14:00:00,ISSUE,SKU006,B0142,L006,4,O02410,
M002533,D002533,2026-07-30 14:00:00,ISSUE,SKU009,B0129,L009,4,O02411,
M002534,D002534,2026-07-30 14:00:00,ISSUE,SKU011,B0130,L011,3,O02412,
M002535,D002535,2026-07-30 14:00:00,ISSUE,SKU013,B0013,L013,2,O02413,
M002536,D002536,2026-07-30 14:00:00,ISSUE,SKU019,B0049,L019,2,O02414,
M002537,D002537,2026-07-30 14:00:00,ISSUE,SKU020,B0133,L020,4,O02415,
M002538,D002538,2026-07-30 14:00:00,ISSUE,SKU022,B0106,L022,2,O02416,
M002539,D002539,2026-07-30 14:00:00,ISSUE,SKU024,B0107,L024,2,O02417,
M002540,D002540,2026-07-30 14:00:00,ISSUE,SKU027,B0108,L027,4,O02418,
M002541,D002541,2026-07-30 14:00:00,ISSUE,SKU004,B0111,L004,4,O02419,
M002542,D002542,2026-07-30 14:00:00,ISSUE,SKU006,B0142,L006,2,O02420,
M002543,D002543,2026-07-30 14:00:00,ISSUE,SKU007,B0007,L007,1,O02421,
M002544,D002544,2026-07-30 14:00:00,ISSUE,SKU011,B0130,L011,2,O02422,
M002545,D002545,2026-07-30 14:00:00,ISSUE,SKU024,B0107,L024,2,O02423,
M002546,D002546,2026-07-30 14:00:00,ISSUE,SKU026,B0092,L026,2,O02424,
M002547,D002547,2026-07-30 14:00:00,ISSUE,SKU028,B0079,L028,3,O02425,
M002548,D002548,2026-07-30 14:00:00,ISSUE,SKU003,B0139,L003,6,O02426,
M002549,D002549,2026-07-30 14:00:00,ISSUE,SKU004,B0111,L004,1,O02427,
M002550,D002550,2026-07-30 14:00:00,ISSUE,SKU007,B0007,L007,2,O02428,
M002551,D002551,2026-07-30 14:00:00,ISSUE,SKU013,B0013,L013,4,O02429,
M002552,D002552,2026-07-30 14:00:00,ISSUE,SKU017,B0047,L017,2,O02430,
M002553,D002553,2026-07-30 14:00:00,ISSUE,SKU020,B0133,L020,4,O02431,
M002554,D002554,2026-07-30 14:00:00,ISSUE,SKU021,B0105,L021,6,O02432,
M002555,D002555,2026-07-30 14:00:00,ISSUE,SKU022,B0106,L022,5,O02433,
M002556,D002556,2026-07-30 14:00:00,ISSUE,SKU023,B0075,L023,1,O02434,
M002557,D002557,2026-07-30 14:00:00,ISSUE,SKU023,B0120,L023,5,O02434,
M002558,D002558,2026-07-30 14:00:00,ISSUE,SKU002,B0138,L002,4,O02436,
M002559,D002559,2026-07-30 14:00:00,ISSUE,SKU004,B0140,L004,7,O02437,
M002560,D002560,2026-07-30 14:00:00,ISSUE,SKU005,B0141,L005,6,O02438,
M002561,D002561,2026-07-30 14:00:00,ISSUE,SKU009,B0129,L009,6,O02439,
M002562,D002562,2026-07-30 14:00:00,ISSUE,SKU012,B0102,L012,6,O02440,
M002563,D002563,2026-07-30 14:00:00,ISSUE,SKU015,B0116,L015,1,O02441,
M002564,D002564,2026-07-30 14:00:00,ISSUE,SKU015,B0069,L015,3,O02441,
M002565,D002565,2026-07-30 14:00:00,ISSUE,SKU016,B0131,L016,6,O02442,
M002566,D002566,2026-07-30 14:00:00,ISSUE,SKU019,B0049,L019,6,O02443,
M002567,D002567,2026-07-30 14:00:00,ISSUE,SKU024,B0107,L024,4,O02444,
M002568,D002568,2026-07-30 14:00:00,ISSUE,SKU002,B0138,L002,1,O02446,
M002569,D002569,2026-07-30 14:00:00,ISSUE,SKU006,B0142,L006,3,O02447,
M002570,D002570,2026-07-30 14:00:00,ISSUE,SKU015,B0069,L015,1,O02448,
M002571,D002571,2026-07-30 14:00:00,ISSUE,SKU018,B0048,L018,2,O02449,
M002572,D002572,2026-07-30 14:00:00,ISSUE,SKU019,B0049,L019,4,O02450,
M002573,D002573,2026-07-31 14:00:00,ISSUE,SKU003,B0139,L003,3,O02452,
M002574,D002574,2026-07-31 14:00:00,ISSUE,SKU004,B0140,L004,4,O02453,
M002575,D002575,2026-07-31 14:00:00,ISSUE,SKU005,B0141,L005,1,O02454,
M002576,D002576,2026-07-31 14:00:00,ISSUE,SKU006,B0142,L006,2,O02455,
M002577,D002577,2026-07-31 14:00:00,ISSUE,SKU008,B0128,L008,2,O02456,
M002578,D002578,2026-07-31 14:00:00,ISSUE,SKU018,B0048,L018,2,O02457,
M002579,D002579,2026-07-31 14:00:00,ISSUE,SKU025,B0091,L025,4,O02458,
M002580,D002580,2026-07-31 14:00:00,ISSUE,SKU002,B0138,L002,4,O02459,
M002581,D002581,2026-07-31 14:00:00,ISSUE,SKU003,B0139,L003,3,O02460,
M002582,D002582,2026-07-31 14:00:00,ISSUE,SKU004,B0140,L004,2,O02461,
M002583,D002583,2026-07-31 14:00:00,ISSUE,SKU005,B0141,L005,1,O02462,
M002584,D002584,2026-07-31 14:00:00,ISSUE,SKU006,B0142,L006,4,O02463,
M002585,D002585,2026-07-31 14:00:00,ISSUE,SKU009,B0129,L009,2,O02464,
M002586,D002586,2026-07-31 14:00:00,ISSUE,SKU012,B0102,L012,2,O02465,
M002587,D002587,2026-07-31 14:00:00,ISSUE,SKU014,B0145,L014,4,O02466,
M002588,D002588,2026-07-31 14:00:00,ISSUE,SKU018,B0048,L018,4,O02467,
M002589,D002589,2026-07-31 14:00:00,ISSUE,SKU020,B0133,L020,4,O02468,
M002590,D002590,2026-07-31 14:00:00,ISSUE,SKU022,B0106,L022,1,O02469,
M002591,D002591,2026-07-31 14:00:00,ISSUE,SKU024,B0107,L024,4,O02470,
M002592,D002592,2026-07-31 14:00:00,ISSUE,SKU002,B0138,L002,4,O02471,
M002593,D002593,2026-07-31 14:00:00,ISSUE,SKU003,B0139,L003,5,O02472,
M002594,D002594,2026-07-31 14:00:00,ISSUE,SKU004,B0140,L004,1,O02473,
M002595,D002595,2026-07-31 14:00:00,ISSUE,SKU005,B0141,L005,1,O02474,
M002596,D002596,2026-07-31 14:00:00,ISSUE,SKU006,B0142,L006,2,O02475,
M002597,D002597,2026-07-31 14:00:00,ISSUE,SKU009,B0129,L009,4,O02476,
M002598,D002598,2026-07-31 14:00:00,ISSUE,SKU011,B0130,L011,6,O02477,
M002599,D002599,2026-07-31 14:00:00,ISSUE,SKU016,B0131,L016,1,O02478,
M002600,D002600,2026-07-31 14:00:00,ISSUE,SKU018,B0048,L018,2,O02479,
M002601,D002601,2026-07-31 14:00:00,ISSUE,SKU021,B0105,L021,2,O02480,
M002602,D002602,2026-07-31 14:00:00,ISSUE,SKU022,B0106,L022,6,O02481,
M002603,D002603,2026-07-31 14:00:00,ISSUE,SKU025,B0091,L025,2,O02482,
M002604,D002604,2026-07-31 14:00:00,ISSUE,SKU003,B0139,L003,6,O02484,
M002605,D002605,2026-07-31 14:00:00,ISSUE,SKU004,B0140,L004,3,O02485,
M002606,D002606,2026-07-31 14:00:00,ISSUE,SKU005,B0141,L005,7,O02486,
M002607,D002607,2026-07-31 14:00:00,ISSUE,SKU006,B0142,L006,3,O02487,
M002608,D002608,2026-07-31 14:00:00,ISSUE,SKU007,B0007,L007,4,O02488,
M002609,D002609,2026-07-31 14:00:00,ISSUE,SKU008,B0128,L008,4,O02489,
M002610,D002610,2026-07-31 14:00:00,ISSUE,SKU009,B0129,L009,3,O02490,
M002611,D002611,2026-07-31 14:00:00,ISSUE,SKU012,B0102,L012,1,O02491,
M002612,D002612,2026-07-31 14:00:00,ISSUE,SKU015,B0069,L015,6,O02492,
M002613,D002613,2026-07-31 14:00:00,ISSUE,SKU017,B0047,L017,6,O02493,
M002614,D002614,2026-07-31 14:00:00,ISSUE,SKU018,B0048,L018,1,O02494,
M002615,D002615,2026-07-31 14:00:00,ISSUE,SKU019,B0049,L019,1,O02495,
M002616,D002616,2026-07-31 14:00:00,ISSUE,SKU026,B0092,L026,3,O02496,
M002617,D002617,2026-07-31 14:00:00,ISSUE,SKU002,B0138,L002,2,O02498,
M002618,D002618,2026-07-31 14:00:00,ISSUE,SKU004,B0140,L004,4,O02499,
M002619,D002619,2026-07-31 14:00:00,ISSUE,SKU005,B0141,L005,1,O02500,
M002620,D002620,2026-07-31 14:00:00,ISSUE,SKU007,B0007,L007,4,O02501,
M002621,D002621,2026-07-31 14:00:00,ISSUE,SKU014,B0145,L014,4,O02502,
M002622,D002622,2026-07-31 14:00:00,ISSUE,SKU016,B0131,L016,1,O02503,
M002623,D002623,2026-07-31 14:00:00,ISSUE,SKU019,B0049,L019,1,O02504,
M002624,D002624,2026-07-31 14:00:00,ISSUE,SKU019,B0118,L019,2,O02504,
M002625,D002625,2026-07-31 14:00:00,ISSUE,SKU021,B0105,L021,2,O02505,
M002626,D002626,2026-07-31 14:00:00,ISSUE,SKU023,B0120,L023,4,O02506,
M002627,D002627,2026-08-01 14:00:00,ISSUE,SKU003,B0139,L003,1,O02508,
M002628,D002628,2026-08-01 14:00:00,ISSUE,SKU005,B0141,L005,3,O02509,
M002629,D002629,2026-08-01 14:00:00,ISSUE,SKU008,B0128,L008,4,O02510,
M002630,D002630,2026-08-01 14:00:00,ISSUE,SKU012,B0102,L012,3,O02511,
M002631,D002631,2026-08-01 14:00:00,ISSUE,SKU014,B0145,L014,4,O02512,
M002632,D002632,2026-08-01 14:00:00,ISSUE,SKU018,B0048,L018,4,O02513,
M002633,D002633,2026-08-01 14:00:00,ISSUE,SKU019,B0118,L019,5,O02514,
M002634,D002634,2026-08-01 14:00:00,ISSUE,SKU022,B0106,L022,4,O02515,
M002635,D002635,2026-08-01 14:00:00,ISSUE,SKU028,B0079,L028,2,O02516,
M002636,D002636,2026-08-01 14:00:00,ISSUE,SKU028,B0121,L028,3,O02516,
M002637,D002637,2026-08-01 14:00:00,ISSUE,SKU005,B0141,L005,3,O02517,
M002638,D002638,2026-08-01 14:00:00,ISSUE,SKU006,B0142,L006,4,O02518,
M002639,D002639,2026-08-01 14:00:00,ISSUE,SKU007,B0007,L007,6,O02519,
M002640,D002640,2026-08-01 14:00:00,ISSUE,SKU008,B0128,L008,5,O02520,
M002641,D002641,2026-08-01 14:00:00,ISSUE,SKU011,B0130,L011,4,O02521,
M002642,D002642,2026-08-01 14:00:00,ISSUE,SKU013,B0013,L013,3,O02522,
M002643,D002643,2026-08-01 14:00:00,ISSUE,SKU019,B0118,L019,6,O02523,
M002644,D002644,2026-08-01 14:00:00,ISSUE,SKU020,B0133,L020,3,O02524,
M002645,D002645,2026-08-01 14:00:00,ISSUE,SKU021,B0105,L021,6,O02525,
M002646,D002646,2026-08-01 14:00:00,ISSUE,SKU023,B0120,L023,4,O02526,
M002647,D002647,2026-08-01 14:00:00,ISSUE,SKU028,B0121,L028,4,O02527,
M002648,D002648,2026-08-01 14:00:00,ISSUE,SKU002,B0138,L002,2,O02528,
M002649,D002649,2026-08-01 14:00:00,ISSUE,SKU004,B0140,L004,2,O02529,
M002650,D002650,2026-08-01 14:00:00,ISSUE,SKU005,B0141,L005,2,O02530,
M002651,D002651,2026-08-01 14:00:00,ISSUE,SKU003,B0139,L003,5,O02532,
M002652,D002652,2026-08-01 14:00:00,ISSUE,SKU004,B0140,L004,5,O02533,
M002653,D002653,2026-08-01 14:00:00,ISSUE,SKU005,B0141,L005,5,O02534,
M002654,D002654,2026-08-01 14:00:00,ISSUE,SKU006,B0142,L006,5,O02535,
M002655,D002655,2026-08-01 14:00:00,ISSUE,SKU017,B0047,L017,5,O02536,
M002656,D002656,2026-08-01 14:00:00,ISSUE,SKU018,B0048,L018,5,O02537,
M002657,D002657,2026-08-01 14:00:00,ISSUE,SKU018,B0018,L018,4,O02537,
M002658,D002658,2026-08-01 14:00:00,ISSUE,SKU020,B0133,L020,5,O02538,
M002659,D002659,2026-08-01 14:00:00,ISSUE,SKU023,B0120,L023,4,O02539,
M002660,D002660,2026-08-01 14:00:00,ISSUE,SKU026,B0092,L026,7,O02540,
M002661,D002661,2026-08-01 14:00:00,ISSUE,SKU028,B0121,L028,5,O02541,
M002662,D002662,2026-08-01 14:00:00,ISSUE,SKU002,B0138,L002,6,O02543,
M002663,D002663,2026-08-01 14:00:00,ISSUE,SKU003,B0139,L003,6,O02544,
M002664,D002664,2026-08-01 14:00:00,ISSUE,SKU004,B0140,L004,5,O02545,
M002665,D002665,2026-08-01 14:00:00,ISSUE,SKU005,B0141,L005,1,O02546,
M002666,D002666,2026-08-01 14:00:00,ISSUE,SKU007,B0007,L007,1,O02547,
M002667,D002667,2026-08-01 14:00:00,ISSUE,SKU007,B0127,L007,3,O02547,
M002668,D002668,2026-08-01 14:00:00,ISSUE,SKU008,B0128,L008,2,O02548,
M002669,D002669,2026-08-01 14:00:00,ISSUE,SKU015,B0069,L015,4,O02549,
M002670,D002670,2026-08-01 14:00:00,ISSUE,SKU021,B0105,L021,5,O02550,
M002671,D002671,2026-08-01 14:00:00,ISSUE,SKU022,B0106,L022,2,O02551,
M002672,D002672,2026-08-01 14:00:00,ISSUE,SKU022,B0119,L022,2,O02551,
M002673,D002673,2026-08-01 14:00:00,ISSUE,SKU023,B0120,L023,4,O02552,
M002674,D002674,2026-08-01 14:00:00,ISSUE,SKU026,B0092,L026,1,O02553,
M002675,D002675,2026-08-02 14:00:00,ISSUE,SKU002,B0138,L002,1,O02555,
M002676,D002676,2026-08-02 14:00:00,ISSUE,SKU005,B0141,L005,1,O02556,
M002677,D002677,2026-08-02 14:00:00,ISSUE,SKU009,B0129,L009,2,O02557,
M002678,D002678,2026-08-02 14:00:00,ISSUE,SKU013,B0013,L013,4,O02558,
M002679,D002679,2026-08-02 14:00:00,ISSUE,SKU014,B0145,L014,2,O02559,
M002680,D002680,2026-08-02 14:00:00,ISSUE,SKU015,B0069,L015,4,O02560,
M002681,D002681,2026-08-02 14:00:00,ISSUE,SKU019,B0118,L019,2,O02561,
M002682,D002682,2026-08-02 14:00:00,ISSUE,SKU020,B0133,L020,1,O02562,
M002683,D002683,2026-08-02 14:00:00,ISSUE,SKU021,B0105,L021,5,O02563,
M002684,D002684,2026-08-02 14:00:00,ISSUE,SKU024,B0107,L024,4,O02564,
M002685,D002685,2026-08-02 14:00:00,ISSUE,SKU026,B0092,L026,3,O02565,
M002686,D002686,2026-08-02 14:00:00,ISSUE,SKU002,B0138,L002,5,O02566,
M002687,D002687,2026-08-02 14:00:00,ISSUE,SKU004,B0140,L004,4,O02567,
M002688,D002688,2026-08-02 14:00:00,ISSUE,SKU005,B0141,L005,6,O02568,
M002689,D002689,2026-08-02 14:00:00,ISSUE,SKU006,B0142,L006,6,O02569,
M002690,D002690,2026-08-02 14:00:00,ISSUE,SKU008,B0128,L008,1,O02570,
M002691,D002691,2026-08-02 14:00:00,ISSUE,SKU011,B0130,L011,3,O02571,
M002692,D002692,2026-08-02 14:00:00,ISSUE,SKU013,B0013,L013,5,O02572,
M002693,D002693,2026-08-02 14:00:00,ISSUE,SKU016,B0131,L016,4,O02573,
M002694,D002694,2026-08-02 14:00:00,ISSUE,SKU023,B0120,L023,4,O02574,
M002695,D002695,2026-08-02 14:00:00,ISSUE,SKU024,B0107,L024,3,O02575,
M002696,D002696,2026-08-02 14:00:00,ISSUE,SKU028,B0121,L028,6,O02576,
M002697,D002697,2026-08-02 14:00:00,ISSUE,SKU003,B0139,L003,3,O02577,
M002698,D002698,2026-08-02 14:00:00,ISSUE,SKU004,B0140,L004,3,O02578,
M002699,D002699,2026-08-02 14:00:00,ISSUE,SKU006,B0142,L006,8,O02579,
M002700,D002700,2026-08-02 14:00:00,ISSUE,SKU014,B0145,L014,3,O02580,
M002701,D002701,2026-08-02 14:00:00,ISSUE,SKU015,B0069,L015,6,O02581,
M002702,D002702,2026-08-02 14:00:00,ISSUE,SKU017,B0047,L017,5,O02582,
M002703,D002703,2026-08-02 14:00:00,ISSUE,SKU019,B0118,L019,2,O02583,
M002704,D002704,2026-08-02 14:00:00,ISSUE,SKU024,B0107,L024,5,O02584,
M002705,D002705,2026-08-02 14:00:00,ISSUE,SKU002,B0138,L002,4,O02586,
M002706,D002706,2026-08-02 14:00:00,ISSUE,SKU004,B0140,L004,9,O02587,
M002707,D002707,2026-08-02 14:00:00,ISSUE,SKU005,B0141,L005,2,O02588,
M002708,D002708,2026-08-02 14:00:00,ISSUE,SKU011,B0130,L011,4,O02589,
M002709,D002709,2026-08-02 14:00:00,ISSUE,SKU013,B0013,L013,3,O02590,
M002710,D002710,2026-08-02 14:00:00,ISSUE,SKU013,B0144,L013,2,O02590,
M002711,D002711,2026-08-02 14:00:00,ISSUE,SKU015,B0069,L015,4,O02591,
M002712,D002712,2026-08-02 14:00:00,ISSUE,SKU016,B0131,L016,5,O02592,
M002713,D002713,2026-08-02 14:00:00,ISSUE,SKU017,B0047,L017,4,O02593,
M002714,D002714,2026-08-02 14:00:00,ISSUE,SKU020,B0133,L020,4,O02594,
M002715,D002715,2026-08-02 14:00:00,ISSUE,SKU004,B0140,L004,1,O02596,
M002716,D002716,2026-08-02 14:00:00,ISSUE,SKU005,B0141,L005,5,O02597,
M002717,D002717,2026-08-02 14:00:00,ISSUE,SKU006,B0142,L006,1,O02598,
M002718,D002718,2026-08-02 14:00:00,ISSUE,SKU009,B0129,L009,6,O02599,
M002719,D002719,2026-08-02 14:00:00,ISSUE,SKU015,B0069,L015,4,O02600,
M002720,D002720,2026-08-02 14:00:00,ISSUE,SKU019,B0118,L019,5,O02601,
M002721,D002721,2026-08-03 14:00:00,ISSUE,SKU004,B0140,L004,3,O02602,
M002722,D002722,2026-08-03 14:00:00,ISSUE,SKU005,B0141,L005,4,O02603,
M002723,D002723,2026-08-03 14:00:00,ISSUE,SKU006,B0142,L006,2,O02604,
M002724,D002724,2026-08-03 14:00:00,ISSUE,SKU009,B0129,L009,2,O02605,
M002725,D002725,2026-08-03 14:00:00,ISSUE,SKU015,B0069,L015,4,O02606,
M002726,D002726,2026-08-03 14:00:00,ISSUE,SKU017,B0047,L017,1,O02607,
M002727,D002727,2026-08-03 14:00:00,ISSUE,SKU022,B0119,L022,3,O02608,
M002728,D002728,2026-08-03 14:00:00,ISSUE,SKU026,B0092,L026,2,O02609,
M002729,D002729,2026-08-03 14:00:00,ISSUE,SKU003,B0139,L003,3,O02611,
M002730,D002730,2026-08-03 14:00:00,ISSUE,SKU004,B0140,L004,4,O02612,
M002731,D002731,2026-08-03 14:00:00,ISSUE,SKU005,B0141,L005,4,O02613,
M002732,D002732,2026-08-03 14:00:00,ISSUE,SKU009,B0129,L009,4,O02614,
M002733,D002733,2026-08-03 14:00:00,ISSUE,SKU011,B0130,L011,1,O02615,
M002734,D002734,2026-08-03 14:00:00,ISSUE,SKU014,B0145,L014,3,O02616,
M002735,D002735,2026-08-03 14:00:00,ISSUE,SKU017,B0047,L017,3,O02617,
M002736,D002736,2026-08-03 14:00:00,ISSUE,SKU018,B0018,L018,1,O02618,
M002737,D002737,2026-08-03 14:00:00,ISSUE,SKU019,B0118,L019,3,O02619,
M002738,D002738,2026-08-03 14:00:00,ISSUE,SKU022,B0119,L022,2,O02620,
M002739,D002739,2026-08-03 14:00:00,ISSUE,SKU023,B0120,L023,1,O02621,
M002740,D002740,2026-08-03 14:00:00,ISSUE,SKU027,B0108,L027,2,O02622,
M002741,D002741,2026-08-03 14:00:00,ISSUE,SKU002,B0138,L002,2,O02624,
M002742,D002742,2026-08-03 14:00:00,ISSUE,SKU003,B0139,L003,5,O02625,
M002743,D002743,2026-08-03 14:00:00,ISSUE,SKU005,B0141,L005,6,O02626,
M002744,D002744,2026-08-03 14:00:00,ISSUE,SKU006,B0142,L006,4,O02627,
M002745,D002745,2026-08-03 14:00:00,ISSUE,SKU016,B0131,L016,6,O02628,
M002746,D002746,2026-08-03 14:00:00,ISSUE,SKU017,B0047,L017,4,O02629,
M002747,D002747,2026-08-03 14:00:00,ISSUE,SKU018,B0018,L018,1,O02630,
M002748,D002748,2026-08-03 14:00:00,ISSUE,SKU019,B0118,L019,4,O02631,
M002749,D002749,2026-08-03 14:00:00,ISSUE,SKU024,B0107,L024,4,O02632,
M002750,D002750,2026-08-03 14:00:00,ISSUE,SKU003,B0139,L003,5,O02634,
M002751,D002751,2026-08-03 14:00:00,ISSUE,SKU004,B0140,L004,7,O02635,
M002752,D002752,2026-08-03 14:00:00,ISSUE,SKU008,B0128,L008,4,O02636,
M002753,D002753,2026-08-03 14:00:00,ISSUE,SKU009,B0129,L009,6,O02637,
M002754,D002754,2026-08-03 14:00:00,ISSUE,SKU011,B0130,L011,7,O02638,
M002755,D002755,2026-08-03 14:00:00,ISSUE,SKU019,B0118,L019,7,O02639,
M002756,D002756,2026-08-03 14:00:00,ISSUE,SKU020,B0133,L020,7,O02640,
M002757,D002757,2026-08-03 14:00:00,ISSUE,SKU026,B0092,L026,1,O02641,
M002758,D002758,2026-08-03 14:00:00,ISSUE,SKU004,B0140,L004,2,O02644,
M002759,D002759,2026-08-03 14:00:00,ISSUE,SKU005,B0141,L005,3,O02645,
M002760,D002760,2026-08-03 14:00:00,ISSUE,SKU006,B0142,L006,4,O02646,
M002761,D002761,2026-08-03 14:00:00,ISSUE,SKU008,B0128,L008,1,O02647,
M002762,D002762,2026-08-03 14:00:00,ISSUE,SKU009,B0129,L009,2,O02648,
M002763,D002763,2026-08-03 14:00:00,ISSUE,SKU009,B0100,L009,2,O02648,
M002764,D002764,2026-08-03 14:00:00,ISSUE,SKU015,B0069,L015,4,O02649,
M002765,D002765,2026-08-03 14:00:00,ISSUE,SKU019,B0118,L019,1,O02650,
M002766,D002766,2026-08-03 14:00:00,ISSUE,SKU021,B0105,L021,3,O02651,
M002767,D002767,2026-08-03 14:00:00,ISSUE,SKU022,B0119,L022,4,O02652,
M002768,D002768,2026-08-04 08:00:00,RECEIPT,SKU001,B0152,L001,88,,R0122
M002769,D002769,2026-08-04 08:00:00,RECEIPT,SKU002,B0153,L002,90,,R0123
M002770,D002770,2026-08-04 08:00:00,RECEIPT,SKU003,B0154,L003,68,,R0124
M002771,D002771,2026-08-04 08:00:00,RECEIPT,SKU004,B0155,L004,84,,R0125
M002772,D002772,2026-08-04 08:00:00,RECEIPT,SKU005,B0156,L005,74,,R0126
M002773,D002773,2026-08-04 08:00:00,RECEIPT,SKU006,B0157,L006,65,,R0127
M002774,D002774,2026-08-04 08:00:00,RECEIPT,SKU009,B0158,L009,78,,R0128
M002775,D002775,2026-08-04 08:00:00,RECEIPT,SKU011,B0159,L011,85,,R0129
M002776,D002776,2026-08-04 08:00:00,RECEIPT,SKU015,B0160,L015,100,,R0130
M002777,D002777,2026-08-04 08:00:00,RECEIPT,SKU021,B0161,L021,97,,R0131
M002778,D002778,2026-08-04 08:00:00,RECEIPT,SKU022,B0162,L022,68,,R0132
M002779,D002779,2026-08-04 14:00:00,ISSUE,SKU001,B0152,L001,4,O02653,
M002780,D002780,2026-08-04 14:00:00,ISSUE,SKU004,B0140,L004,2,O02654,
M002781,D002781,2026-08-04 14:00:00,ISSUE,SKU005,B0156,L005,1,O02655,
M002782,D002782,2026-08-04 14:00:00,ISSUE,SKU006,B0142,L006,2,O02656,
M002783,D002783,2026-08-04 14:00:00,ISSUE,SKU011,B0130,L011,1,O02657,
M002784,D002784,2026-08-04 14:00:00,ISSUE,SKU013,B0144,L013,4,O02658,
M002785,D002785,2026-08-04 14:00:00,ISSUE,SKU016,B0131,L016,4,O02659,
M002786,D002786,2026-08-04 14:00:00,ISSUE,SKU023,B0120,L023,1,O02660,
M002787,D002787,2026-08-04 14:00:00,ISSUE,SKU027,B0108,L027,2,O02661,
M002788,D002788,2026-08-04 14:00:00,ISSUE,SKU028,B0121,L028,1,O02662,
M002789,D002789,2026-08-04 14:00:00,ISSUE,SKU003,B0154,L003,5,O02663,
M002790,D002790,2026-08-04 14:00:00,ISSUE,SKU015,B0069,L015,5,O02664,
M002791,D002791,2026-08-04 14:00:00,ISSUE,SKU016,B0131,L016,4,O02665,
M002792,D002792,2026-08-04 14:00:00,ISSUE,SKU018,B0018,L018,5,O02666,
M002793,D002793,2026-08-04 14:00:00,ISSUE,SKU001,B0152,L001,2,O02667,
M002794,D002794,2026-08-04 14:00:00,ISSUE,SKU003,B0154,L003,5,O02668,
M002795,D002795,2026-08-04 14:00:00,ISSUE,SKU004,B0140,L004,2,O02669,
M002796,D002796,2026-08-04 14:00:00,ISSUE,SKU006,B0142,L006,5,O02670,
M002797,D002797,2026-08-04 14:00:00,ISSUE,SKU014,B0145,L014,2,O02671,
M002798,D002798,2026-08-04 14:00:00,ISSUE,SKU015,B0069,L015,1,O02672,
M002799,D002799,2026-08-04 14:00:00,ISSUE,SKU016,B0131,L016,5,O02673,
M002800,D002800,2026-08-04 14:00:00,ISSUE,SKU017,B0047,L017,5,O02674,
M002801,D002801,2026-08-04 14:00:00,ISSUE,SKU019,B0118,L019,1,O02675,
M002802,D002802,2026-08-04 14:00:00,ISSUE,SKU021,B0105,L021,6,O02676,
M002803,D002803,2026-08-04 14:00:00,ISSUE,SKU025,B0091,L025,4,O02677,
M002804,D002804,2026-08-04 14:00:00,ISSUE,SKU003,B0154,L003,7,O02678,
M002805,D002805,2026-08-04 14:00:00,ISSUE,SKU004,B0140,L004,3,O02679,
M002806,D002806,2026-08-04 14:00:00,ISSUE,SKU006,B0142,L006,4,O02680,
M002807,D002807,2026-08-04 14:00:00,ISSUE,SKU007,B0127,L007,7,O02681,
M002808,D002808,2026-08-04 14:00:00,ISSUE,SKU011,B0130,L011,6,O02682,
M002809,D002809,2026-08-04 14:00:00,ISSUE,SKU015,B0069,L015,4,O02683,
M002810,D002810,2026-08-04 14:00:00,ISSUE,SKU020,B0133,L020,6,O02684,
M002811,D002811,2026-08-04 14:00:00,ISSUE,SKU022,B0119,L022,6,O02685,
M002812,D002812,2026-08-04 14:00:00,ISSUE,SKU025,B0091,L025,6,O02686,
M002813,D002813,2026-08-04 14:00:00,ISSUE,SKU027,B0108,L027,7,O02687,
M002814,D002814,2026-08-04 14:00:00,ISSUE,SKU028,B0121,L028,4,O02688,
M002815,D002815,2026-08-04 14:00:00,ISSUE,SKU001,B0152,L001,4,O02689,
M002816,D002816,2026-08-04 14:00:00,ISSUE,SKU002,B0138,L002,4,O02690,
M002817,D002817,2026-08-04 14:00:00,ISSUE,SKU003,B0154,L003,1,O02691,
M002818,D002818,2026-08-04 14:00:00,ISSUE,SKU005,B0156,L005,1,O02692,
M002819,D002819,2026-08-04 14:00:00,ISSUE,SKU006,B0142,L006,1,O02693,
M002820,D002820,2026-08-04 14:00:00,ISSUE,SKU012,B0102,L012,4,O02694,
M002821,D002821,2026-08-04 14:00:00,ISSUE,SKU014,B0145,L014,3,O02695,
M002822,D002822,2026-08-04 14:00:00,ISSUE,SKU022,B0119,L022,1,O02696,
M002823,D002823,2026-08-04 14:00:00,ISSUE,SKU026,B0092,L026,4,O02697,
M002824,D002824,2026-08-04 14:00:00,ISSUE,SKU027,B0108,L027,4,O02698,
M002825,D002825,2026-08-05 14:00:00,ISSUE,SKU002,B0138,L002,1,O02699,
M002826,D002826,2026-08-05 14:00:00,ISSUE,SKU002,B0153,L002,1,O02699,
M002827,D002827,2026-08-05 14:00:00,ISSUE,SKU003,B0154,L003,4,O02700,
M002828,D002828,2026-08-05 14:00:00,ISSUE,SKU005,B0156,L005,2,O02701,
M002829,D002829,2026-08-05 14:00:00,ISSUE,SKU006,B0142,L006,2,O02702,
M002830,D002830,2026-08-05 14:00:00,ISSUE,SKU007,B0127,L007,2,O02703,
M002831,D002831,2026-08-05 14:00:00,ISSUE,SKU008,B0128,L008,2,O02704,
M002832,D002832,2026-08-05 14:00:00,ISSUE,SKU009,B0100,L009,2,O02705,
M002833,D002833,2026-08-05 14:00:00,ISSUE,SKU013,B0144,L013,4,O02706,
M002834,D002834,2026-08-05 14:00:00,ISSUE,SKU014,B0145,L014,4,O02707,
M002835,D002835,2026-08-05 14:00:00,ISSUE,SKU015,B0069,L015,2,O02708,
M002836,D002836,2026-08-05 14:00:00,ISSUE,SKU018,B0018,L018,1,O02709,
M002837,D002837,2026-08-05 14:00:00,ISSUE,SKU023,B0120,L023,2,O02710,
M002838,D002838,2026-08-05 14:00:00,ISSUE,SKU025,B0091,L025,2,O02711,
M002839,D002839,2026-08-05 14:00:00,ISSUE,SKU003,B0154,L003,2,O02712,
M002840,D002840,2026-08-05 14:00:00,ISSUE,SKU004,B0140,L004,4,O02713,
M002841,D002841,2026-08-05 14:00:00,ISSUE,SKU005,B0156,L005,1,O02714,
M002842,D002842,2026-08-05 14:00:00,ISSUE,SKU006,B0142,L006,1,O02715,
M002843,D002843,2026-08-05 14:00:00,ISSUE,SKU008,B0128,L008,3,O02716,
M002844,D002844,2026-08-05 14:00:00,ISSUE,SKU014,B0145,L014,4,O02717,
M002845,D002845,2026-08-05 14:00:00,ISSUE,SKU017,B0047,L017,1,O02718,
M002846,D002846,2026-08-05 14:00:00,ISSUE,SKU018,B0018,L018,1,O02719,
M002847,D002847,2026-08-05 14:00:00,ISSUE,SKU019,B0118,L019,2,O02720,
M002848,D002848,2026-08-05 14:00:00,ISSUE,SKU021,B0105,L021,1,O02721,
M002849,D002849,2026-08-05 14:00:00,ISSUE,SKU025,B0091,L025,2,O02722,
M002850,D002850,2026-08-05 14:00:00,ISSUE,SKU027,B0108,L027,1,O02723,
M002851,D002851,2026-08-05 14:00:00,ISSUE,SKU001,B0152,L001,5,O02724,
M002852,D002852,2026-08-05 14:00:00,ISSUE,SKU003,B0154,L003,4,O02725,
M002853,D002853,2026-08-05 14:00:00,ISSUE,SKU005,B0156,L005,1,O02726,
M002854,D002854,2026-08-05 14:00:00,ISSUE,SKU006,B0142,L006,5,O02727,
M002855,D002855,2026-08-05 14:00:00,ISSUE,SKU008,B0128,L008,6,O02728,
M002856,D002856,2026-08-05 14:00:00,ISSUE,SKU011,B0130,L011,6,O02729,
M002857,D002857,2026-08-05 14:00:00,ISSUE,SKU017,B0047,L017,4,O02730,
M002858,D002858,2026-08-05 14:00:00,ISSUE,SKU018,B0018,L018,4,O02731,
M002859,D002859,2026-08-05 14:00:00,ISSUE,SKU023,B0120,L023,4,O02732,
M002860,D002860,2026-08-05 14:00:00,ISSUE,SKU026,B0092,L026,6,O02733,
M002861,D002861,2026-08-05 14:00:00,ISSUE,SKU001,B0152,L001,4,O02734,
M002862,D002862,2026-08-05 14:00:00,ISSUE,SKU002,B0153,L002,3,O02735,
M002863,D002863,2026-08-05 14:00:00,ISSUE,SKU003,B0154,L003,7,O02736,
M002864,D002864,2026-08-05 14:00:00,ISSUE,SKU004,B0140,L004,2,O02737,
M002865,D002865,2026-08-05 14:00:00,ISSUE,SKU004,B0155,L004,1,O02737,
M002866,D002866,2026-08-05 14:00:00,ISSUE,SKU005,B0156,L005,1,O02738,
M002867,D002867,2026-08-05 14:00:00,ISSUE,SKU009,B0100,L009,7,O02739,
M002868,D002868,2026-08-05 14:00:00,ISSUE,SKU015,B0069,L015,1,O02740,
M002869,D002869,2026-08-05 14:00:00,ISSUE,SKU022,B0119,L022,4,O02741,
M002870,D002870,2026-08-05 14:00:00,ISSUE,SKU002,B0153,L002,1,O02742,
M002871,D002871,2026-08-05 14:00:00,ISSUE,SKU003,B0154,L003,3,O02743,
M002872,D002872,2026-08-05 14:00:00,ISSUE,SKU005,B0156,L005,4,O02744,
M002873,D002873,2026-08-05 14:00:00,ISSUE,SKU006,B0142,L006,4,O02745,
M002874,D002874,2026-08-05 14:00:00,ISSUE,SKU012,B0102,L012,2,O02746,
M002875,D002875,2026-08-05 14:00:00,ISSUE,SKU015,B0069,L015,4,O02747,
M002876,D002876,2026-08-05 14:00:00,ISSUE,SKU025,B0091,L025,3,O02748,
M002877,D002877,2026-08-06 14:00:00,ISSUE,SKU001,B0152,L001,3,O02749,
M002878,D002878,2026-08-06 14:00:00,ISSUE,SKU002,B0153,L002,3,O02750,
M002879,D002879,2026-08-06 14:00:00,ISSUE,SKU004,B0155,L004,4,O02751,
M002880,D002880,2026-08-06 14:00:00,ISSUE,SKU005,B0156,L005,4,O02752,
M002881,D002881,2026-08-06 14:00:00,ISSUE,SKU006,B0142,L006,1,O02753,
M002882,D002882,2026-08-06 14:00:00,ISSUE,SKU011,B0130,L011,3,O02754,
M002883,D002883,2026-08-06 14:00:00,ISSUE,SKU013,B0144,L013,2,O02755,
M002884,D002884,2026-08-06 14:00:00,ISSUE,SKU016,B0131,L016,4,O02756,
M002885,D002885,2026-08-06 14:00:00,ISSUE,SKU018,B0018,L018,1,O02757,
M002886,D002886,2026-08-06 14:00:00,ISSUE,SKU020,B0133,L020,3,O02758,
M002887,D002887,2026-08-06 14:00:00,ISSUE,SKU023,B0120,L023,2,O02759,
M002888,D002888,2026-08-06 14:00:00,ISSUE,SKU026,B0092,L026,4,O02760,
M002889,D002889,2026-08-06 14:00:00,ISSUE,SKU028,B0121,L028,3,O02761,
M002890,D002890,2026-08-06 14:00:00,ISSUE,SKU001,B0152,L001,4,O02762,
M002891,D002891,2026-08-06 14:00:00,ISSUE,SKU002,B0153,L002,5,O02763,
M002892,D002892,2026-08-06 14:00:00,ISSUE,SKU003,B0154,L003,5,O02764,
M002893,D002893,2026-08-06 14:00:00,ISSUE,SKU004,B0155,L004,4,O02765,
M002894,D002894,2026-08-06 14:00:00,ISSUE,SKU005,B0156,L005,5,O02766,
M002895,D002895,2026-08-06 14:00:00,ISSUE,SKU009,B0100,L009,2,O02767,
M002896,D002896,2026-08-06 14:00:00,ISSUE,SKU012,B0102,L012,5,O02768,
M002897,D002897,2026-08-06 14:00:00,ISSUE,SKU018,B0018,L018,1,O02769,
M002898,D002898,2026-08-06 14:00:00,ISSUE,SKU024,B0107,L024,3,O02770,
M002899,D002899,2026-08-06 14:00:00,ISSUE,SKU025,B0091,L025,2,O02771,
M002900,D002900,2026-08-06 14:00:00,ISSUE,SKU026,B0092,L026,5,O02772,
M002901,D002901,2026-08-06 14:00:00,ISSUE,SKU001,B0152,L001,1,O02773,
M002902,D002902,2026-08-06 14:00:00,ISSUE,SKU004,B0155,L004,4,O02774,
M002903,D002903,2026-08-06 14:00:00,ISSUE,SKU005,B0156,L005,6,O02775,
M002904,D002904,2026-08-06 14:00:00,ISSUE,SKU006,B0142,L006,1,O02776,
M002905,D002905,2026-08-06 14:00:00,ISSUE,SKU006,B0157,L006,3,O02776,
M002906,D002906,2026-08-06 14:00:00,ISSUE,SKU007,B0127,L007,1,O02777,
M002907,D002907,2026-08-06 14:00:00,ISSUE,SKU008,B0128,L008,2,O02778,
M002908,D002908,2026-08-06 14:00:00,ISSUE,SKU012,B0102,L012,5,O02779,
M002909,D002909,2026-08-06 14:00:00,ISSUE,SKU017,B0047,L017,2,O02780,
M002910,D002910,2026-08-06 14:00:00,ISSUE,SKU019,B0118,L019,5,O02781,
M002911,D002911,2026-08-06 14:00:00,ISSUE,SKU023,B0120,L023,1,O02782,
M002912,D002912,2026-08-06 14:00:00,ISSUE,SKU024,B0107,L024,4,O02783,
M002913,D002913,2026-08-06 14:00:00,ISSUE,SKU027,B0108,L027,1,O02784,
M002914,D002914,2026-08-06 14:00:00,ISSUE,SKU004,B0155,L004,4,O02785,
M002915,D002915,2026-08-06 14:00:00,ISSUE,SKU005,B0156,L005,1,O02786,
M002916,D002916,2026-08-06 14:00:00,ISSUE,SKU011,B0130,L011,6,O02787,
M002917,D002917,2026-08-06 14:00:00,ISSUE,SKU015,B0069,L015,4,O02788,
M002918,D002918,2026-08-06 14:00:00,ISSUE,SKU018,B0018,L018,6,O02789,
M002919,D002919,2026-08-06 14:00:00,ISSUE,SKU001,B0152,L001,3,O02790,
M002920,D002920,2026-08-06 14:00:00,ISSUE,SKU002,B0153,L002,2,O02791,
M002921,D002921,2026-08-06 14:00:00,ISSUE,SKU003,B0154,L003,4,O02792,
M002922,D002922,2026-08-06 14:00:00,ISSUE,SKU004,B0155,L004,2,O02793,
M002923,D002923,2026-08-06 14:00:00,ISSUE,SKU012,B0102,L012,3,O02794,
M002924,D002924,2026-08-06 14:00:00,ISSUE,SKU015,B0069,L015,4,O02795,
M002925,D002925,2026-08-06 14:00:00,ISSUE,SKU020,B0133,L020,1,O02796,
M002926,D002926,2026-08-06 14:00:00,ISSUE,SKU023,B0120,L023,2,O02797,
M002927,D002927,2026-08-07 14:00:00,ISSUE,SKU002,B0153,L002,2,O02798,
M002928,D002928,2026-08-07 14:00:00,ISSUE,SKU004,B0155,L004,1,O02799,
M002929,D002929,2026-08-07 14:00:00,ISSUE,SKU008,B0128,L008,3,O02800,
M002930,D002930,2026-08-07 14:00:00,ISSUE,SKU017,B0047,L017,4,O02801,
M002931,D002931,2026-08-07 14:00:00,ISSUE,SKU019,B0118,L019,1,O02802,
M002932,D002932,2026-08-07 14:00:00,ISSUE,SKU022,B0119,L022,3,O02803,
M002933,D002933,2026-08-07 14:00:00,ISSUE,SKU023,B0120,L023,3,O02804,
M002934,D002934,2026-08-07 14:00:00,ISSUE,SKU024,B0107,L024,4,O02805,
M002935,D002935,2026-08-07 14:00:00,ISSUE,SKU001,B0152,L001,4,O02806,
M002936,D002936,2026-08-07 14:00:00,ISSUE,SKU002,B0153,L002,1,O02807,
M002937,D002937,2026-08-07 14:00:00,ISSUE,SKU006,B0157,L006,1,O02808,
M002938,D002938,2026-08-07 14:00:00,ISSUE,SKU007,B0127,L007,3,O02809,
M002939,D002939,2026-08-07 14:00:00,ISSUE,SKU009,B0100,L009,3,O02810,
M002940,D002940,2026-08-07 14:00:00,ISSUE,SKU011,B0066,L011,1,O02811,
M002941,D002941,2026-08-07 14:00:00,ISSUE,SKU012,B0102,L012,1,O02812,
M002942,D002942,2026-08-07 14:00:00,ISSUE,SKU012,B0143,L012,1,O02812,
M002943,D002943,2026-08-07 14:00:00,ISSUE,SKU013,B0144,L013,5,O02813,
M002944,D002944,2026-08-07 14:00:00,ISSUE,SKU015,B0069,L015,3,O02814,
M002945,D002945,2026-08-07 14:00:00,ISSUE,SKU016,B0131,L016,4,O02815,
M002946,D002946,2026-08-07 14:00:00,ISSUE,SKU021,B0105,L021,3,O02816,
M002947,D002947,2026-08-07 14:00:00,ISSUE,SKU023,B0120,L023,1,O02817,
M002948,D002948,2026-08-07 14:00:00,ISSUE,SKU002,B0153,L002,1,O02818,
M002949,D002949,2026-08-07 14:00:00,ISSUE,SKU003,B0154,L003,6,O02819,
M002950,D002950,2026-08-07 14:00:00,ISSUE,SKU004,B0155,L004,2,O02820,
M002951,D002951,2026-08-07 14:00:00,ISSUE,SKU005,B0156,L005,6,O02821,
M002952,D002952,2026-08-07 14:00:00,ISSUE,SKU007,B0127,L007,4,O02822,
M002953,D002953,2026-08-07 14:00:00,ISSUE,SKU008,B0128,L008,5,O02823,
M002954,D002954,2026-08-07 14:00:00,ISSUE,SKU011,B0066,L011,4,O02824,
M002955,D002955,2026-08-07 14:00:00,ISSUE,SKU013,B0144,L013,1,O02825,
M002956,D002956,2026-08-07 14:00:00,ISSUE,SKU015,B0069,L015,1,O02826,
M002957,D002957,2026-08-07 14:00:00,ISSUE,SKU016,B0131,L016,5,O02827,
M002958,D002958,2026-08-07 14:00:00,ISSUE,SKU018,B0018,L018,6,O02828,
M002959,D002959,2026-08-07 14:00:00,ISSUE,SKU001,B0152,L001,6,O02829,
M002960,D002960,2026-08-07 14:00:00,ISSUE,SKU003,B0154,L003,3,O02830,
M002961,D002961,2026-08-07 14:00:00,ISSUE,SKU005,B0156,L005,1,O02831,
M002962,D002962,2026-08-07 14:00:00,ISSUE,SKU006,B0157,L006,3,O02832,
M002963,D002963,2026-08-07 14:00:00,ISSUE,SKU013,B0144,L013,7,O02833,
M002964,D002964,2026-08-07 14:00:00,ISSUE,SKU014,B0145,L014,4,O02834,
M002965,D002965,2026-08-07 14:00:00,ISSUE,SKU026,B0092,L026,3,O02835,
M002966,D002966,2026-08-07 14:00:00,ISSUE,SKU027,B0108,L027,1,O02836,
M002967,D002967,2026-08-07 14:00:00,ISSUE,SKU001,B0152,L001,4,O02837,
M002968,D002968,2026-08-07 14:00:00,ISSUE,SKU004,B0155,L004,2,O02838,
M002969,D002969,2026-08-07 14:00:00,ISSUE,SKU005,B0156,L005,4,O02839,
M002970,D002970,2026-08-07 14:00:00,ISSUE,SKU006,B0157,L006,3,O02840,
M002971,D002971,2026-08-07 14:00:00,ISSUE,SKU007,B0127,L007,2,O02841,
M002972,D002972,2026-08-07 14:00:00,ISSUE,SKU025,B0091,L025,4,O02842,
M002973,D002973,2026-08-07 14:00:00,ISSUE,SKU026,B0092,L026,4,O02843,
M002974,D002974,2026-08-08 14:00:00,ISSUE,SKU001,B0152,L001,5,O02844,
M002975,D002975,2026-08-08 14:00:00,ISSUE,SKU004,B0155,L004,2,O02845,
M002976,D002976,2026-08-08 14:00:00,ISSUE,SKU005,B0156,L005,1,O02846,
M002977,D002977,2026-08-08 14:00:00,ISSUE,SKU006,B0157,L006,4,O02847,
M002978,D002978,2026-08-08 14:00:00,ISSUE,SKU015,B0069,L015,5,O02848,
M002979,D002979,2026-08-08 14:00:00,ISSUE,SKU018,B0018,L018,3,O02849,
M002980,D002980,2026-08-08 14:00:00,ISSUE,SKU021,B0105,L021,5,O02850,
M002981,D002981,2026-08-08 14:00:00,ISSUE,SKU028,B0121,L028,4,O02851,
M002982,D002982,2026-08-08 14:00:00,ISSUE,SKU001,B0152,L001,3,O02852,
M002983,D002983,2026-08-08 14:00:00,ISSUE,SKU002,B0153,L002,6,O02853,
M002984,D002984,2026-08-08 14:00:00,ISSUE,SKU005,B0156,L005,6,O02854,
M002985,D002985,2026-08-08 14:00:00,ISSUE,SKU006,B0157,L006,6,O02855,
M002986,D002986,2026-08-08 14:00:00,ISSUE,SKU017,B0047,L017,3,O02856,
M002987,D002987,2026-08-08 14:00:00,ISSUE,SKU020,B0133,L020,3,O02857,
M002988,D002988,2026-08-08 14:00:00,ISSUE,SKU001,B0152,L001,8,O02858,
M002989,D002989,2026-08-08 14:00:00,ISSUE,SKU002,B0153,L002,3,O02859,
M002990,D002990,2026-08-08 14:00:00,ISSUE,SKU005,B0156,L005,6,O02860,
M002991,D002991,2026-08-08 14:00:00,ISSUE,SKU006,B0157,L006,3,O02861,
M002992,D002992,2026-08-08 14:00:00,ISSUE,SKU008,B0128,L008,3,O02862,
M002993,D002993,2026-08-08 14:00:00,ISSUE,SKU012,B0143,L012,8,O02863,
M002994,D002994,2026-08-08 14:00:00,ISSUE,SKU021,B0105,L021,5,O02864,
M002995,D002995,2026-08-08 14:00:00,ISSUE,SKU022,B0119,L022,8,O02865,
M002996,D002996,2026-08-08 14:00:00,ISSUE,SKU023,B0120,L023,5,O02866,
M002997,D002997,2026-08-08 14:00:00,ISSUE,SKU026,B0092,L026,5,O02867,
M002998,D002998,2026-08-08 14:00:00,ISSUE,SKU002,B0153,L002,5,O02868,
M002999,D002999,2026-08-08 14:00:00,ISSUE,SKU005,B0156,L005,2,O02869,
M003000,D003000,2026-08-08 14:00:00,ISSUE,SKU007,B0127,L007,2,O02870,
M003001,D003001,2026-08-08 14:00:00,ISSUE,SKU015,B0069,L015,1,O02871,
M003002,D003002,2026-08-08 14:00:00,ISSUE,SKU015,B0146,L015,3,O02871,
M003003,D003003,2026-08-08 14:00:00,ISSUE,SKU019,B0118,L019,9,O02872,
M003004,D003004,2026-08-08 14:00:00,ISSUE,SKU021,B0105,L021,7,O02873,
M003005,D003005,2026-08-08 14:00:00,ISSUE,SKU023,B0120,L023,5,O02874,
M003006,D003006,2026-08-08 14:00:00,ISSUE,SKU026,B0092,L026,2,O02875,
M003007,D003007,2026-08-08 14:00:00,ISSUE,SKU027,B0108,L027,4,O02876,
M003008,D003008,2026-08-08 14:00:00,ISSUE,SKU001,B0152,L001,5,O02877,
M003009,D003009,2026-08-08 14:00:00,ISSUE,SKU002,B0153,L002,6,O02878,
M003010,D003010,2026-08-08 14:00:00,ISSUE,SKU003,B0154,L003,5,O02879,
M003011,D003011,2026-08-08 14:00:00,ISSUE,SKU004,B0155,L004,6,O02880,
M003012,D003012,2026-08-08 14:00:00,ISSUE,SKU005,B0156,L005,4,O02881,
M003013,D003013,2026-08-08 14:00:00,ISSUE,SKU006,B0157,L006,1,O02882,
M003014,D003014,2026-08-08 14:00:00,ISSUE,SKU007,B0127,L007,1,O02883,
M003015,D003015,2026-08-08 14:00:00,ISSUE,SKU013,B0144,L013,2,O02884,
M003016,D003016,2026-08-08 14:00:00,ISSUE,SKU018,B0018,L018,1,O02885,
M003017,D003017,2026-08-08 14:00:00,ISSUE,SKU026,B0092,L026,2,O02886,
M003018,D003018,2026-08-09 14:00:00,ISSUE,SKU001,B0152,L001,5,O02887,
M003019,D003019,2026-08-09 14:00:00,ISSUE,SKU002,B0153,L002,5,O02888,
M003020,D003020,2026-08-09 14:00:00,ISSUE,SKU003,B0154,L003,5,O02889,
M003021,D003021,2026-08-09 14:00:00,ISSUE,SKU004,B0155,L004,3,O02890,
M003022,D003022,2026-08-09 14:00:00,ISSUE,SKU006,B0157,L006,4,O02891,
M003023,D003023,2026-08-09 14:00:00,ISSUE,SKU009,B0100,L009,4,O02892,
M003024,D003024,2026-08-09 14:00:00,ISSUE,SKU013,B0144,L013,4,O02893,
M003025,D003025,2026-08-09 14:00:00,ISSUE,SKU014,B0145,L014,5,O02894,
M003026,D003026,2026-08-09 14:00:00,ISSUE,SKU018,B0018,L018,2,O02895,
M003027,D003027,2026-08-09 14:00:00,ISSUE,SKU020,B0133,L020,4,O02896,
M003028,D003028,2026-08-09 14:00:00,ISSUE,SKU021,B0105,L021,5,O02897,
M003029,D003029,2026-08-09 14:00:00,ISSUE,SKU023,B0120,L023,3,O02898,
M003030,D003030,2026-08-09 14:00:00,ISSUE,SKU026,B0092,L026,5,O02899,
M003031,D003031,2026-08-09 14:00:00,ISSUE,SKU028,B0121,L028,2,O02900,
M003032,D003032,2026-08-09 14:00:00,ISSUE,SKU001,B0152,L001,6,O02901,
M003033,D003033,2026-08-09 14:00:00,ISSUE,SKU002,B0153,L002,5,O02902,
M003034,D003034,2026-08-09 14:00:00,ISSUE,SKU003,B0154,L003,2,O02903,
M003035,D003035,2026-08-09 14:00:00,ISSUE,SKU004,B0155,L004,1,O02904,
M003036,D003036,2026-08-09 14:00:00,ISSUE,SKU005,B0156,L005,4,O02905,
M003037,D003037,2026-08-09 14:00:00,ISSUE,SKU009,B0100,L009,1,O02906,
M003038,D003038,2026-08-09 14:00:00,ISSUE,SKU013,B0144,L013,6,O02907,
M003039,D003039,2026-08-09 14:00:00,ISSUE,SKU016,B0131,L016,4,O02908,
M003040,D003040,2026-08-09 14:00:00,ISSUE,SKU018,B0018,L018,5,O02909,
M003041,D003041,2026-08-09 14:00:00,ISSUE,SKU001,B0152,L001,3,O02910,
M003042,D003042,2026-08-09 14:00:00,ISSUE,SKU011,B0066,L011,6,O02912,
M003043,D003043,2026-08-09 14:00:00,ISSUE,SKU012,B0143,L012,8,O02913,
M003044,D003044,2026-08-09 14:00:00,ISSUE,SKU013,B0144,L013,5,O02914,
M003045,D003045,2026-08-09 14:00:00,ISSUE,SKU015,B0146,L015,3,O02915,
M003046,D003046,2026-08-09 14:00:00,ISSUE,SKU016,B0131,L016,2,O02916,
M003047,D003047,2026-08-09 14:00:00,ISSUE,SKU016,B0046,L016,6,O02916,
M003048,D003048,2026-08-09 14:00:00,ISSUE,SKU020,B0133,L020,3,O02917,
M003049,D003049,2026-08-09 14:00:00,ISSUE,SKU024,B0107,L024,3,O02918,
M003050,D003050,2026-08-09 14:00:00,ISSUE,SKU028,B0121,L028,3,O02919,
M003051,D003051,2026-08-09 14:00:00,ISSUE,SKU002,B0153,L002,5,O02920,
M003052,D003052,2026-08-09 14:00:00,ISSUE,SKU005,B0156,L005,7,O02922,
M003053,D003053,2026-08-09 14:00:00,ISSUE,SKU011,B0066,L011,4,O02923,
M003054,D003054,2026-08-09 14:00:00,ISSUE,SKU018,B0018,L018,9,O02924,
M003055,D003055,2026-08-09 14:00:00,ISSUE,SKU026,B0092,L026,2,O02925,
M003056,D003056,2026-08-09 14:00:00,ISSUE,SKU027,B0137,L027,7,O02926,
M003057,D003057,2026-08-09 14:00:00,ISSUE,SKU004,B0155,L004,2,O02928,
M003058,D003058,2026-08-09 14:00:00,ISSUE,SKU005,B0156,L005,2,O02929,
M003059,D003059,2026-08-09 14:00:00,ISSUE,SKU006,B0157,L006,5,O02930,
M003060,D003060,2026-08-09 14:00:00,ISSUE,SKU007,B0127,L007,4,O02931,
M003061,D003061,2026-08-09 14:00:00,ISSUE,SKU014,B0145,L014,1,O02932,
M003062,D003062,2026-08-09 14:00:00,ISSUE,SKU015,B0146,L015,2,O02933,
M003063,D003063,2026-08-09 14:00:00,ISSUE,SKU025,B0091,L025,6,O02934,
M003064,D003064,2026-08-09 14:00:00,ISSUE,SKU028,B0121,L028,1,O02935,
M003065,D003065,2026-08-10 14:00:00,ISSUE,SKU001,B0152,L001,3,O02936,
M003066,D003066,2026-08-10 14:00:00,ISSUE,SKU002,B0153,L002,1,O02937,
M003067,D003067,2026-08-10 14:00:00,ISSUE,SKU004,B0155,L004,4,O02939,
M003068,D003068,2026-08-10 14:00:00,ISSUE,SKU006,B0157,L006,2,O02940,
M003069,D003069,2026-08-10 14:00:00,ISSUE,SKU011,B0066,L011,3,O02941,
M003070,D003070,2026-08-10 14:00:00,ISSUE,SKU022,B0119,L022,2,O02942,
M003071,D003071,2026-08-10 14:00:00,ISSUE,SKU025,B0091,L025,2,O02943,
M003072,D003072,2026-08-10 14:00:00,ISSUE,SKU026,B0092,L026,3,O02944,
M003073,D003073,2026-08-10 14:00:00,ISSUE,SKU001,B0152,L001,3,O02945,
M003074,D003074,2026-08-10 14:00:00,ISSUE,SKU002,B0153,L002,3,O02946,
M003075,D003075,2026-08-10 14:00:00,ISSUE,SKU005,B0156,L005,4,O02947,
M003076,D003076,2026-08-10 14:00:00,ISSUE,SKU006,B0157,L006,2,O02948,
M003077,D003077,2026-08-10 14:00:00,ISSUE,SKU011,B0066,L011,5,O02949,
M003078,D003078,2026-08-10 14:00:00,ISSUE,SKU018,B0018,L018,3,O02950,
M003079,D003079,2026-08-10 14:00:00,ISSUE,SKU025,B0091,L025,1,O02951,
M003080,D003080,2026-08-10 14:00:00,ISSUE,SKU028,B0121,L028,5,O02952,
M003081,D003081,2026-08-10 14:00:00,ISSUE,SKU001,B0152,L001,3,O02953,
M003082,D003082,2026-08-10 14:00:00,ISSUE,SKU004,B0155,L004,6,O02954,
M003083,D003083,2026-08-10 14:00:00,ISSUE,SKU006,B0157,L006,2,O02955,
M003084,D003084,2026-08-10 14:00:00,ISSUE,SKU011,B0066,L011,2,O02956,
M003085,D003085,2026-08-10 14:00:00,ISSUE,SKU012,B0143,L012,1,O02957,
M003086,D003086,2026-08-10 14:00:00,ISSUE,SKU014,B0145,L014,4,O02958,
M003087,D003087,2026-08-10 14:00:00,ISSUE,SKU016,B0046,L016,2,O02959,
M003088,D003088,2026-08-10 14:00:00,ISSUE,SKU017,B0047,L017,5,O02960,
M003089,D003089,2026-08-10 14:00:00,ISSUE,SKU017,B0132,L017,1,O02960,
M003090,D003090,2026-08-10 14:00:00,ISSUE,SKU018,B0018,L018,2,O02961,
M003091,D003091,2026-08-10 14:00:00,ISSUE,SKU027,B0137,L027,1,O02962,
M003092,D003092,2026-08-10 14:00:00,ISSUE,SKU002,B0153,L002,4,O02964,
M003093,D003093,2026-08-10 14:00:00,ISSUE,SKU004,B0155,L004,1,O02966,
M003094,D003094,2026-08-10 14:00:00,ISSUE,SKU006,B0157,L006,7,O02967,
M003095,D003095,2026-08-10 14:00:00,ISSUE,SKU015,B0146,L015,4,O02968,
M003096,D003096,2026-08-10 14:00:00,ISSUE,SKU022,B0119,L022,1,O02969,
M003097,D003097,2026-08-10 14:00:00,ISSUE,SKU002,B0153,L002,3,O02970,
M003098,D003098,2026-08-10 14:00:00,ISSUE,SKU006,B0157,L006,3,O02972,
M003099,D003099,2026-08-10 14:00:00,ISSUE,SKU009,B0100,L009,4,O02973,
M003100,D003100,2026-08-10 14:00:00,ISSUE,SKU011,B0066,L011,2,O02974,
M003101,D003101,2026-08-10 14:00:00,ISSUE,SKU012,B0143,L012,4,O02975,
M003102,D003102,2026-08-10 14:00:00,ISSUE,SKU014,B0145,L014,2,O02976,
M003103,D003103,2026-08-10 14:00:00,ISSUE,SKU015,B0146,L015,2,O02977,
M003104,D003104,2026-08-10 14:00:00,ISSUE,SKU017,B0132,L017,1,O02978,
M003105,D003105,2026-08-10 14:00:00,ISSUE,SKU021,B0105,L021,4,O02979,
M003106,D003106,2026-08-11 08:00:00,RECEIPT,SKU001,B0163,L001,87,,R0133
M003107,D003107,2026-08-11 08:00:00,RECEIPT,SKU002,B0164,L002,71,,R0134
M003108,D003108,2026-08-11 08:00:00,RECEIPT,SKU003,B0165,L003,93,,R0135
M003109,D003109,2026-08-11 08:00:00,RECEIPT,SKU004,B0166,L004,62,,R0136
M003110,D003110,2026-08-11 08:00:00,RECEIPT,SKU005,B0167,L005,80,,R0137
M003111,D003111,2026-08-11 08:00:00,RECEIPT,SKU006,B0168,L006,96,,R0138
M003112,D003112,2026-08-11 08:00:00,RECEIPT,SKU008,B0169,L008,77,,R0139
M003113,D003113,2026-08-11 08:00:00,RECEIPT,SKU010,B0170,L010,71,,R0140
M003114,D003114,2026-08-11 08:00:00,RECEIPT,SKU012,B0171,L012,84,,R0141
M003115,D003115,2026-08-11 08:00:00,RECEIPT,SKU013,B0172,L013,93,,R0142
M003116,D003116,2026-08-11 08:00:00,RECEIPT,SKU016,B0173,L016,72,,R0143
M003117,D003117,2026-08-11 08:00:00,RECEIPT,SKU017,B0174,L017,68,,R0144
M003118,D003118,2026-08-11 08:00:00,RECEIPT,SKU018,B0175,L018,64,,R0145
M003119,D003119,2026-08-11 08:00:00,RECEIPT,SKU019,B0176,L019,67,,R0146
M003120,D003120,2026-08-11 08:00:00,RECEIPT,SKU020,B0177,L020,99,,R0147
M003121,D003121,2026-08-11 08:00:00,RECEIPT,SKU023,B0178,L023,79,,R0148
M003122,D003122,2026-08-11 08:00:00,RECEIPT,SKU024,B0179,L024,81,,R0149
M003123,D003123,2026-08-11 08:00:00,RECEIPT,SKU025,B0180,L025,65,,R0150
M003124,D003124,2026-08-11 08:00:00,RECEIPT,SKU026,B0181,L026,86,,R0151
M003125,D003125,2026-08-11 14:00:00,ISSUE,SKU002,B0153,L002,3,O02980,
M003126,D003126,2026-08-11 14:00:00,ISSUE,SKU004,B0166,L004,1,O02981,
M003127,D003127,2026-08-11 14:00:00,ISSUE,SKU013,B0144,L013,3,O02982,
M003128,D003128,2026-08-11 14:00:00,ISSUE,SKU015,B0146,L015,2,O02983,
M003129,D003129,2026-08-11 14:00:00,ISSUE,SKU018,B0117,L018,4,O02984,
M003130,D003130,2026-08-11 14:00:00,ISSUE,SKU021,B0105,L021,4,O02985,
M003131,D003131,2026-08-11 14:00:00,ISSUE,SKU022,B0119,L022,3,O02986,
M003132,D003132,2026-08-11 14:00:00,ISSUE,SKU024,B0107,L024,1,O02987,
M003133,D003133,2026-08-11 14:00:00,ISSUE,SKU025,B0091,L025,3,O02988,
M003134,D003134,2026-08-11 14:00:00,ISSUE,SKU026,B0092,L026,2,O02989,
M003135,D003135,2026-08-11 14:00:00,ISSUE,SKU027,B0137,L027,3,O02990,
M003136,D003136,2026-08-11 14:00:00,ISSUE,SKU002,B0153,L002,2,O02991,
M003137,D003137,2026-08-11 14:00:00,ISSUE,SKU003,B0165,L003,1,O02992,
M003138,D003138,2026-08-11 14:00:00,ISSUE,SKU004,B0166,L004,1,O02993,
M003139,D003139,2026-08-11 14:00:00,ISSUE,SKU006,B0168,L006,2,O02994,
M003140,D003140,2026-08-11 14:00:00,ISSUE,SKU023,B0120,L023,1,O02995,
M003141,D003141,2026-08-11 14:00:00,ISSUE,SKU025,B0091,L025,3,O02996,
M003142,D003142,2026-08-11 14:00:00,ISSUE,SKU026,B0092,L026,5,O02997,
M003143,D003143,2026-08-11 14:00:00,ISSUE,SKU002,B0153,L002,5,O02998,
M003144,D003144,2026-08-11 14:00:00,ISSUE,SKU003,B0165,L003,4,O02999,
M003145,D003145,2026-08-11 14:00:00,ISSUE,SKU004,B0166,L004,6,O03000,
M003146,D003146,2026-08-11 14:00:00,ISSUE,SKU006,B0168,L006,2,O03001,
M003147,D003147,2026-08-11 14:00:00,ISSUE,SKU012,B0171,L012,2,O03002,
M003148,D003148,2026-08-11 14:00:00,ISSUE,SKU014,B0145,L014,2,O03003,
M003149,D003149,2026-08-11 14:00:00,ISSUE,SKU016,B0173,L016,6,O03004,
M003150,D003150,2026-08-11 14:00:00,ISSUE,SKU018,B0117,L018,6,O03005,
M003151,D003151,2026-08-11 14:00:00,ISSUE,SKU020,B0090,L020,2,O03006,
M003152,D003152,2026-08-11 14:00:00,ISSUE,SKU023,B0120,L023,4,O03007,
M003153,D003153,2026-08-11 14:00:00,ISSUE,SKU002,B0153,L002,1,O03008,
M003154,D003154,2026-08-11 14:00:00,ISSUE,SKU003,B0165,L003,3,O03009,
M003155,D003155,2026-08-11 14:00:00,ISSUE,SKU004,B0166,L004,4,O03010,
M003156,D003156,2026-08-11 14:00:00,ISSUE,SKU005,B0141,L005,3,O03011,
M003157,D003157,2026-08-11 14:00:00,ISSUE,SKU006,B0168,L006,7,O03012,
M003158,D003158,2026-08-11 14:00:00,ISSUE,SKU009,B0100,L009,1,O03013,
M003159,D003159,2026-08-11 14:00:00,ISSUE,SKU009,B0009,L009,6,O03013,
M003160,D003160,2026-08-11 14:00:00,ISSUE,SKU020,B0177,L020,7,O03014,
M003161,D003161,2026-08-11 14:00:00,ISSUE,SKU022,B0119,L022,7,O03015,
M003162,D003162,2026-08-11 14:00:00,ISSUE,SKU023,B0120,L023,7,O03016,
M003163,D003163,2026-08-11 14:00:00,ISSUE,SKU026,B0092,L026,4,O03017,
M003164,D003164,2026-08-11 14:00:00,ISSUE,SKU026,B0136,L026,2,O03017,
M003165,D003165,2026-08-11 14:00:00,ISSUE,SKU002,B0153,L002,4,O03018,
M003166,D003166,2026-08-11 14:00:00,ISSUE,SKU004,B0166,L004,4,O03019,
M003167,D003167,2026-08-11 14:00:00,ISSUE,SKU005,B0141,L005,4,O03020,
M003168,D003168,2026-08-11 14:00:00,ISSUE,SKU006,B0168,L006,1,O03021,
M003169,D003169,2026-08-11 14:00:00,ISSUE,SKU008,B0128,L008,4,O03022,
M003170,D003170,2026-08-11 14:00:00,ISSUE,SKU009,B0009,L009,2,O03023,
M003171,D003171,2026-08-11 14:00:00,ISSUE,SKU020,B0177,L020,3,O03024,
M003172,D003172,2026-08-11 14:00:00,ISSUE,SKU022,B0119,L022,2,O03025,
M003173,D003173,2026-08-11 14:00:00,ISSUE,SKU023,B0120,L023,2,O03026,
M003174,D003174,2026-08-11 14:00:00,ISSUE,SKU028,B0121,L028,2,O03027,
M003175,D003175,2026-08-12 14:00:00,ISSUE,SKU002,B0153,L002,2,O03028,
M003176,D003176,2026-08-12 14:00:00,ISSUE,SKU003,B0165,L003,3,O03029,
M003177,D003177,2026-08-12 14:00:00,ISSUE,SKU004,B0166,L004,3,O03030,
M003178,D003178,2026-08-12 14:00:00,ISSUE,SKU005,B0112,L005,2,O03031,
M003179,D003179,2026-08-12 14:00:00,ISSUE,SKU011,B0066,L011,2,O03032,
M003180,D003180,2026-08-12 14:00:00,ISSUE,SKU012,B0171,L012,2,O03033,
M003181,D003181,2026-08-12 14:00:00,ISSUE,SKU019,B0176,L019,2,O03034,
M003182,D003182,2026-08-12 14:00:00,ISSUE,SKU021,B0105,L021,1,O03035,
M003183,D003183,2026-08-12 14:00:00,ISSUE,SKU026,B0136,L026,4,O03036,
M003184,D003184,2026-08-12 14:00:00,ISSUE,SKU001,B0163,L001,2,O03037,
M003185,D003185,2026-08-12 14:00:00,ISSUE,SKU002,B0153,L002,2,O03038,
M003186,D003186,2026-08-12 14:00:00,ISSUE,SKU003,B0165,L003,1,O03039,
M003187,D003187,2026-08-12 14:00:00,ISSUE,SKU004,B0166,L004,4,O03040,
M003188,D003188,2026-08-12 14:00:00,ISSUE,SKU006,B0168,L006,4,O03041,
M003189,D003189,2026-08-12 14:00:00,ISSUE,SKU008,B0128,L008,1,O03042,
M003190,D003190,2026-08-12 14:00:00,ISSUE,SKU020,B0177,L020,4,O03043,
M003191,D003191,2026-08-12 14:00:00,ISSUE,SKU022,B0119,L022,5,O03044,
M003192,D003192,2026-08-12 14:00:00,ISSUE,SKU025,B0091,L025,3,O03045,
M003193,D003193,2026-08-12 14:00:00,ISSUE,SKU001,B0163,L001,6,O03046,
M003194,D003194,2026-08-12 14:00:00,ISSUE,SKU003,B0165,L003,6,O03047,
M003195,D003195,2026-08-12 14:00:00,ISSUE,SKU004,B0166,L004,2,O03048,
M003196,D003196,2026-08-12 14:00:00,ISSUE,SKU005,B0112,L005,6,O03049,
M003197,D003197,2026-08-12 14:00:00,ISSUE,SKU007,B0127,L007,1,O03050,
M003198,D003198,2026-08-12 14:00:00,ISSUE,SKU013,B0144,L013,6,O03051,
M003199,D003199,2026-08-12 14:00:00,ISSUE,SKU018,B0117,L018,5,O03052,
M003200,D003200,2026-08-12 14:00:00,ISSUE,SKU021,B0105,L021,4,O03053,
M003201,D003201,2026-08-12 14:00:00,ISSUE,SKU021,B0148,L021,1,O03053,
M003202,D003202,2026-08-12 14:00:00,ISSUE,SKU022,B0119,L022,2,O03054,
M003203,D003203,2026-08-12 14:00:00,ISSUE,SKU025,B0091,L025,2,O03055,
M003204,D003204,2026-08-12 14:00:00,ISSUE,SKU002,B0153,L002,3,O03056,
M003205,D003205,2026-08-12 14:00:00,ISSUE,SKU003,B0165,L003,3,O03057,
M003206,D003206,2026-08-12 14:00:00,ISSUE,SKU004,B0166,L004,4,O03058,
M003207,D003207,2026-08-12 14:00:00,ISSUE,SKU005,B0112,L005,4,O03059,
M003208,D003208,2026-08-12 14:00:00,ISSUE,SKU007,B0127,L007,1,O03060,
M003209,D003209,2026-08-12 14:00:00,ISSUE,SKU008,B0128,L008,1,O03061,
M003210,D003210,2026-08-12 14:00:00,ISSUE,SKU022,B0119,L022,7,O03062,
M003211,D003211,2026-08-12 14:00:00,ISSUE,SKU027,B0137,L027,6,O03063,
M003212,D003212,2026-08-12 14:00:00,ISSUE,SKU001,B0163,L001,1,O03064,
M003213,D003213,2026-08-12 14:00:00,ISSUE,SKU002,B0153,L002,1,O03065,
M003214,D003214,2026-08-12 14:00:00,ISSUE,SKU003,B0165,L003,3,O03066,
M003215,D003215,2026-08-12 14:00:00,ISSUE,SKU005,B0112,L005,2,O03067,
M003216,D003216,2026-08-12 14:00:00,ISSUE,SKU005,B0097,L005,2,O03067,
M003217,D003217,2026-08-12 14:00:00,ISSUE,SKU006,B0168,L006,3,O03068,
M003218,D003218,2026-08-12 14:00:00,ISSUE,SKU012,B0171,L012,4,O03069,
M003219,D003219,2026-08-12 14:00:00,ISSUE,SKU013,B0144,L013,4,O03070,
M003220,D003220,2026-08-12 14:00:00,ISSUE,SKU014,B0145,L014,3,O03071,
M003221,D003221,2026-08-12 14:00:00,ISSUE,SKU018,B0117,L018,1,O03072,
M003222,D003222,2026-08-12 14:00:00,ISSUE,SKU023,B0120,L023,3,O03073,
M003223,D003223,2026-08-13 14:00:00,ISSUE,SKU002,B0153,L002,2,O03074,
M003224,D003224,2026-08-13 14:00:00,ISSUE,SKU002,B0122,L002,2,O03074,
M003225,D003225,2026-08-13 14:00:00,ISSUE,SKU004,B0166,L004,3,O03075,
M003226,D003226,2026-08-13 14:00:00,ISSUE,SKU006,B0168,L006,2,O03076,
M003227,D003227,2026-08-13 14:00:00,ISSUE,SKU015,B0146,L015,4,O03077,
M003228,D003228,2026-08-13 14:00:00,ISSUE,SKU017,B0132,L017,4,O03078,
M003229,D003229,2026-08-13 14:00:00,ISSUE,SKU019,B0176,L019,1,O03079,
M003230,D003230,2026-08-13 14:00:00,ISSUE,SKU021,B0148,L021,3,O03080,
M003231,D003231,2026-08-13 14:00:00,ISSUE,SKU024,B0107,L024,1,O03081,
M003232,D003232,2026-08-13 14:00:00,ISSUE,SKU025,B0091,L025,3,O03082,
M003233,D003233,2026-08-13 14:00:00,ISSUE,SKU026,B0136,L026,2,O03083,
M003234,D003234,2026-08-13 14:00:00,ISSUE,SKU003,B0165,L003,1,O03084,
M003235,D003235,2026-08-13 14:00:00,ISSUE,SKU007,B0127,L007,3,O03085,
M003236,D003236,2026-08-13 14:00:00,ISSUE,SKU009,B0009,L009,5,O03086,
M003237,D003237,2026-08-13 14:00:00,ISSUE,SKU014,B0145,L014,4,O03087,
M003238,D003238,2026-08-13 14:00:00,ISSUE,SKU020,B0177,L020,2,O03088,
M003239,D003239,2026-08-13 14:00:00,ISSUE,SKU027,B0137,L027,2,O03089,
M003240,D003240,2026-08-13 14:00:00,ISSUE,SKU002,B0122,L002,2,O03090,
M003241,D003241,2026-08-13 14:00:00,ISSUE,SKU004,B0166,L004,1,O03091,
M003242,D003242,2026-08-13 14:00:00,ISSUE,SKU005,B0097,L005,2,O03092,
M003243,D003243,2026-08-13 14:00:00,ISSUE,SKU006,B0168,L006,2,O03093,
M003244,D003244,2026-08-13 14:00:00,ISSUE,SKU012,B0171,L012,1,O03094,
M003245,D003245,2026-08-13 14:00:00,ISSUE,SKU013,B0144,L013,5,O03095,
M003246,D003246,2026-08-13 14:00:00,ISSUE,SKU019,B0176,L019,2,O03096,
M003247,D003247,2026-08-13 14:00:00,ISSUE,SKU021,B0148,L021,5,O03097,
M003248,D003248,2026-08-13 14:00:00,ISSUE,SKU023,B0120,L023,1,O03098,
M003249,D003249,2026-08-13 14:00:00,ISSUE,SKU024,B0107,L024,4,O03099,
M003250,D003250,2026-08-13 14:00:00,ISSUE,SKU028,B0121,L028,1,O03100,
M003251,D003251,2026-08-13 14:00:00,ISSUE,SKU002,B0122,L002,3,O03101,
M003252,D003252,2026-08-13 14:00:00,ISSUE,SKU004,B0166,L004,4,O03102,
M003253,D003253,2026-08-13 14:00:00,ISSUE,SKU005,B0097,L005,3,O03103,
M003254,D003254,2026-08-13 14:00:00,ISSUE,SKU006,B0168,L006,4,O03104,
M003255,D003255,2026-08-13 14:00:00,ISSUE,SKU009,B0009,L009,6,O03105,
M003256,D003256,2026-08-13 14:00:00,ISSUE,SKU015,B0146,L015,4,O03106,
M003257,D003257,2026-08-13 14:00:00,ISSUE,SKU017,B0132,L017,1,O03107,
M003258,D003258,2026-08-13 14:00:00,ISSUE,SKU018,B0117,L018,1,O03108,
M003259,D003259,2026-08-13 14:00:00,ISSUE,SKU025,B0091,L025,4,O03109,
M003260,D003260,2026-08-13 14:00:00,ISSUE,SKU027,B0137,L027,6,O03110,
M003261,D003261,2026-08-13 14:00:00,ISSUE,SKU001,B0163,L001,1,O03111,
M003262,D003262,2026-08-13 14:00:00,ISSUE,SKU004,B0166,L004,1,O03112,
M003263,D003263,2026-08-13 14:00:00,ISSUE,SKU006,B0168,L006,2,O03113,
M003264,D003264,2026-08-13 14:00:00,ISSUE,SKU013,B0144,L013,4,O03114,
M003265,D003265,2026-08-13 14:00:00,ISSUE,SKU020,B0177,L020,2,O03115,
M003266,D003266,2026-08-13 14:00:00,ISSUE,SKU023,B0120,L023,2,O03116,
M003267,D003267,2026-08-13 14:00:00,ISSUE,SKU025,B0091,L025,2,O03117,
M003268,D003268,2026-08-13 14:00:00,ISSUE,SKU026,B0136,L026,4,O03118,
M003269,D003269,2026-08-13 14:00:00,ISSUE,SKU028,B0121,L028,4,O03119,
M003270,D003270,2026-08-14 14:00:00,ISSUE,SKU001,B0163,L001,3,O03120,
M003271,D003271,2026-08-14 14:00:00,ISSUE,SKU002,B0122,L002,2,O03121,
M003272,D003272,2026-08-14 14:00:00,ISSUE,SKU003,B0165,L003,3,O03122,
M003273,D003273,2026-08-14 14:00:00,ISSUE,SKU004,B0166,L004,2,O03123,
M003274,D003274,2026-08-14 14:00:00,ISSUE,SKU007,B0127,L007,4,O03124,
M003275,D003275,2026-08-14 14:00:00,ISSUE,SKU018,B0117,L018,3,O03125,
M003276,D003276,2026-08-14 14:00:00,ISSUE,SKU022,B0119,L022,2,O03126,
M003277,D003277,2026-08-14 14:00:00,ISSUE,SKU023,B0120,L023,2,O03127,
M003278,D003278,2026-08-14 14:00:00,ISSUE,SKU026,B0136,L026,3,O03128,
M003279,D003279,2026-08-14 14:00:00,ISSUE,SKU027,B0137,L027,1,O03129,
M003280,D003280,2026-08-14 14:00:00,ISSUE,SKU001,B0163,L001,4,O03130,
M003281,D003281,2026-08-14 14:00:00,ISSUE,SKU002,B0122,L002,1,O03131,
M003282,D003282,2026-08-14 14:00:00,ISSUE,SKU003,B0165,L003,4,O03132,
M003283,D003283,2026-08-14 14:00:00,ISSUE,SKU014,B0145,L014,4,O03133,
M003284,D003284,2026-08-14 14:00:00,ISSUE,SKU016,B0173,L016,2,O03134,
M003285,D003285,2026-08-14 14:00:00,ISSUE,SKU021,B0148,L021,2,O03135,
M003286,D003286,2026-08-14 14:00:00,ISSUE,SKU027,B0137,L027,5,O03136,
M003287,D003287,2026-08-14 14:00:00,ISSUE,SKU002,B0122,L002,2,O03137,
M003288,D003288,2026-08-14 14:00:00,ISSUE,SKU003,B0165,L003,2,O03138,
M003289,D003289,2026-08-14 14:00:00,ISSUE,SKU005,B0097,L005,4,O03139,
M003290,D003290,2026-08-14 14:00:00,ISSUE,SKU006,B0168,L006,4,O03140,
M003291,D003291,2026-08-14 14:00:00,ISSUE,SKU009,B0009,L009,2,O03141,
M003292,D003292,2026-08-14 14:00:00,ISSUE,SKU013,B0144,L013,1,O03142,
M003293,D003293,2026-08-14 14:00:00,ISSUE,SKU015,B0146,L015,4,O03143,
M003294,D003294,2026-08-14 14:00:00,ISSUE,SKU019,B0176,L019,6,O03144,
M003295,D003295,2026-08-14 14:00:00,ISSUE,SKU022,B0119,L022,4,O03145,
M003296,D003296,2026-08-14 14:00:00,ISSUE,SKU023,B0120,L023,5,O03146,
M003297,D003297,2026-08-14 14:00:00,ISSUE,SKU026,B0136,L026,4,O03147,
M003298,D003298,2026-08-14 14:00:00,ISSUE,SKU001,B0163,L001,1,O03148,
M003299,D003299,2026-08-14 14:00:00,ISSUE,SKU004,B0166,L004,7,O03149,
M003300,D003300,2026-08-14 14:00:00,ISSUE,SKU005,B0097,L005,3,O03150,
M003301,D003301,2026-08-14 14:00:00,ISSUE,SKU011,B0066,L011,6,O03151,
M003302,D003302,2026-08-14 14:00:00,ISSUE,SKU012,B0171,L012,7,O03152,
M003303,D003303,2026-08-14 14:00:00,ISSUE,SKU013,B0144,L013,3,O03153,
M003304,D003304,2026-08-14 14:00:00,ISSUE,SKU025,B0091,L025,3,O03154,
M003305,D003305,2026-08-14 14:00:00,ISSUE,SKU025,B0135,L025,3,O03154,
M003306,D003306,2026-08-14 14:00:00,ISSUE,SKU001,B0163,L001,1,O03155,
M003307,D003307,2026-08-14 14:00:00,ISSUE,SKU004,B0166,L004,2,O03156,
M003308,D003308,2026-08-14 14:00:00,ISSUE,SKU005,B0097,L005,2,O03157,
M003309,D003309,2026-08-14 14:00:00,ISSUE,SKU015,B0146,L015,1,O03158,
M003310,D003310,2026-08-14 14:00:00,ISSUE,SKU017,B0132,L017,4,O03159,
M003311,D003311,2026-08-14 14:00:00,ISSUE,SKU019,B0176,L019,4,O03160,
M003312,D003312,2026-08-14 14:00:00,ISSUE,SKU022,B0119,L022,4,O03161,
M003313,D003313,2026-08-14 14:00:00,ISSUE,SKU023,B0120,L023,1,O03162,
M003314,D003314,2026-08-14 14:00:00,ISSUE,SKU023,B0149,L023,3,O03162,
M003315,D003315,2026-08-14 14:00:00,ISSUE,SKU025,B0135,L025,1,O03163,
M003316,D003316,2026-08-15 14:00:00,ISSUE,SKU003,B0165,L003,5,O03164,
M003317,D003317,2026-08-15 14:00:00,ISSUE,SKU004,B0166,L004,5,O03165,
M003318,D003318,2026-08-15 14:00:00,ISSUE,SKU005,B0097,L005,4,O03166,
M003319,D003319,2026-08-15 14:00:00,ISSUE,SKU007,B0127,L007,1,O03167,
M003320,D003320,2026-08-15 14:00:00,ISSUE,SKU009,B0009,L009,3,O03168,
M003321,D003321,2026-08-15 14:00:00,ISSUE,SKU012,B0171,L012,1,O03169,
M003322,D003322,2026-08-15 14:00:00,ISSUE,SKU001,B0163,L001,4,O03170,
M003323,D003323,2026-08-15 14:00:00,ISSUE,SKU002,B0122,L002,3,O03171,
M003324,D003324,2026-08-15 14:00:00,ISSUE,SKU004,B0166,L004,5,O03172,
M003325,D003325,2026-08-15 14:00:00,ISSUE,SKU005,B0097,L005,3,O03173,
M003326,D003326,2026-08-15 14:00:00,ISSUE,SKU006,B0168,L006,6,O03174,
M003327,D003327,2026-08-15 14:00:00,ISSUE,SKU011,B0066,L011,6,O03175,
M003328,D003328,2026-08-15 14:00:00,ISSUE,SKU022,B0119,L022,1,O03176,
M003329,D003329,2026-08-15 14:00:00,ISSUE,SKU025,B0135,L025,3,O03177,
M003330,D003330,2026-08-15 14:00:00,ISSUE,SKU001,B0163,L001,6,O03178,
M003331,D003331,2026-08-15 14:00:00,ISSUE,SKU007,B0127,L007,2,O03179,
M003332,D003332,2026-08-15 14:00:00,ISSUE,SKU009,B0009,L009,8,O03180,
M003333,D003333,2026-08-15 14:00:00,ISSUE,SKU011,B0066,L011,8,O03181,
M003334,D003334,2026-08-15 14:00:00,ISSUE,SKU013,B0144,L013,3,O03182,
M003335,D003335,2026-08-15 14:00:00,ISSUE,SKU013,B0115,L013,2,O03182,
M003336,D003336,2026-08-15 14:00:00,ISSUE,SKU019,B0176,L019,2,O03183,
M003337,D003337,2026-08-15 14:00:00,ISSUE,SKU003,B0165,L003,2,O03184,
M003338,D003338,2026-08-15 14:00:00,ISSUE,SKU004,B0166,L004,3,O03185,
M003339,D003339,2026-08-15 14:00:00,ISSUE,SKU004,B0155,L004,2,O03185,
M003340,D003340,2026-08-15 14:00:00,ISSUE,SKU006,B0168,L006,9,O03186,
M003341,D003341,2026-08-15 14:00:00,ISSUE,SKU007,B0127,L007,9,O03187,
M003342,D003342,2026-08-15 14:00:00,ISSUE,SKU012,B0171,L012,5,O03188,
M003343,D003343,2026-08-15 14:00:00,ISSUE,SKU013,B0115,L013,4,O03189,
M003344,D003344,2026-08-15 14:00:00,ISSUE,SKU019,B0176,L019,4,O03190,
M003345,D003345,2026-08-15 14:00:00,ISSUE,SKU021,B0148,L021,5,O03191,
M003346,D003346,2026-08-15 14:00:00,ISSUE,SKU023,B0149,L023,7,O03192,
M003347,D003347,2026-08-15 14:00:00,ISSUE,SKU028,B0121,L028,7,O03193,
M003348,D003348,2026-08-15 14:00:00,ISSUE,SKU002,B0122,L002,6,O03194,
M003349,D003349,2026-08-15 14:00:00,ISSUE,SKU003,B0165,L003,2,O03195,
M003350,D003350,2026-08-15 14:00:00,ISSUE,SKU004,B0155,L004,1,O03196,
M003351,D003351,2026-08-15 14:00:00,ISSUE,SKU005,B0097,L005,5,O03197,
M003352,D003352,2026-08-15 14:00:00,ISSUE,SKU006,B0168,L006,1,O03198,
M003353,D003353,2026-08-15 14:00:00,ISSUE,SKU007,B0127,L007,5,O03199,
M003354,D003354,2026-08-15 14:00:00,ISSUE,SKU015,B0146,L015,4,O03200,
M003355,D003355,2026-08-15 14:00:00,ISSUE,SKU017,B0132,L017,1,O03201,
M003356,D003356,2026-08-15 14:00:00,ISSUE,SKU021,B0148,L021,1,O03202,
M003357,D003357,2026-08-15 14:00:00,ISSUE,SKU026,B0136,L026,2,O03203,
M003358,D003358,2026-08-16 14:00:00,ISSUE,SKU001,B0163,L001,1,O03204,
M003359,D003359,2026-08-16 14:00:00,ISSUE,SKU002,B0122,L002,3,O03205,
M003360,D003360,2026-08-16 14:00:00,ISSUE,SKU003,B0165,L003,4,O03206,
M003361,D003361,2026-08-16 14:00:00,ISSUE,SKU005,B0097,L005,4,O03207,
M003362,D003362,2026-08-16 14:00:00,ISSUE,SKU006,B0168,L006,5,O03208,
M003363,D003363,2026-08-16 14:00:00,ISSUE,SKU007,B0127,L007,5,O03209,
M003364,D003364,2026-08-16 14:00:00,ISSUE,SKU008,B0086,L008,3,O03210,
M003365,D003365,2026-08-16 14:00:00,ISSUE,SKU013,B0115,L013,5,O03211,
M003366,D003366,2026-08-16 14:00:00,ISSUE,SKU019,B0176,L019,5,O03212,
M003367,D003367,2026-08-16 14:00:00,ISSUE,SKU024,B0107,L024,2,O03213,
M003368,D003368,2026-08-16 14:00:00,ISSUE,SKU001,B0163,L001,5,O03214,
M003369,D003369,2026-08-16 14:00:00,ISSUE,SKU003,B0165,L003,6,O03215,
M003370,D003370,2026-08-16 14:00:00,ISSUE,SKU004,B0155,L004,5,O03216,
M003371,D003371,2026-08-16 14:00:00,ISSUE,SKU006,B0168,L006,4,O03217,
M003372,D003372,2026-08-16 14:00:00,ISSUE,SKU012,B0171,L012,4,O03218,
M003373,D003373,2026-08-16 14:00:00,ISSUE,SKU015,B0146,L015,3,O03219,
M003374,D003374,2026-08-16 14:00:00,ISSUE,SKU022,B0119,L022,3,O03220,
M003375,D003375,2026-08-16 14:00:00,ISSUE,SKU001,B0163,L001,8,O03221,
M003376,D003376,2026-08-16 14:00:00,ISSUE,SKU002,B0122,L002,5,O03222,
M003377,D003377,2026-08-16 14:00:00,ISSUE,SKU007,B0127,L007,2,O03223,
M003378,D003378,2026-08-16 14:00:00,ISSUE,SKU008,B0086,L008,3,O03224,
M003379,D003379,2026-08-16 14:00:00,ISSUE,SKU013,B0115,L013,6,O03225,
M003380,D003380,2026-08-16 14:00:00,ISSUE,SKU017,B0132,L017,2,O03226,
M003381,D003381,2026-08-16 14:00:00,ISSUE,SKU019,B0176,L019,3,O03227,
M003382,D003382,2026-08-16 14:00:00,ISSUE,SKU023,B0149,L023,3,O03228,
M003383,D003383,2026-08-16 14:00:00,ISSUE,SKU027,B0137,L027,6,O03229,
M003384,D003384,2026-08-16 14:00:00,ISSUE,SKU002,B0122,L002,4,O03230,
M003385,D003385,2026-08-16 14:00:00,ISSUE,SKU003,B0165,L003,9,O03231,
M003386,D003386,2026-08-16 14:00:00,ISSUE,SKU006,B0168,L006,9,O03232,
M003387,D003387,2026-08-16 14:00:00,ISSUE,SKU008,B0086,L008,2,O03233,
M003388,D003388,2026-08-16 14:00:00,ISSUE,SKU009,B0009,L009,2,O03234,
M003389,D003389,2026-08-16 14:00:00,ISSUE,SKU015,B0146,L015,4,O03235,
M003390,D003390,2026-08-16 14:00:00,ISSUE,SKU016,B0173,L016,7,O03236,
M003391,D003391,2026-08-16 14:00:00,ISSUE,SKU021,B0148,L021,5,O03237,
M003392,D003392,2026-08-16 14:00:00,ISSUE,SKU022,B0119,L022,9,O03238,
M003393,D003393,2026-08-16 14:00:00,ISSUE,SKU023,B0149,L023,4,O03239,
M003394,D003394,2026-08-16 14:00:00,ISSUE,SKU001,B0163,L001,6,O03240,
M003395,D003395,2026-08-16 14:00:00,ISSUE,SKU004,B0155,L004,2,O03241,
M003396,D003396,2026-08-16 14:00:00,ISSUE,SKU005,B0097,L005,6,O03242,
M003397,D003397,2026-08-16 14:00:00,ISSUE,SKU011,B0066,L011,4,O03243,
M003398,D003398,2026-08-16 14:00:00,ISSUE,SKU014,B0145,L014,6,O03244,
M003399,D003399,2026-08-16 14:00:00,ISSUE,SKU017,B0132,L017,1,O03245,
M003400,D003400,2026-08-16 14:00:00,ISSUE,SKU026,B0136,L026,5,O03246,
M003401,D003401,2026-08-16 14:00:00,ISSUE,SKU028,B0121,L028,5,O03247,
M003402,D003402,2026-08-17 14:00:00,ISSUE,SKU002,B0122,L002,2,O03248,
M003403,D003403,2026-08-17 14:00:00,ISSUE,SKU004,B0155,L004,2,O03249,
M003404,D003404,2026-08-17 14:00:00,ISSUE,SKU005,B0097,L005,4,O03250,
M003405,D003405,2026-08-17 14:00:00,ISSUE,SKU014,B0145,L014,3,O03251,
M003406,D003406,2026-08-17 14:00:00,ISSUE,SKU019,B0176,L019,2,O03252,
M003407,D003407,2026-08-17 14:00:00,ISSUE,SKU022,B0119,L022,4,O03253,
M003408,D003408,2026-08-17 14:00:00,ISSUE,SKU026,B0136,L026,3,O03254,
M003409,D003409,2026-08-17 14:00:00,ISSUE,SKU027,B0137,L027,4,O03255,
M003410,D003410,2026-08-17 14:00:00,ISSUE,SKU028,B0121,L028,2,O03256,
M003411,D003411,2026-08-17 14:00:00,ISSUE,SKU003,B0165,L003,2,O03257,
M003412,D003412,2026-08-17 14:00:00,ISSUE,SKU004,B0155,L004,5,O03258,
M003413,D003413,2026-08-17 14:00:00,ISSUE,SKU005,B0097,L005,3,O03259,
M003414,D003414,2026-08-17 14:00:00,ISSUE,SKU007,B0127,L007,5,O03260,
M003415,D003415,2026-08-17 14:00:00,ISSUE,SKU009,B0009,L009,4,O03261,
M003416,D003416,2026-08-17 14:00:00,ISSUE,SKU012,B0171,L012,5,O03262,
M003417,D003417,2026-08-17 14:00:00,ISSUE,SKU015,B0146,L015,4,O03263,
M003418,D003418,2026-08-17 14:00:00,ISSUE,SKU017,B0132,L017,3,O03264,
M003419,D003419,2026-08-17 14:00:00,ISSUE,SKU021,B0148,L021,1,O03265,
M003420,D003420,2026-08-17 14:00:00,ISSUE,SKU022,B0119,L022,3,O03266,
M003421,D003421,2026-08-17 14:00:00,ISSUE,SKU023,B0149,L023,4,O03267,
M003422,D003422,2026-08-17 14:00:00,ISSUE,SKU025,B0135,L025,5,O03268,
M003423,D003423,2026-08-17 14:00:00,ISSUE,SKU001,B0163,L001,2,O03269,
M003424,D003424,2026-08-17 14:00:00,ISSUE,SKU002,B0122,L002,2,O03270,
M003425,D003425,2026-08-17 14:00:00,ISSUE,SKU003,B0165,L003,5,O03271,
M003426,D003426,2026-08-17 14:00:00,ISSUE,SKU004,B0155,L004,4,O03272,
M003427,D003427,2026-08-17 14:00:00,ISSUE,SKU005,B0097,L005,1,O03273,
M003428,D003428,2026-08-17 14:00:00,ISSUE,SKU006,B0168,L006,1,O03274,
M003429,D003429,2026-08-17 14:00:00,ISSUE,SKU009,B0009,L009,1,O03275,
M003430,D003430,2026-08-17 14:00:00,ISSUE,SKU017,B0132,L017,2,O03276,
M003431,D003431,2026-08-17 14:00:00,ISSUE,SKU018,B0117,L018,5,O03277,
M003432,D003432,2026-08-17 14:00:00,ISSUE,SKU019,B0176,L019,2,O03278,
M003433,D003433,2026-08-17 14:00:00,ISSUE,SKU028,B0121,L028,1,O03279,
M003434,D003434,2026-08-17 14:00:00,ISSUE,SKU001,B0163,L001,4,O03280,
M003435,D003435,2026-08-17 14:00:00,ISSUE,SKU002,B0122,L002,3,O03281,
M003436,D003436,2026-08-17 14:00:00,ISSUE,SKU003,B0165,L003,6,O03282,
M003437,D003437,2026-08-17 14:00:00,ISSUE,SKU004,B0155,L004,1,O03283,
M003438,D003438,2026-08-17 14:00:00,ISSUE,SKU006,B0168,L006,1,O03284,
M003439,D003439,2026-08-17 14:00:00,ISSUE,SKU023,B0149,L023,7,O03285,
M003440,D003440,2026-08-17 14:00:00,ISSUE,SKU026,B0136,L026,6,O03286,
M003441,D003441,2026-08-17 14:00:00,ISSUE,SKU027,B0137,L027,7,O03287,
M003442,D003442,2026-08-17 14:00:00,ISSUE,SKU001,B0163,L001,3,O03288,
M003443,D003443,2026-08-17 14:00:00,ISSUE,SKU002,B0122,L002,2,O03289,
M003444,D003444,2026-08-17 14:00:00,ISSUE,SKU002,B0164,L002,1,O03289,
M003445,D003445,2026-08-17 14:00:00,ISSUE,SKU003,B0165,L003,4,O03290,
M003446,D003446,2026-08-17 14:00:00,ISSUE,SKU004,B0155,L004,4,O03291,
M003447,D003447,2026-08-17 14:00:00,ISSUE,SKU005,B0097,L005,3,O03292,
M003448,D003448,2026-08-17 14:00:00,ISSUE,SKU006,B0168,L006,1,O03293,
M003449,D003449,2026-08-17 14:00:00,ISSUE,SKU007,B0127,L007,4,O03294,
M003450,D003450,2026-08-17 14:00:00,ISSUE,SKU009,B0009,L009,4,O03295,
M003451,D003451,2026-08-17 14:00:00,ISSUE,SKU011,B0066,L011,4,O03296,
M003452,D003452,2026-08-17 14:00:00,ISSUE,SKU012,B0171,L012,4,O03297,
M003453,D003453,2026-08-17 14:00:00,ISSUE,SKU017,B0132,L017,4,O03298,
M003454,D003454,2026-08-17 14:00:00,ISSUE,SKU019,B0176,L019,4,O03299,
M003455,D003455,2026-08-17 14:00:00,ISSUE,SKU023,B0149,L023,4,O03300,
M003456,D003456,2026-08-18 08:00:00,RECEIPT,SKU001,B0182,L001,83,,R0152
M003457,D003457,2026-08-18 08:00:00,RECEIPT,SKU002,B0183,L002,95,,R0153
M003458,D003458,2026-08-18 08:00:00,RECEIPT,SKU003,B0184,L003,83,,R0154
M003459,D003459,2026-08-18 08:00:00,RECEIPT,SKU004,B0185,L004,60,,R0155
M003460,D003460,2026-08-18 08:00:00,RECEIPT,SKU005,B0186,L005,81,,R0156
M003461,D003461,2026-08-18 08:00:00,RECEIPT,SKU006,B0187,L006,66,,R0157
M003462,D003462,2026-08-18 08:00:00,RECEIPT,SKU007,B0188,L007,71,,R0158
M003463,D003463,2026-08-18 08:00:00,RECEIPT,SKU009,B0189,L009,94,,R0159
M003464,D003464,2026-08-18 08:00:00,RECEIPT,SKU014,B0190,L014,79,,R0160
M003465,D003465,2026-08-18 08:00:00,RECEIPT,SKU022,B0191,L022,80,,R0161
M003466,D003466,2026-08-18 08:00:00,RECEIPT,SKU027,B0192,L027,87,,R0162
M003467,D003467,2026-08-18 08:00:00,RECEIPT,SKU028,B0193,L028,66,,R0163
M003468,D003468,2026-08-18 14:00:00,ISSUE,SKU001,B0163,L001,4,O03301,
M003469,D003469,2026-08-18 14:00:00,ISSUE,SKU005,B0186,L005,2,O03302,
M003470,D003470,2026-08-18 14:00:00,ISSUE,SKU006,B0187,L006,2,O03303,
M003471,D003471,2026-08-18 14:00:00,ISSUE,SKU008,B0086,L008,3,O03304,
M003472,D003472,2026-08-18 14:00:00,ISSUE,SKU014,B0103,L014,2,O03305,
M003473,D003473,2026-08-18 14:00:00,ISSUE,SKU024,B0107,L024,1,O03306,
M003474,D003474,2026-08-18 14:00:00,ISSUE,SKU025,B0135,L025,2,O03307,
M003475,D003475,2026-08-18 14:00:00,ISSUE,SKU026,B0136,L026,4,O03308,
M003476,D003476,2026-08-18 14:00:00,ISSUE,SKU027,B0137,L027,1,O03309,
M003477,D003477,2026-08-18 14:00:00,ISSUE,SKU028,B0121,L028,2,O03310,
M003478,D003478,2026-08-18 14:00:00,ISSUE,SKU001,B0163,L001,2,O03311,
M003479,D003479,2026-08-18 14:00:00,ISSUE,SKU003,B0184,L003,4,O03312,
M003480,D003480,2026-08-18 14:00:00,ISSUE,SKU006,B0187,L006,5,O03313,
M003481,D003481,2026-08-18 14:00:00,ISSUE,SKU020,B0177,L020,2,O03314,
M003482,D003482,2026-08-18 14:00:00,ISSUE,SKU024,B0107,L024,5,O03315,
M003483,D003483,2026-08-18 14:00:00,ISSUE,SKU027,B0137,L027,1,O03316,
M003484,D003484,2026-08-18 14:00:00,ISSUE,SKU028,B0121,L028,2,O03317,
M003485,D003485,2026-08-18 14:00:00,ISSUE,SKU002,B0183,L002,6,O03318,
M003486,D003486,2026-08-18 14:00:00,ISSUE,SKU003,B0184,L003,1,O03319,
M003487,D003487,2026-08-18 14:00:00,ISSUE,SKU004,B0155,L004,1,O03320,
M003488,D003488,2026-08-18 14:00:00,ISSUE,SKU005,B0186,L005,5,O03321,
M003489,D003489,2026-08-18 14:00:00,ISSUE,SKU009,B0009,L009,2,O03322,
M003490,D003490,2026-08-18 14:00:00,ISSUE,SKU011,B0066,L011,2,O03323,
M003491,D003491,2026-08-18 14:00:00,ISSUE,SKU013,B0115,L013,6,O03324,
M003492,D003492,2026-08-18 14:00:00,ISSUE,SKU019,B0176,L019,4,O03325,
M003493,D003493,2026-08-18 14:00:00,ISSUE,SKU027,B0137,L027,6,O03326,
M003494,D003494,2026-08-18 14:00:00,ISSUE,SKU001,B0163,L001,7,O03327,
M003495,D003495,2026-08-18 14:00:00,ISSUE,SKU002,B0183,L002,1,O03328,
M003496,D003496,2026-08-18 14:00:00,ISSUE,SKU005,B0186,L005,6,O03329,
M003497,D003497,2026-08-18 14:00:00,ISSUE,SKU007,B0127,L007,4,O03330,
M003498,D003498,2026-08-18 14:00:00,ISSUE,SKU009,B0009,L009,1,O03331,
M003499,D003499,2026-08-18 14:00:00,ISSUE,SKU022,B0162,L022,4,O03332,
M003500,D003500,2026-08-18 14:00:00,ISSUE,SKU025,B0135,L025,3,O03333,
M003501,D003501,2026-08-18 14:00:00,ISSUE,SKU026,B0136,L026,3,O03334,
M003502,D003502,2026-08-18 14:00:00,ISSUE,SKU027,B0137,L027,4,O03335,
M003503,D003503,2026-08-18 14:00:00,ISSUE,SKU001,B0163,L001,4,O03336,
M003504,D003504,2026-08-18 14:00:00,ISSUE,SKU002,B0183,L002,1,O03337,
M003505,D003505,2026-08-18 14:00:00,ISSUE,SKU003,B0184,L003,3,O03338,
M003506,D003506,2026-08-18 14:00:00,ISSUE,SKU004,B0155,L004,4,O03339,
M003507,D003507,2026-08-18 14:00:00,ISSUE,SKU005,B0186,L005,4,O03340,
M003508,D003508,2026-08-18 14:00:00,ISSUE,SKU009,B0009,L009,2,O03341,
M003509,D003509,2026-08-18 14:00:00,ISSUE,SKU009,B0189,L009,1,O03341,
M003510,D003510,2026-08-18 14:00:00,ISSUE,SKU013,B0115,L013,4,O03342,
M003511,D003511,2026-08-18 14:00:00,ISSUE,SKU018,B0117,L018,1,O03343,
M003512,D003512,2026-08-18 14:00:00,ISSUE,SKU026,B0136,L026,1,O03344,
M003513,D003513,2026-08-18 14:00:00,ISSUE,SKU028,B0121,L028,1,O03345,
M003514,D003514,2026-08-19 14:00:00,ISSUE,SKU002,B0183,L002,1,O03346,
M003515,D003515,2026-08-19 14:00:00,ISSUE,SKU003,B0184,L003,2,O03347,
M003516,D003516,2026-08-19 14:00:00,ISSUE,SKU006,B0187,L006,2,O03348,
M003517,D003517,2026-08-19 14:00:00,ISSUE,SKU009,B0189,L009,2,O03349,
M003518,D003518,2026-08-19 14:00:00,ISSUE,SKU017,B0132,L017,2,O03350,
M003519,D003519,2026-08-19 14:00:00,ISSUE,SKU021,B0148,L021,2,O03351,
M003520,D003520,2026-08-19 14:00:00,ISSUE,SKU022,B0162,L022,2,O03352,
M003521,D003521,2026-08-19 14:00:00,ISSUE,SKU025,B0135,L025,4,O03353,
M003522,D003522,2026-08-19 14:00:00,ISSUE,SKU002,B0183,L002,4,O03354,
M003523,D003523,2026-08-19 14:00:00,ISSUE,SKU003,B0184,L003,5,O03355,
M003524,D003524,2026-08-19 14:00:00,ISSUE,SKU004,B0155,L004,1,O03356,
M003525,D003525,2026-08-19 14:00:00,ISSUE,SKU008,B0086,L008,1,O03357,
M003526,D003526,2026-08-19 14:00:00,ISSUE,SKU009,B0189,L009,2,O03358,
M003527,D003527,2026-08-19 14:00:00,ISSUE,SKU011,B0066,L011,3,O03359,
M003528,D003528,2026-08-19 14:00:00,ISSUE,SKU012,B0171,L012,1,O03360,
M003529,D003529,2026-08-19 14:00:00,ISSUE,SKU015,B0146,L015,4,O03361,
M003530,D003530,2026-08-19 14:00:00,ISSUE,SKU017,B0132,L017,2,O03362,
M003531,D003531,2026-08-19 14:00:00,ISSUE,SKU018,B0117,L018,3,O03363,
M003532,D003532,2026-08-19 14:00:00,ISSUE,SKU020,B0177,L020,3,O03364,
M003533,D003533,2026-08-19 14:00:00,ISSUE,SKU026,B0136,L026,1,O03365,
M003534,D003534,2026-08-19 14:00:00,ISSUE,SKU004,B0155,L004,3,O03366,
M003535,D003535,2026-08-19 14:00:00,ISSUE,SKU004,B0185,L004,3,O03366,
M003536,D003536,2026-08-19 14:00:00,ISSUE,SKU005,B0186,L005,1,O03367,
M003537,D003537,2026-08-19 14:00:00,ISSUE,SKU006,B0187,L006,1,O03368,
M003538,D003538,2026-08-19 14:00:00,ISSUE,SKU009,B0189,L009,4,O03369,
M003539,D003539,2026-08-19 14:00:00,ISSUE,SKU016,B0173,L016,6,O03370,
M003540,D003540,2026-08-19 14:00:00,ISSUE,SKU017,B0132,L017,6,O03371,
M003541,D003541,2026-08-19 14:00:00,ISSUE,SKU019,B0176,L019,2,O03372,
M003542,D003542,2026-08-19 14:00:00,ISSUE,SKU021,B0148,L021,2,O03373,
M003543,D003543,2026-08-19 14:00:00,ISSUE,SKU025,B0135,L025,4,O03374,
M003544,D003544,2026-08-19 14:00:00,ISSUE,SKU001,B0163,L001,7,O03375,
M003545,D003545,2026-08-19 14:00:00,ISSUE,SKU003,B0184,L003,1,O03376,
M003546,D003546,2026-08-19 14:00:00,ISSUE,SKU004,B0185,L004,3,O03377,
M003547,D003547,2026-08-19 14:00:00,ISSUE,SKU014,B0103,L014,1,O03378,
M003548,D003548,2026-08-19 14:00:00,ISSUE,SKU019,B0176,L019,6,O03379,
M003549,D003549,2026-08-19 14:00:00,ISSUE,SKU021,B0148,L021,6,O03380,
M003550,D003550,2026-08-19 14:00:00,ISSUE,SKU023,B0149,L023,3,O03381,
M003551,D003551,2026-08-19 14:00:00,ISSUE,SKU027,B0137,L027,4,O03382,
M003552,D003552,2026-08-19 14:00:00,ISSUE,SKU001,B0163,L001,1,O03383,
M003553,D003553,2026-08-19 14:00:00,ISSUE,SKU003,B0184,L003,2,O03384,
M003554,D003554,2026-08-19 14:00:00,ISSUE,SKU004,B0185,L004,1,O03385,
M003555,D003555,2026-08-19 14:00:00,ISSUE,SKU005,B0186,L005,1,O03386,
M003556,D003556,2026-08-19 14:00:00,ISSUE,SKU006,B0187,L006,1,O03387,
M003557,D003557,2026-08-19 14:00:00,ISSUE,SKU008,B0086,L008,4,O03388,
M003558,D003558,2026-08-19 14:00:00,ISSUE,SKU018,B0117,L018,2,O03389,
M003559,D003559,2026-08-19 14:00:00,ISSUE,SKU019,B0176,L019,4,O03390,
M003560,D003560,2026-08-19 14:00:00,ISSUE,SKU023,B0149,L023,1,O03391,
M003561,D003561,2026-08-19 14:00:00,ISSUE,SKU026,B0136,L026,2,O03392,
M003562,D003562,2026-08-19 14:00:00,ISSUE,SKU028,B0121,L028,1,O03393,
M003563,D003563,2026-08-20 14:00:00,ISSUE,SKU001,B0163,L001,1,O03394,
M003564,D003564,2026-08-20 14:00:00,ISSUE,SKU002,B0183,L002,2,O03395,
M003565,D003565,2026-08-20 14:00:00,ISSUE,SKU003,B0184,L003,1,O03396,
M003566,D003566,2026-08-20 14:00:00,ISSUE,SKU005,B0186,L005,2,O03397,
M003567,D003567,2026-08-20 14:00:00,ISSUE,SKU006,B0187,L006,4,O03398,
M003568,D003568,2026-08-20 14:00:00,ISSUE,SKU014,B0103,L014,2,O03399,
M003569,D003569,2026-08-20 14:00:00,ISSUE,SKU016,B0173,L016,2,O03400,
M003570,D003570,2026-08-20 14:00:00,ISSUE,SKU018,B0117,L018,2,O03401,
M003571,D003571,2026-08-20 14:00:00,ISSUE,SKU021,B0148,L021,2,O03402,
M003572,D003572,2026-08-20 14:00:00,ISSUE,SKU025,B0135,L025,1,O03403,
M003573,D003573,2026-08-20 14:00:00,ISSUE,SKU027,B0137,L027,4,O03404,
M003574,D003574,2026-08-20 14:00:00,ISSUE,SKU028,B0121,L028,1,O03405,
M003575,D003575,2026-08-20 14:00:00,ISSUE,SKU028,B0151,L028,3,O03405,
M003576,D003576,2026-08-20 14:00:00,ISSUE,SKU001,B0163,L001,2,O03406,
M003577,D003577,2026-08-20 14:00:00,ISSUE,SKU002,B0183,L002,5,O03407,
M003578,D003578,2026-08-20 14:00:00,ISSUE,SKU005,B0186,L005,2,O03408,
M003579,D003579,2026-08-20 14:00:00,ISSUE,SKU006,B0187,L006,5,O03409,
M003580,D003580,2026-08-20 14:00:00,ISSUE,SKU014,B0103,L014,5,O03410,
M003581,D003581,2026-08-20 14:00:00,ISSUE,SKU016,B0173,L016,1,O03411,
M003582,D003582,2026-08-20 14:00:00,ISSUE,SKU019,B0176,L019,3,O03412,
M003583,D003583,2026-08-20 14:00:00,ISSUE,SKU023,B0149,L023,4,O03413,
M003584,D003584,2026-08-20 14:00:00,ISSUE,SKU026,B0136,L026,1,O03414,
M003585,D003585,2026-08-20 14:00:00,ISSUE,SKU027,B0137,L027,2,O03415,
M003586,D003586,2026-08-20 14:00:00,ISSUE,SKU027,B0150,L027,2,O03415,
M003587,D003587,2026-08-20 14:00:00,ISSUE,SKU028,B0151,L028,3,O03416,
M003588,D003588,2026-08-20 14:00:00,ISSUE,SKU002,B0183,L002,6,O03417,
M003589,D003589,2026-08-20 14:00:00,ISSUE,SKU003,B0184,L003,2,O03418,
M003590,D003590,2026-08-20 14:00:00,ISSUE,SKU005,B0186,L005,5,O03419,
M003591,D003591,2026-08-20 14:00:00,ISSUE,SKU008,B0086,L008,5,O03420,
M003592,D003592,2026-08-20 14:00:00,ISSUE,SKU012,B0171,L012,6,O03421,
M003593,D003593,2026-08-20 14:00:00,ISSUE,SKU013,B0115,L013,5,O03422,
M003594,D003594,2026-08-20 14:00:00,ISSUE,SKU014,B0103,L014,5,O03423,
M003595,D003595,2026-08-20 14:00:00,ISSUE,SKU022,B0162,L022,2,O03424,
M003596,D003596,2026-08-20 14:00:00,ISSUE,SKU023,B0149,L023,2,O03425,
M003597,D003597,2026-08-20 14:00:00,ISSUE,SKU002,B0183,L002,4,O03426,
M003598,D003598,2026-08-20 14:00:00,ISSUE,SKU011,B0066,L011,4,O03427,
M003599,D003599,2026-08-20 14:00:00,ISSUE,SKU015,B0146,L015,6,O03428,
M003600,D003600,2026-08-20 14:00:00,ISSUE,SKU021,B0148,L021,6,O03429,
M003601,D003601,2026-08-20 14:00:00,ISSUE,SKU001,B0163,L001,1,O03430,
M003602,D003602,2026-08-20 14:00:00,ISSUE,SKU001,B0182,L001,1,O03430,
M003603,D003603,2026-08-20 14:00:00,ISSUE,SKU003,B0184,L003,1,O03431,
M003604,D003604,2026-08-20 14:00:00,ISSUE,SKU004,B0185,L004,4,O03432,
M003605,D003605,2026-08-20 14:00:00,ISSUE,SKU005,B0186,L005,4,O03433,
M003606,D003606,2026-08-20 14:00:00,ISSUE,SKU009,B0189,L009,3,O03434,
M003607,D003607,2026-08-20 14:00:00,ISSUE,SKU011,B0066,L011,4,O03435,
M003608,D003608,2026-08-20 14:00:00,ISSUE,SKU016,B0173,L016,3,O03436,
M003609,D003609,2026-08-20 14:00:00,ISSUE,SKU017,B0132,L017,3,O03437,
M003610,D003610,2026-08-20 14:00:00,ISSUE,SKU024,B0107,L024,1,O03438,
M003611,D003611,2026-08-20 14:00:00,ISSUE,SKU025,B0135,L025,4,O03439,
M003612,D003612,2026-08-20 14:00:00,ISSUE,SKU026,B0136,L026,3,O03440,
M003613,D003613,2026-08-20 14:00:00,ISSUE,SKU028,B0151,L028,1,O03441,
M003614,D003614,2026-08-21 14:00:00,ISSUE,SKU001,B0182,L001,4,O03442,
M003615,D003615,2026-08-21 14:00:00,ISSUE,SKU003,B0184,L003,1,O03443,
M003616,D003616,2026-08-21 14:00:00,ISSUE,SKU005,B0186,L005,2,O03444,
M003617,D003617,2026-08-21 14:00:00,ISSUE,SKU006,B0187,L006,2,O03445,
M003618,D003618,2026-08-21 14:00:00,ISSUE,SKU014,B0103,L014,4,O03446,
M003619,D003619,2026-08-21 14:00:00,ISSUE,SKU016,B0173,L016,1,O03447,
M003620,D003620,2026-08-21 14:00:00,ISSUE,SKU017,B0132,L017,1,O03448,
M003621,D003621,2026-08-21 14:00:00,ISSUE,SKU022,B0162,L022,3,O03449,
M003622,D003622,2026-08-21 14:00:00,ISSUE,SKU024,B0107,L024,2,O03450,
M003623,D003623,2026-08-21 14:00:00,ISSUE,SKU002,B0183,L002,4,O03451,
M003624,D003624,2026-08-21 14:00:00,ISSUE,SKU003,B0184,L003,4,O03452,
M003625,D003625,2026-08-21 14:00:00,ISSUE,SKU004,B0185,L004,3,O03453,
M003626,D003626,2026-08-21 14:00:00,ISSUE,SKU005,B0186,L005,5,O03454,
M003627,D003627,2026-08-21 14:00:00,ISSUE,SKU009,B0189,L009,1,O03455,
M003628,D003628,2026-08-21 14:00:00,ISSUE,SKU001,B0182,L001,5,O03456,
M003629,D003629,2026-08-21 14:00:00,ISSUE,SKU003,B0184,L003,2,O03457,
M003630,D003630,2026-08-21 14:00:00,ISSUE,SKU004,B0185,L004,1,O03458,
M003631,D003631,2026-08-21 14:00:00,ISSUE,SKU005,B0186,L005,5,O03459,
M003632,D003632,2026-08-21 14:00:00,ISSUE,SKU006,B0187,L006,4,O03460,
M003633,D003633,2026-08-21 14:00:00,ISSUE,SKU007,B0127,L007,6,O03461,
M003634,D003634,2026-08-21 14:00:00,ISSUE,SKU008,B0086,L008,4,O03462,
M003635,D003635,2026-08-21 14:00:00,ISSUE,SKU015,B0146,L015,2,O03463,
M003636,D003636,2026-08-21 14:00:00,ISSUE,SKU018,B0117,L018,6,O03464,
M003637,D003637,2026-08-21 14:00:00,ISSUE,SKU004,B0185,L004,7,O03465,
M003638,D003638,2026-08-21 14:00:00,ISSUE,SKU006,B0187,L006,6,O03466,
M003639,D003639,2026-08-21 14:00:00,ISSUE,SKU009,B0189,L009,4,O03467,
M003640,D003640,2026-08-21 14:00:00,ISSUE,SKU018,B0117,L018,3,O03468,
M003641,D003641,2026-08-21 14:00:00,ISSUE,SKU026,B0136,L026,1,O03469,
M003642,D003642,2026-08-21 14:00:00,ISSUE,SKU028,B0151,L028,1,O03470,
M003643,D003643,2026-08-21 14:00:00,ISSUE,SKU002,B0183,L002,2,O03471,
M003644,D003644,2026-08-21 14:00:00,ISSUE,SKU004,B0185,L004,4,O03472,
M003645,D003645,2026-08-21 14:00:00,ISSUE,SKU005,B0186,L005,4,O03473,
M003646,D003646,2026-08-21 14:00:00,ISSUE,SKU008,B0086,L008,2,O03474,
M003647,D003647,2026-08-21 14:00:00,ISSUE,SKU013,B0115,L013,4,O03475,
M003648,D003648,2026-08-21 14:00:00,ISSUE,SKU016,B0173,L016,3,O03476,
M003649,D003649,2026-08-21 14:00:00,ISSUE,SKU017,B0132,L017,4,O03477,
M003650,D003650,2026-08-21 14:00:00,ISSUE,SKU018,B0117,L018,4,O03478,
M003651,D003651,2026-08-21 14:00:00,ISSUE,SKU021,B0148,L021,4,O03479,
M003652,D003652,2026-08-21 14:00:00,ISSUE,SKU026,B0136,L026,2,O03480,
M003653,D003653,2026-08-21 14:00:00,ISSUE,SKU027,B0150,L027,1,O03481,
M003654,D003654,2026-08-22 14:00:00,ISSUE,SKU002,B0183,L002,3,O03482,
M003655,D003655,2026-08-22 14:00:00,ISSUE,SKU004,B0185,L004,4,O03483,
M003656,D003656,2026-08-22 14:00:00,ISSUE,SKU005,B0186,L005,2,O03484,
M003657,D003657,2026-08-22 14:00:00,ISSUE,SKU006,B0187,L006,5,O03485,
M003658,D003658,2026-08-22 14:00:00,ISSUE,SKU014,B0103,L014,1,O03486,
M003659,D003659,2026-08-22 14:00:00,ISSUE,SKU022,B0162,L022,1,O03487,
M003660,D003660,2026-08-22 14:00:00,ISSUE,SKU023,B0149,L023,1,O03488,
M003661,D003661,2026-08-22 14:00:00,ISSUE,SKU026,B0136,L026,5,O03489,
M003662,D003662,2026-08-22 14:00:00,ISSUE,SKU003,B0184,L003,5,O03490,
M003663,D003663,2026-08-22 14:00:00,ISSUE,SKU005,B0186,L005,6,O03491,
M003664,D003664,2026-08-22 14:00:00,ISSUE,SKU009,B0189,L009,5,O03492,
M003665,D003665,2026-08-22 14:00:00,ISSUE,SKU012,B0171,L012,3,O03493,
M003666,D003666,2026-08-22 14:00:00,ISSUE,SKU016,B0173,L016,5,O03494,
M003667,D003667,2026-08-22 14:00:00,ISSUE,SKU018,B0117,L018,6,O03495,
M003668,D003668,2026-08-22 14:00:00,ISSUE,SKU022,B0162,L022,5,O03496,
M003669,D003669,2026-08-22 14:00:00,ISSUE,SKU024,B0134,L024,3,O03497,
M003670,D003670,2026-08-22 14:00:00,ISSUE,SKU027,B0150,L027,1,O03498,
M003671,D003671,2026-08-22 14:00:00,ISSUE,SKU001,B0182,L001,8,O03499,
M003672,D003672,2026-08-22 14:00:00,ISSUE,SKU002,B0183,L002,8,O03500,
M003673,D003673,2026-08-22 14:00:00,ISSUE,SKU003,B0184,L003,8,O03501,
M003674,D003674,2026-08-22 14:00:00,ISSUE,SKU004,B0185,L004,3,O03502,
M003675,D003675,2026-08-22 14:00:00,ISSUE,SKU006,B0187,L006,3,O03503,
M003676,D003676,2026-08-22 14:00:00,ISSUE,SKU007,B0127,L007,3,O03504,
M003677,D003677,2026-08-22 14:00:00,ISSUE,SKU013,B0115,L013,8,O03505,
M003678,D003678,2026-08-22 14:00:00,ISSUE,SKU014,B0103,L014,2,O03506,
M003679,D003679,2026-08-22 14:00:00,ISSUE,SKU014,B0190,L014,6,O03506,
M003680,D003680,2026-08-22 14:00:00,ISSUE,SKU018,B0117,L018,5,O03507,
M003681,D003681,2026-08-22 14:00:00,ISSUE,SKU020,B0177,L020,3,O03508,
M003682,D003682,2026-08-22 14:00:00,ISSUE,SKU022,B0162,L022,6,O03509,
M003683,D003683,2026-08-22 14:00:00,ISSUE,SKU023,B0149,L023,6,O03510,
M003684,D003684,2026-08-22 14:00:00,ISSUE,SKU026,B0136,L026,5,O03511,
M003685,D003685,2026-08-22 14:00:00,ISSUE,SKU028,B0151,L028,8,O03512,
M003686,D003686,2026-08-22 14:00:00,ISSUE,SKU001,B0182,L001,4,O03513,
M003687,D003687,2026-08-22 14:00:00,ISSUE,SKU007,B0127,L007,7,O03514,
M003688,D003688,2026-08-22 14:00:00,ISSUE,SKU007,B0114,L007,2,O03514,
M003689,D003689,2026-08-22 14:00:00,ISSUE,SKU008,B0086,L008,4,O03515,
M003690,D003690,2026-08-22 14:00:00,ISSUE,SKU011,B0066,L011,2,O03516,
M003691,D003691,2026-08-22 14:00:00,ISSUE,SKU015,B0146,L015,5,O03517,
M003692,D003692,2026-08-22 14:00:00,ISSUE,SKU021,B0148,L021,2,O03518,
M003693,D003693,2026-08-22 14:00:00,ISSUE,SKU026,B0136,L026,2,O03519,
M003694,D003694,2026-08-22 14:00:00,ISSUE,SKU001,B0182,L001,4,O03520,
M003695,D003695,2026-08-22 14:00:00,ISSUE,SKU002,B0183,L002,4,O03521,
M003696,D003696,2026-08-22 14:00:00,ISSUE,SKU003,B0184,L003,1,O03522,
M003697,D003697,2026-08-22 14:00:00,ISSUE,SKU004,B0185,L004,1,O03523,
M003698,D003698,2026-08-22 14:00:00,ISSUE,SKU005,B0186,L005,6,O03524,
M003699,D003699,2026-08-22 14:00:00,ISSUE,SKU020,B0177,L020,1,O03525,
M003700,D003700,2026-08-22 14:00:00,ISSUE,SKU021,B0148,L021,5,O03526,
M003701,D003701,2026-08-22 14:00:00,ISSUE,SKU028,B0151,L028,5,O03527,
M003702,D003702,2026-08-23 14:00:00,ISSUE,SKU001,B0182,L001,4,O03528,
M003703,D003703,2026-08-23 14:00:00,ISSUE,SKU003,B0184,L003,3,O03529,
M003704,D003704,2026-08-23 14:00:00,ISSUE,SKU004,B0185,L004,4,O03530,
M003705,D003705,2026-08-23 14:00:00,ISSUE,SKU005,B0186,L005,3,O03531,
M003706,D003706,2026-08-23 14:00:00,ISSUE,SKU008,B0086,L008,2,O03532,
M003707,D003707,2026-08-23 14:00:00,ISSUE,SKU013,B0115,L013,5,O03533,
M003708,D003708,2026-08-23 14:00:00,ISSUE,SKU016,B0173,L016,5,O03534,
M003709,D003709,2026-08-23 14:00:00,ISSUE,SKU020,B0177,L020,2,O03535,
M003710,D003710,2026-08-23 14:00:00,ISSUE,SKU024,B0134,L024,2,O03536,
M003711,D003711,2026-08-23 14:00:00,ISSUE,SKU025,B0135,L025,2,O03537,
M003712,D003712,2026-08-23 14:00:00,ISSUE,SKU002,B0183,L002,1,O03538,
M003713,D003713,2026-08-23 14:00:00,ISSUE,SKU003,B0184,L003,4,O03539,
M003714,D003714,2026-08-23 14:00:00,ISSUE,SKU004,B0185,L004,5,O03540,
M003715,D003715,2026-08-23 14:00:00,ISSUE,SKU006,B0187,L006,6,O03541,
M003716,D003716,2026-08-23 14:00:00,ISSUE,SKU008,B0086,L008,3,O03542,
M003717,D003717,2026-08-23 14:00:00,ISSUE,SKU017,B0132,L017,6,O03543,
M003718,D003718,2026-08-23 14:00:00,ISSUE,SKU021,B0148,L021,3,O03544,
M003719,D003719,2026-08-23 14:00:00,ISSUE,SKU024,B0134,L024,5,O03545,
M003720,D003720,2026-08-23 14:00:00,ISSUE,SKU025,B0135,L025,6,O03546,
M003721,D003721,2026-08-23 14:00:00,ISSUE,SKU001,B0182,L001,5,O03547,
M003722,D003722,2026-08-23 14:00:00,ISSUE,SKU002,B0183,L002,3,O03548,
M003723,D003723,2026-08-23 14:00:00,ISSUE,SKU003,B0184,L003,3,O03549,
M003724,D003724,2026-08-23 14:00:00,ISSUE,SKU004,B0185,L004,5,O03550,
M003725,D003725,2026-08-23 14:00:00,ISSUE,SKU006,B0187,L006,6,O03551,
M003726,D003726,2026-08-23 14:00:00,ISSUE,SKU009,B0189,L009,2,O03552,
M003727,D003727,2026-08-23 14:00:00,ISSUE,SKU011,B0066,L011,5,O03553,
M003728,D003728,2026-08-23 14:00:00,ISSUE,SKU012,B0171,L012,3,O03554,
M003729,D003729,2026-08-23 14:00:00,ISSUE,SKU015,B0146,L015,2,O03555,
M003730,D003730,2026-08-23 14:00:00,ISSUE,SKU015,B0160,L015,4,O03555,
M003731,D003731,2026-08-23 14:00:00,ISSUE,SKU022,B0162,L022,6,O03556,
M003732,D003732,2026-08-23 14:00:00,ISSUE,SKU023,B0149,L023,3,O03557,
M003733,D003733,2026-08-23 14:00:00,ISSUE,SKU001,B0182,L001,7,O03558,
M003734,D003734,2026-08-23 14:00:00,ISSUE,SKU002,B0183,L002,2,O03559,
M003735,D003735,2026-08-23 14:00:00,ISSUE,SKU003,B0184,L003,4,O03560,
M003736,D003736,2026-08-23 14:00:00,ISSUE,SKU004,B0185,L004,5,O03561,
M003737,D003737,2026-08-23 14:00:00,ISSUE,SKU005,B0186,L005,4,O03562,
M003738,D003738,2026-08-23 14:00:00,ISSUE,SKU006,B0187,L006,7,O03563,
M003739,D003739,2026-08-23 14:00:00,ISSUE,SKU011,B0066,L011,2,O03564,
M003740,D003740,2026-08-23 14:00:00,ISSUE,SKU012,B0171,L012,5,O03565,
M003741,D003741,2026-08-23 14:00:00,ISSUE,SKU013,B0115,L013,4,O03566,
M003742,D003742,2026-08-23 14:00:00,ISSUE,SKU014,B0190,L014,5,O03567,
M003743,D003743,2026-08-23 14:00:00,ISSUE,SKU016,B0173,L016,7,O03568,
M003744,D003744,2026-08-23 14:00:00,ISSUE,SKU017,B0132,L017,9,O03569,
M003745,D003745,2026-08-23 14:00:00,ISSUE,SKU029,B0029,L029,9,O03570,
M003746,D003746,2026-08-23 14:00:00,ISSUE,SKU001,B0182,L001,5,O03571,
M003747,D003747,2026-08-23 14:00:00,ISSUE,SKU002,B0183,L002,1,O03572,
M003748,D003748,2026-08-23 14:00:00,ISSUE,SKU004,B0185,L004,1,O03573,
M003749,D003749,2026-08-23 14:00:00,ISSUE,SKU008,B0086,L008,4,O03574,
M003750,D003750,2026-08-23 14:00:00,ISSUE,SKU014,B0190,L014,4,O03575,
M003751,D003751,2026-08-23 14:00:00,ISSUE,SKU017,B0132,L017,4,O03576,
M003752,D003752,2026-08-23 14:00:00,ISSUE,SKU019,B0176,L019,5,O03577,
M003753,D003753,2026-08-23 14:00:00,ISSUE,SKU022,B0162,L022,6,O03578,
M003754,D003754,2026-08-23 14:00:00,ISSUE,SKU023,B0149,L023,4,O03579,
M003755,D003755,2026-08-23 14:00:00,ISSUE,SKU027,B0150,L027,6,O03580,
M003756,D003756,2026-08-24 14:00:00,ISSUE,SKU004,B0185,L004,2,O03581,
M003757,D003757,2026-08-24 14:00:00,ISSUE,SKU006,B0187,L006,1,O03582,
M003758,D003758,2026-08-24 14:00:00,ISSUE,SKU008,B0086,L008,4,O03583,
M003759,D003759,2026-08-24 14:00:00,ISSUE,SKU012,B0171,L012,2,O03584,
M003760,D003760,2026-08-24 14:00:00,ISSUE,SKU015,B0160,L015,2,O03585,
M003761,D003761,2026-08-24 14:00:00,ISSUE,SKU016,B0173,L016,3,O03586,
M003762,D003762,2026-08-24 14:00:00,ISSUE,SKU021,B0148,L021,2,O03587,
M003763,D003763,2026-08-24 14:00:00,ISSUE,SKU022,B0162,L022,4,O03588,
M003764,D003764,2026-08-24 14:00:00,ISSUE,SKU001,B0182,L001,1,O03589,
M003765,D003765,2026-08-24 14:00:00,ISSUE,SKU002,B0183,L002,2,O03590,
M003766,D003766,2026-08-24 14:00:00,ISSUE,SKU004,B0185,L004,1,O03591,
M003767,D003767,2026-08-24 14:00:00,ISSUE,SKU005,B0186,L005,1,O03592,
M003768,D003768,2026-08-24 14:00:00,ISSUE,SKU007,B0114,L007,4,O03593,
M003769,D003769,2026-08-24 14:00:00,ISSUE,SKU015,B0160,L015,4,O03594,
M003770,D003770,2026-08-24 14:00:00,ISSUE,SKU016,B0173,L016,5,O03595,
M003771,D003771,2026-08-24 14:00:00,ISSUE,SKU019,B0176,L019,4,O03596,
M003772,D003772,2026-08-24 14:00:00,ISSUE,SKU020,B0177,L020,1,O03597,
M003773,D003773,2026-08-24 14:00:00,ISSUE,SKU024,B0134,L024,1,O03598,
M003774,D003774,2026-08-24 14:00:00,ISSUE,SKU025,B0135,L025,2,O03599,
M003775,D003775,2026-08-24 14:00:00,ISSUE,SKU002,B0183,L002,5,O03600,
M003776,D003776,2026-08-24 14:00:00,ISSUE,SKU003,B0184,L003,5,O03601,
M003777,D003777,2026-08-24 14:00:00,ISSUE,SKU005,B0186,L005,2,O03602,
M003778,D003778,2026-08-24 14:00:00,ISSUE,SKU006,B0187,L006,4,O03603,
M003779,D003779,2026-08-24 14:00:00,ISSUE,SKU008,B0086,L008,1,O03604,
M003780,D003780,2026-08-24 14:00:00,ISSUE,SKU015,B0160,L015,1,O03605,
M003781,D003781,2026-08-24 14:00:00,ISSUE,SKU020,B0177,L020,2,O03606,
M003782,D003782,2026-08-24 14:00:00,ISSUE,SKU021,B0148,L021,3,O03607,
M003783,D003783,2026-08-24 14:00:00,ISSUE,SKU021,B0161,L021,1,O03607,
M003784,D003784,2026-08-24 14:00:00,ISSUE,SKU028,B0151,L028,2,O03608,
M003785,D003785,2026-08-24 14:00:00,ISSUE,SKU001,B0182,L001,4,O03609,
M003786,D003786,2026-08-24 14:00:00,ISSUE,SKU004,B0185,L004,3,O03610,
M003787,D003787,2026-08-24 14:00:00,ISSUE,SKU005,B0186,L005,3,O03611,
M003788,D003788,2026-08-24 14:00:00,ISSUE,SKU009,B0189,L009,7,O03612,
M003789,D003789,2026-08-24 14:00:00,ISSUE,SKU011,B0066,L011,4,O03613,
M003790,D003790,2026-08-24 14:00:00,ISSUE,SKU014,B0190,L014,4,O03614,
M003791,D003791,2026-08-24 14:00:00,ISSUE,SKU017,B0132,L017,1,O03615,
M003792,D003792,2026-08-24 14:00:00,ISSUE,SKU026,B0136,L026,1,O03616,
M003793,D003793,2026-08-24 14:00:00,ISSUE,SKU002,B0183,L002,2,O03617,
M003794,D003794,2026-08-24 14:00:00,ISSUE,SKU003,B0184,L003,2,O03618,
M003795,D003795,2026-08-24 14:00:00,ISSUE,SKU014,B0190,L014,3,O03620,
M003796,D003796,2026-08-24 14:00:00,ISSUE,SKU016,B0173,L016,4,O03621,
M003797,D003797,2026-08-24 14:00:00,ISSUE,SKU020,B0177,L020,3,O03622,
M003798,D003798,2026-08-24 14:00:00,ISSUE,SKU028,B0151,L028,4,O03623,
M003799,D003799,2026-08-25 08:00:00,RECEIPT,SKU001,B0194,L001,90,,R0164
M003800,D003800,2026-08-25 08:00:00,RECEIPT,SKU003,B0195,L003,73,,R0165
M003801,D003801,2026-08-25 08:00:00,RECEIPT,SKU004,B0196,L004,69,,R0166
M003802,D003802,2026-08-25 08:00:00,RECEIPT,SKU005,B0197,L005,75,,R0167
M003803,D003803,2026-08-25 08:00:00,RECEIPT,SKU006,B0198,L006,96,,R0168
M003804,D003804,2026-08-25 08:00:00,RECEIPT,SKU011,B0199,L011,88,,R0169
M003805,D003805,2026-08-25 08:00:00,RECEIPT,SKU015,B0200,L015,63,,R0170
M003806,D003806,2026-08-25 08:00:00,RECEIPT,SKU017,B0201,L017,65,,R0171
M003807,D003807,2026-08-25 08:00:00,RECEIPT,SKU018,B0202,L018,87,,R0172
M003808,D003808,2026-08-25 08:00:00,RECEIPT,SKU019,B0203,L019,68,,R0173
M003809,D003809,2026-08-25 08:00:00,RECEIPT,SKU021,B0204,L021,69,,R0174
M003810,D003810,2026-08-25 08:00:00,RECEIPT,SKU022,B0205,L022,94,,R0175
M003811,D003811,2026-08-25 08:00:00,RECEIPT,SKU023,B0206,L023,87,,R0176
M003812,D003812,2026-08-25 08:00:00,RECEIPT,SKU025,B0207,L025,61,,R0177
M003813,D003813,2026-08-25 14:00:00,ISSUE,SKU001,B0182,L001,2,O03624,
M003814,D003814,2026-08-25 14:00:00,ISSUE,SKU002,B0183,L002,2,O03625,
M003815,D003815,2026-08-25 14:00:00,ISSUE,SKU003,B0184,L003,4,O03626,
M003816,D003816,2026-08-25 14:00:00,ISSUE,SKU004,B0196,L004,3,O03627,
M003817,D003817,2026-08-25 14:00:00,ISSUE,SKU012,B0171,L012,3,O03628,
M003818,D003818,2026-08-25 14:00:00,ISSUE,SKU019,B0176,L019,2,O03629,
M003819,D003819,2026-08-25 14:00:00,ISSUE,SKU019,B0118,L019,2,O03629,
M003820,D003820,2026-08-25 14:00:00,ISSUE,SKU001,B0182,L001,3,O03630,
M003821,D003821,2026-08-25 14:00:00,ISSUE,SKU002,B0183,L002,3,O03631,
M003822,D003822,2026-08-25 14:00:00,ISSUE,SKU003,B0184,L003,2,O03632,
M003823,D003823,2026-08-25 14:00:00,ISSUE,SKU004,B0196,L004,4,O03633,
M003824,D003824,2026-08-25 14:00:00,ISSUE,SKU006,B0187,L006,2,O03634,
M003825,D003825,2026-08-25 14:00:00,ISSUE,SKU006,B0198,L006,3,O03634,
M003826,D003826,2026-08-25 14:00:00,ISSUE,SKU009,B0189,L009,1,O03635,
M003827,D003827,2026-08-25 14:00:00,ISSUE,SKU011,B0066,L011,3,O03636,
M003828,D003828,2026-08-25 14:00:00,ISSUE,SKU011,B0159,L011,2,O03636,
M003829,D003829,2026-08-25 14:00:00,ISSUE,SKU013,B0115,L013,5,O03637,
M003830,D003830,2026-08-25 14:00:00,ISSUE,SKU014,B0190,L014,5,O03638,
M003831,D003831,2026-08-25 14:00:00,ISSUE,SKU015,B0200,L015,1,O03639,
M003832,D003832,2026-08-25 14:00:00,ISSUE,SKU023,B0149,L023,3,O03640,
M003833,D003833,2026-08-25 14:00:00,ISSUE,SKU005,B0186,L005,2,O03641,
M003834,D003834,2026-08-25 14:00:00,ISSUE,SKU014,B0190,L014,6,O03642,
M003835,D003835,2026-08-25 14:00:00,ISSUE,SKU015,B0200,L015,2,O03643,
M003836,D003836,2026-08-25 14:00:00,ISSUE,SKU017,B0132,L017,6,O03644,
M003837,D003837,2026-08-25 14:00:00,ISSUE,SKU028,B0151,L028,6,O03645,
M003838,D003838,2026-08-25 14:00:00,ISSUE,SKU001,B0182,L001,1,O03646,
M003839,D003839,2026-08-25 14:00:00,ISSUE,SKU002,B0183,L002,7,O03647,
M003840,D003840,2026-08-25 14:00:00,ISSUE,SKU003,B0184,L003,3,O03648,
M003841,D003841,2026-08-25 14:00:00,ISSUE,SKU004,B0196,L004,1,O03649,
M003842,D003842,2026-08-25 14:00:00,ISSUE,SKU005,B0186,L005,4,O03650,
M003843,D003843,2026-08-25 14:00:00,ISSUE,SKU005,B0197,L005,3,O03650,
M003844,D003844,2026-08-25 14:00:00,ISSUE,SKU006,B0198,L006,1,O03651,
M003845,D003845,2026-08-25 14:00:00,ISSUE,SKU012,B0171,L012,3,O03652,
M003846,D003846,2026-08-25 14:00:00,ISSUE,SKU014,B0190,L014,3,O03653,
M003847,D003847,2026-08-25 14:00:00,ISSUE,SKU017,B0132,L017,7,O03654,
M003848,D003848,2026-08-25 14:00:00,ISSUE,SKU019,B0118,L019,4,O03655,
M003849,D003849,2026-08-25 14:00:00,ISSUE,SKU021,B0161,L021,4,O03656,
M003850,D003850,2026-08-25 14:00:00,ISSUE,SKU025,B0135,L025,7,O03657,
M003851,D003851,2026-08-25 14:00:00,ISSUE,SKU027,B0150,L027,1,O03658,
M003852,D003852,2026-08-25 14:00:00,ISSUE,SKU028,B0151,L028,3,O03659,
M003853,D003853,2026-08-25 14:00:00,ISSUE,SKU001,B0182,L001,2,O03660,
M003854,D003854,2026-08-25 14:00:00,ISSUE,SKU002,B0183,L002,2,O03661,
M003855,D003855,2026-08-25 14:00:00,ISSUE,SKU006,B0198,L006,3,O03662,
M003856,D003856,2026-08-25 14:00:00,ISSUE,SKU011,B0159,L011,2,O03663,
M003857,D003857,2026-08-25 14:00:00,ISSUE,SKU013,B0115,L013,4,O03664,
M003858,D003858,2026-08-25 14:00:00,ISSUE,SKU014,B0190,L014,4,O03665,
M003859,D003859,2026-08-25 14:00:00,ISSUE,SKU018,B0117,L018,3,O03666,
M003860,D003860,2026-08-26 14:00:00,ISSUE,SKU001,B0182,L001,2,O03667,
M003861,D003861,2026-08-26 14:00:00,ISSUE,SKU002,B0183,L002,2,O03668,
M003862,D003862,2026-08-26 14:00:00,ISSUE,SKU005,B0197,L005,2,O03669,
M003863,D003863,2026-08-26 14:00:00,ISSUE,SKU006,B0198,L006,3,O03670,
M003864,D003864,2026-08-26 14:00:00,ISSUE,SKU007,B0114,L007,2,O03671,
M003865,D003865,2026-08-26 14:00:00,ISSUE,SKU012,B0171,L012,1,O03672,
M003866,D003866,2026-08-26 14:00:00,ISSUE,SKU015,B0200,L015,3,O03673,
M003867,D003867,2026-08-26 14:00:00,ISSUE,SKU022,B0162,L022,2,O03674,
M003868,D003868,2026-08-26 14:00:00,ISSUE,SKU023,B0149,L023,2,O03675,
M003869,D003869,2026-08-26 14:00:00,ISSUE,SKU026,B0136,L026,2,O03676,
M003870,D003870,2026-08-26 14:00:00,ISSUE,SKU027,B0150,L027,3,O03677,
M003871,D003871,2026-08-26 14:00:00,ISSUE,SKU002,B0183,L002,1,O03678,
M003872,D003872,2026-08-26 14:00:00,ISSUE,SKU004,B0196,L004,2,O03679,
M003873,D003873,2026-08-26 14:00:00,ISSUE,SKU005,B0197,L005,5,O03680,
M003874,D003874,2026-08-26 14:00:00,ISSUE,SKU007,B0114,L007,2,O03681,
M003875,D003875,2026-08-26 14:00:00,ISSUE,SKU009,B0189,L009,5,O03682,
M003876,D003876,2026-08-26 14:00:00,ISSUE,SKU011,B0159,L011,1,O03683,
M003877,D003877,2026-08-26 14:00:00,ISSUE,SKU014,B0190,L014,2,O03684,
M003878,D003878,2026-08-26 14:00:00,ISSUE,SKU016,B0173,L016,3,O03685,
M003879,D003879,2026-08-26 14:00:00,ISSUE,SKU020,B0177,L020,5,O03686,
M003880,D003880,2026-08-26 14:00:00,ISSUE,SKU024,B0134,L024,2,O03687,
M003881,D003881,2026-08-26 14:00:00,ISSUE,SKU025,B0135,L025,5,O03688,
M003882,D003882,2026-08-26 14:00:00,ISSUE,SKU027,B0150,L027,3,O03689,
M003883,D003883,2026-08-26 14:00:00,ISSUE,SKU002,B0183,L002,4,O03690,
M003884,D003884,2026-08-26 14:00:00,ISSUE,SKU003,B0184,L003,4,O03691,
M003885,D003885,2026-08-26 14:00:00,ISSUE,SKU006,B0198,L006,5,O03692,
M003886,D003886,2026-08-26 14:00:00,ISSUE,SKU008,B0086,L008,2,O03693,
M003887,D003887,2026-08-26 14:00:00,ISSUE,SKU011,B0159,L011,2,O03694,
M003888,D003888,2026-08-26 14:00:00,ISSUE,SKU016,B0173,L016,4,O03695,
M003889,D003889,2026-08-26 14:00:00,ISSUE,SKU019,B0118,L019,6,O03696,
M003890,D003890,2026-08-26 14:00:00,ISSUE,SKU023,B0149,L023,1,O03697,
M003891,D003891,2026-08-26 14:00:00,ISSUE,SKU025,B0135,L025,4,O03698,
M003892,D003892,2026-08-26 14:00:00,ISSUE,SKU026,B0136,L026,4,O03699,
M003893,D003893,2026-08-26 14:00:00,ISSUE,SKU027,B0150,L027,1,O03700,
M003894,D003894,2026-08-26 14:00:00,ISSUE,SKU028,B0151,L028,1,O03701,
M003895,D003895,2026-08-26 14:00:00,ISSUE,SKU001,B0182,L001,1,O03702,
M003896,D003896,2026-08-26 14:00:00,ISSUE,SKU006,B0198,L006,7,O03703,
M003897,D003897,2026-08-26 14:00:00,ISSUE,SKU008,B0086,L008,6,O03704,
M003898,D003898,2026-08-26 14:00:00,ISSUE,SKU011,B0159,L011,7,O03705,
M003899,D003899,2026-08-26 14:00:00,ISSUE,SKU024,B0134,L024,1,O03706,
M003900,D003900,2026-08-26 14:00:00,ISSUE,SKU025,B0135,L025,1,O03707,
M003901,D003901,2026-08-26 14:00:00,ISSUE,SKU001,B0182,L001,4,O03708,
M003902,D003902,2026-08-26 14:00:00,ISSUE,SKU002,B0183,L002,4,O03709,
M003903,D003903,2026-08-26 14:00:00,ISSUE,SKU003,B0184,L003,2,O03710,
M003904,D003904,2026-08-26 14:00:00,ISSUE,SKU004,B0196,L004,1,O03711,
M003905,D003905,2026-08-26 14:00:00,ISSUE,SKU005,B0197,L005,1,O03712,
M003906,D003906,2026-08-26 14:00:00,ISSUE,SKU006,B0198,L006,3,O03713,
M003907,D003907,2026-08-26 14:00:00,ISSUE,SKU012,B0171,L012,3,O03714,
M003908,D003908,2026-08-26 14:00:00,ISSUE,SKU013,B0115,L013,3,O03715,
M003909,D003909,2026-08-26 14:00:00,ISSUE,SKU014,B0190,L014,4,O03716,
M003910,D003910,2026-08-26 14:00:00,ISSUE,SKU017,B0132,L017,1,O03717,
M003911,D003911,2026-08-26 14:00:00,ISSUE,SKU018,B0117,L018,4,O03718,
M003912,D003912,2026-08-26 14:00:00,ISSUE,SKU021,B0161,L021,3,O03719,
M003913,D003913,2026-08-26 14:00:00,ISSUE,SKU022,B0162,L022,2,O03720,
M003914,D003914,2026-08-26 14:00:00,ISSUE,SKU024,B0134,L024,4,O03721,
M003915,D003915,2026-08-26 14:00:00,ISSUE,SKU028,B0151,L028,3,O03722,
M003916,D003916,2026-08-27 14:00:00,ISSUE,SKU001,B0182,L001,4,O03723,
M003917,D003917,2026-08-27 14:00:00,ISSUE,SKU002,B0183,L002,2,O03724,
M003918,D003918,2026-08-27 14:00:00,ISSUE,SKU003,B0184,L003,4,O03725,
M003919,D003919,2026-08-27 14:00:00,ISSUE,SKU004,B0196,L004,3,O03726,
M003920,D003920,2026-08-27 14:00:00,ISSUE,SKU006,B0198,L006,4,O03727,
M003921,D003921,2026-08-27 14:00:00,ISSUE,SKU008,B0086,L008,2,O03728,
M003922,D003922,2026-08-27 14:00:00,ISSUE,SKU009,B0189,L009,2,O03729,
M003923,D003923,2026-08-27 14:00:00,ISSUE,SKU018,B0117,L018,2,O03730,
M003924,D003924,2026-08-27 14:00:00,ISSUE,SKU021,B0161,L021,2,O03731,
M003925,D003925,2026-08-27 14:00:00,ISSUE,SKU001,B0182,L001,1,O03732,
M003926,D003926,2026-08-27 14:00:00,ISSUE,SKU003,B0165,L003,4,O03733,
M003927,D003927,2026-08-27 14:00:00,ISSUE,SKU004,B0196,L004,5,O03734,
M003928,D003928,2026-08-27 14:00:00,ISSUE,SKU005,B0197,L005,3,O03735,
M003929,D003929,2026-08-27 14:00:00,ISSUE,SKU006,B0198,L006,1,O03736,
M003930,D003930,2026-08-27 14:00:00,ISSUE,SKU007,B0114,L007,5,O03737,
M003931,D003931,2026-08-27 14:00:00,ISSUE,SKU020,B0177,L020,1,O03738,
M003932,D003932,2026-08-27 14:00:00,ISSUE,SKU021,B0161,L021,2,O03739,
M003933,D003933,2026-08-27 14:00:00,ISSUE,SKU022,B0162,L022,2,O03740,
M003934,D003934,2026-08-27 14:00:00,ISSUE,SKU025,B0135,L025,4,O03741,
M003935,D003935,2026-08-27 14:00:00,ISSUE,SKU001,B0182,L001,2,O03742,
M003936,D003936,2026-08-27 14:00:00,ISSUE,SKU002,B0183,L002,1,O03743,
M003937,D003937,2026-08-27 14:00:00,ISSUE,SKU002,B0164,L002,5,O03743,
M003938,D003938,2026-08-27 14:00:00,ISSUE,SKU003,B0165,L003,5,O03744,
M003939,D003939,2026-08-27 14:00:00,ISSUE,SKU005,B0197,L005,1,O03745,
M003940,D003940,2026-08-27 14:00:00,ISSUE,SKU006,B0198,L006,1,O03746,
M003941,D003941,2026-08-27 14:00:00,ISSUE,SKU009,B0189,L009,5,O03747,
M003942,D003942,2026-08-27 14:00:00,ISSUE,SKU016,B0173,L016,1,O03748,
M003943,D003943,2026-08-27 14:00:00,ISSUE,SKU017,B0132,L017,5,O03749,
M003944,D003944,2026-08-27 14:00:00,ISSUE,SKU018,B0117,L018,1,O03750,
M003945,D003945,2026-08-27 14:00:00,ISSUE,SKU020,B0177,L020,1,O03751,
M003946,D003946,2026-08-27 14:00:00,ISSUE,SKU028,B0151,L028,1,O03752,
M003947,D003947,2026-08-27 14:00:00,ISSUE,SKU002,B0164,L002,4,O03753,
M003948,D003948,2026-08-27 14:00:00,ISSUE,SKU003,B0165,L003,4,O03754,
M003949,D003949,2026-08-27 14:00:00,ISSUE,SKU004,B0196,L004,7,O03755,
M003950,D003950,2026-08-27 14:00:00,ISSUE,SKU005,B0197,L005,1,O03756,
M003951,D003951,2026-08-27 14:00:00,ISSUE,SKU006,B0198,L006,3,O03757,
M003952,D003952,2026-08-27 14:00:00,ISSUE,SKU007,B0114,L007,4,O03758,
M003953,D003953,2026-08-27 14:00:00,ISSUE,SKU009,B0189,L009,4,O03759,
M003954,D003954,2026-08-27 14:00:00,ISSUE,SKU012,B0171,L012,1,O03760,
M003955,D003955,2026-08-27 14:00:00,ISSUE,SKU013,B0115,L013,6,O03761,
M003956,D003956,2026-08-27 14:00:00,ISSUE,SKU014,B0190,L014,4,O03762,
M003957,D003957,2026-08-27 14:00:00,ISSUE,SKU017,B0132,L017,1,O03763,
M003958,D003958,2026-08-27 14:00:00,ISSUE,SKU021,B0161,L021,1,O03764,
M003959,D003959,2026-08-27 14:00:00,ISSUE,SKU025,B0135,L025,1,O03765,
M003960,D003960,2026-08-27 14:00:00,ISSUE,SKU025,B0180,L025,5,O03765,
M003961,D003961,2026-08-27 14:00:00,ISSUE,SKU001,B0182,L001,3,O03766,
M003962,D003962,2026-08-27 14:00:00,ISSUE,SKU003,B0165,L003,1,O03767,
M003963,D003963,2026-08-27 14:00:00,ISSUE,SKU003,B0195,L003,3,O03767,
M003964,D003964,2026-08-27 14:00:00,ISSUE,SKU008,B0086,L008,4,O03768,
M003965,D003965,2026-08-27 14:00:00,ISSUE,SKU011,B0159,L011,3,O03769,
M003966,D003966,2026-08-27 14:00:00,ISSUE,SKU013,B0115,L013,1,O03770,
M003967,D003967,2026-08-27 14:00:00,ISSUE,SKU015,B0200,L015,4,O03771,
M003968,D003968,2026-08-27 14:00:00,ISSUE,SKU020,B0177,L020,4,O03772,
M003969,D003969,2026-08-27 14:00:00,ISSUE,SKU026,B0136,L026,4,O03773,
M003970,D003970,2026-08-27 14:00:00,ISSUE,SKU028,B0151,L028,2,O03774,
M003971,D003971,2026-08-28 14:00:00,ISSUE,SKU002,B0164,L002,2,O03775,
M003972,D003972,2026-08-28 14:00:00,ISSUE,SKU003,B0195,L003,4,O03776,
M003973,D003973,2026-08-28 14:00:00,ISSUE,SKU004,B0196,L004,3,O03777,
M003974,D003974,2026-08-28 14:00:00,ISSUE,SKU005,B0197,L005,3,O03778,
M003975,D003975,2026-08-28 14:00:00,ISSUE,SKU006,B0198,L006,1,O03779,
M003976,D003976,2026-08-28 14:00:00,ISSUE,SKU007,B0114,L007,4,O03780,
M003977,D003977,2026-08-28 14:00:00,ISSUE,SKU012,B0171,L012,2,O03781,
M003978,D003978,2026-08-28 14:00:00,ISSUE,SKU017,B0132,L017,3,O03782,
M003979,D003979,2026-08-28 14:00:00,ISSUE,SKU019,B0118,L019,2,O03783,
M003980,D003980,2026-08-28 14:00:00,ISSUE,SKU026,B0136,L026,2,O03784,
M003981,D003981,2026-08-28 14:00:00,ISSUE,SKU027,B0150,L027,1,O03785,
M003982,D003982,2026-08-28 14:00:00,ISSUE,SKU002,B0164,L002,4,O03786,
M003983,D003983,2026-08-28 14:00:00,ISSUE,SKU005,B0197,L005,3,O03787,
M003984,D003984,2026-08-28 14:00:00,ISSUE,SKU008,B0086,L008,4,O03788,
M003985,D003985,2026-08-28 14:00:00,ISSUE,SKU012,B0171,L012,2,O03789,
M003986,D003986,2026-08-28 14:00:00,ISSUE,SKU015,B0200,L015,3,O03790,
M003987,D003987,2026-08-28 14:00:00,ISSUE,SKU019,B0147,L019,5,O03791,
M003988,D003988,2026-08-28 14:00:00,ISSUE,SKU024,B0134,L024,1,O03792,
M003989,D003989,2026-08-28 14:00:00,ISSUE,SKU027,B0150,L027,4,O03793,
M003990,D003990,2026-08-28 14:00:00,ISSUE,SKU001,B0182,L001,4,O03794,
M003991,D003991,2026-08-28 14:00:00,ISSUE,SKU002,B0164,L002,2,O03795,
M003992,D003992,2026-08-28 14:00:00,ISSUE,SKU003,B0195,L003,4,O03796,
M003993,D003993,2026-08-28 14:00:00,ISSUE,SKU004,B0196,L004,5,O03797,
M003994,D003994,2026-08-28 14:00:00,ISSUE,SKU005,B0197,L005,1,O03798,
M003995,D003995,2026-08-28 14:00:00,ISSUE,SKU006,B0198,L006,6,O03799,
M003996,D003996,2026-08-28 14:00:00,ISSUE,SKU009,B0189,L009,6,O03800,
M003997,D003997,2026-08-28 14:00:00,ISSUE,SKU013,B0115,L013,2,O03801,
M003998,D003998,2026-08-28 14:00:00,ISSUE,SKU016,B0173,L016,4,O03802,
M003999,D003999,2026-08-28 14:00:00,ISSUE,SKU016,B0046,L016,2,O03802,
M004000,D004000,2026-08-28 14:00:00,ISSUE,SKU018,B0117,L018,5,O03803,
M004001,D004001,2026-08-28 14:00:00,ISSUE,SKU027,B0150,L027,6,O03804,
M004002,D004002,2026-08-28 14:00:00,ISSUE,SKU001,B0182,L001,1,O03805,
M004003,D004003,2026-08-28 14:00:00,ISSUE,SKU002,B0164,L002,6,O03806,
M004004,D004004,2026-08-28 14:00:00,ISSUE,SKU003,B0195,L003,7,O03807,
M004005,D004005,2026-08-28 14:00:00,ISSUE,SKU006,B0198,L006,6,O03808,
M004006,D004006,2026-08-28 14:00:00,ISSUE,SKU007,B0114,L007,3,O03809,
M004007,D004007,2026-08-28 14:00:00,ISSUE,SKU008,B0086,L008,4,O03810,
M004008,D004008,2026-08-28 14:00:00,ISSUE,SKU009,B0189,L009,4,O03811,
M004009,D004009,2026-08-28 14:00:00,ISSUE,SKU011,B0159,L011,3,O03812,
M004010,D004010,2026-08-28 14:00:00,ISSUE,SKU020,B0177,L020,7,O03813,
M004011,D004011,2026-08-28 14:00:00,ISSUE,SKU027,B0150,L027,3,O03814,
M004012,D004012,2026-08-28 14:00:00,ISSUE,SKU002,B0164,L002,1,O03815,
M004013,D004013,2026-08-28 14:00:00,ISSUE,SKU003,B0195,L003,4,O03816,
M004014,D004014,2026-08-28 14:00:00,ISSUE,SKU004,B0196,L004,4,O03817,
M004015,D004015,2026-08-28 14:00:00,ISSUE,SKU005,B0197,L005,4,O03818,
M004016,D004016,2026-08-28 14:00:00,ISSUE,SKU013,B0172,L013,4,O03819,
M004017,D004017,2026-08-28 14:00:00,ISSUE,SKU018,B0117,L018,3,O03820,
M004018,D004018,2026-08-28 14:00:00,ISSUE,SKU020,B0177,L020,4,O03821,
M004019,D004019,2026-08-28 14:00:00,ISSUE,SKU025,B0180,L025,4,O03822,
M004020,D004020,2026-08-29 14:00:00,ISSUE,SKU001,B0182,L001,1,O03823,
M004021,D004021,2026-08-29 14:00:00,ISSUE,SKU001,B0194,L001,3,O03823,
M004022,D004022,2026-08-29 14:00:00,ISSUE,SKU002,B0164,L002,2,O03824,
M004023,D004023,2026-08-29 14:00:00,ISSUE,SKU003,B0195,L003,5,O03825,
M004024,D004024,2026-08-29 14:00:00,ISSUE,SKU005,B0197,L005,5,O03826,
M004025,D004025,2026-08-29 14:00:00,ISSUE,SKU006,B0198,L006,5,O03827,
M004026,D004026,2026-08-29 14:00:00,ISSUE,SKU026,B0136,L026,1,O03828,
M004027,D004027,2026-08-29 14:00:00,ISSUE,SKU003,B0195,L003,4,O03829,
M004028,D004028,2026-08-29 14:00:00,ISSUE,SKU004,B0196,L004,4,O03830,
M004029,D004029,2026-08-29 14:00:00,ISSUE,SKU006,B0198,L006,1,O03831,
M004030,D004030,2026-08-29 14:00:00,ISSUE,SKU011,B0159,L011,1,O03832,
M004031,D004031,2026-08-29 14:00:00,ISSUE,SKU012,B0171,L012,3,O03833,
M004032,D004032,2026-08-29 14:00:00,ISSUE,SKU013,B0172,L013,4,O03834,
M004033,D004033,2026-08-29 14:00:00,ISSUE,SKU026,B0136,L026,3,O03835,
M004034,D004034,2026-08-29 14:00:00,ISSUE,SKU001,B0194,L001,5,O03836,
M004035,D004035,2026-08-29 14:00:00,ISSUE,SKU002,B0164,L002,5,O03837,
M004036,D004036,2026-08-29 14:00:00,ISSUE,SKU003,B0195,L003,3,O03838,
M004037,D004037,2026-08-29 14:00:00,ISSUE,SKU007,B0114,L007,3,O03839,
M004038,D004038,2026-08-29 14:00:00,ISSUE,SKU026,B0136,L026,3,O03840,
M004039,D004039,2026-08-29 14:00:00,ISSUE,SKU028,B0151,L028,8,O03841,
M004040,D004040,2026-08-29 14:00:00,ISSUE,SKU001,B0194,L001,4,O03842,
M004041,D004041,2026-08-29 14:00:00,ISSUE,SKU002,B0164,L002,4,O03843,
M004042,D004042,2026-08-29 14:00:00,ISSUE,SKU003,B0195,L003,4,O03844,
M004043,D004043,2026-08-29 14:00:00,ISSUE,SKU004,B0196,L004,9,O03845,
M004044,D004044,2026-08-29 14:00:00,ISSUE,SKU005,B0197,L005,4,O03846,
M004045,D004045,2026-08-29 14:00:00,ISSUE,SKU007,B0114,L007,9,O03847,
M004046,D004046,2026-08-29 14:00:00,ISSUE,SKU008,B0086,L008,7,O03848,
M004047,D004047,2026-08-29 14:00:00,ISSUE,SKU009,B0189,L009,9,O03849,
M004048,D004048,2026-08-29 14:00:00,ISSUE,SKU012,B0171,L012,2,O03850,
M004049,D004049,2026-08-29 14:00:00,ISSUE,SKU013,B0172,L013,7,O03851,
M004050,D004050,2026-08-29 14:00:00,ISSUE,SKU016,B0046,L016,7,O03852,
M004051,D004051,2026-08-29 14:00:00,ISSUE,SKU020,B0177,L020,7,O03853,
M004052,D004052,2026-08-29 14:00:00,ISSUE,SKU001,B0194,L001,1,O03854,
M004053,D004053,2026-08-29 14:00:00,ISSUE,SKU002,B0164,L002,5,O03855,
M004054,D004054,2026-08-29 14:00:00,ISSUE,SKU004,B0196,L004,1,O03856,
M004055,D004055,2026-08-29 14:00:00,ISSUE,SKU011,B0159,L011,2,O03857,
M004056,D004056,2026-08-29 14:00:00,ISSUE,SKU014,B0190,L014,4,O03858,
M004057,D004057,2026-08-29 14:00:00,ISSUE,SKU020,B0177,L020,4,O03859,
M004058,D004058,2026-08-29 14:00:00,ISSUE,SKU021,B0161,L021,4,O03860,
M004059,D004059,2026-08-29 14:00:00,ISSUE,SKU025,B0180,L025,5,O03861,
M004060,D004060,2026-08-29 14:00:00,ISSUE,SKU027,B0150,L027,5,O03862,
M004061,D004061,2026-08-30 14:00:00,ISSUE,SKU003,B0195,L003,3,O03863,
M004062,D004062,2026-08-30 14:00:00,ISSUE,SKU004,B0196,L004,5,O03864,
M004063,D004063,2026-08-30 14:00:00,ISSUE,SKU008,B0086,L008,4,O03865,
M004064,D004064,2026-08-30 14:00:00,ISSUE,SKU009,B0189,L009,1,O03866,
M004065,D004065,2026-08-30 14:00:00,ISSUE,SKU016,B0070,L016,5,O03867,
M004066,D004066,2026-08-30 14:00:00,ISSUE,SKU025,B0180,L025,1,O03868,
M004067,D004067,2026-08-30 14:00:00,ISSUE,SKU027,B0150,L027,3,O03869,
M004068,D004068,2026-08-30 14:00:00,ISSUE,SKU028,B0151,L028,3,O03870,
M004069,D004069,2026-08-30 14:00:00,ISSUE,SKU001,B0194,L001,6,O03871,
M004070,D004070,2026-08-30 14:00:00,ISSUE,SKU002,B0164,L002,3,O03872,
M004071,D004071,2026-08-30 14:00:00,ISSUE,SKU005,B0197,L005,5,O03873,
M004072,D004072,2026-08-30 14:00:00,ISSUE,SKU006,B0198,L006,3,O03874,
M004073,D004073,2026-08-30 14:00:00,ISSUE,SKU008,B0086,L008,6,O03875,
M004074,D004074,2026-08-30 14:00:00,ISSUE,SKU012,B0171,L012,4,O03876,
M004075,D004075,2026-08-30 14:00:00,ISSUE,SKU017,B0132,L017,1,O03877,
M004076,D004076,2026-08-30 14:00:00,ISSUE,SKU025,B0180,L025,4,O03878,
M004077,D004077,2026-08-30 14:00:00,ISSUE,SKU027,B0150,L027,6,O03879,
M004078,D004078,2026-08-30 14:00:00,ISSUE,SKU028,B0151,L028,6,O03880,
M004079,D004079,2026-08-30 14:00:00,ISSUE,SKU003,B0195,L003,2,O03881,
M004080,D004080,2026-08-30 14:00:00,ISSUE,SKU004,B0196,L004,2,O03882,
M004081,D004081,2026-08-30 14:00:00,ISSUE,SKU005,B0197,L005,6,O03883,
M004082,D004082,2026-08-30 14:00:00,ISSUE,SKU006,B0198,L006,2,O03884,
M004083,D004083,2026-08-30 14:00:00,ISSUE,SKU008,B0086,L008,5,O03885,
M004084,D004084,2026-08-30 14:00:00,ISSUE,SKU012,B0171,L012,5,O03886,
M004085,D004085,2026-08-30 14:00:00,ISSUE,SKU012,B0143,L012,1,O03886,
M004086,D004086,2026-08-30 14:00:00,ISSUE,SKU014,B0190,L014,3,O03887,
M004087,D004087,2026-08-30 14:00:00,ISSUE,SKU015,B0200,L015,8,O03888,
M004088,D004088,2026-08-30 14:00:00,ISSUE,SKU016,B0070,L016,2,O03889,
M004089,D004089,2026-08-30 14:00:00,ISSUE,SKU019,B0147,L019,2,O03890,
M004090,D004090,2026-08-30 14:00:00,ISSUE,SKU021,B0161,L021,2,O03891,
M004091,D004091,2026-08-30 14:00:00,ISSUE,SKU023,B0149,L023,8,O03892,
M004092,D004092,2026-08-30 14:00:00,ISSUE,SKU025,B0180,L025,6,O03893,
M004093,D004093,2026-08-30 14:00:00,ISSUE,SKU026,B0136,L026,8,O03894,
M004094,D004094,2026-08-30 14:00:00,ISSUE,SKU029,B0029,L029,2,O03895,
M004095,D004095,2026-08-30 14:00:00,ISSUE,SKU002,B0164,L002,9,O03896,
M004096,D004096,2026-08-30 14:00:00,ISSUE,SKU003,B0195,L003,4,O03897,
M004097,D004097,2026-08-30 14:00:00,ISSUE,SKU004,B0196,L004,9,O03898,
M004098,D004098,2026-08-30 14:00:00,ISSUE,SKU005,B0197,L005,7,O03899,
M004099,D004099,2026-08-30 14:00:00,ISSUE,SKU006,B0198,L006,4,O03900,
M004100,D004100,2026-08-30 14:00:00,ISSUE,SKU008,B0086,L008,3,O03901,
M004101,D004101,2026-08-30 14:00:00,ISSUE,SKU008,B0169,L008,4,O03901,
M004102,D004102,2026-08-30 14:00:00,ISSUE,SKU019,B0147,L019,5,O03902,
M004103,D004103,2026-08-30 14:00:00,ISSUE,SKU023,B0149,L023,9,O03903,
M004104,D004104,2026-08-30 14:00:00,ISSUE,SKU025,B0180,L025,5,O03904,
M004105,D004105,2026-08-30 14:00:00,ISSUE,SKU001,B0194,L001,5,O03905,
M004106,D004106,2026-08-30 14:00:00,ISSUE,SKU002,B0164,L002,2,O03906,
M004107,D004107,2026-08-30 14:00:00,ISSUE,SKU005,B0197,L005,1,O03907,
M004108,D004108,2026-08-30 14:00:00,ISSUE,SKU006,B0198,L006,2,O03908,
M004109,D004109,2026-08-30 14:00:00,ISSUE,SKU009,B0189,L009,4,O03909,
M004110,D004110,2026-08-30 14:00:00,ISSUE,SKU011,B0159,L011,2,O03910,
M004111,D004111,2026-08-30 14:00:00,ISSUE,SKU013,B0172,L013,2,O03911,
M004112,D004112,2026-08-30 14:00:00,ISSUE,SKU017,B0132,L017,6,O03912,
M004113,D004113,2026-08-30 14:00:00,ISSUE,SKU027,B0150,L027,4,O03913,
M004114,D004114,2026-08-31 14:00:00,ISSUE,SKU001,B0194,L001,4,O03914,
M004115,D004115,2026-08-31 14:00:00,ISSUE,SKU004,B0196,L004,1,O03915,
M004116,D004116,2026-08-31 14:00:00,ISSUE,SKU006,B0198,L006,2,O03916,
M004117,D004117,2026-08-31 14:00:00,ISSUE,SKU007,B0114,L007,2,O03917,
M004118,D004118,2026-08-31 14:00:00,ISSUE,SKU017,B0132,L017,2,O03918,
M004119,D004119,2026-08-31 14:00:00,ISSUE,SKU018,B0117,L018,1,O03919,
M004120,D004120,2026-08-31 14:00:00,ISSUE,SKU018,B0202,L018,1,O03919,
M004121,D004121,2026-08-31 14:00:00,ISSUE,SKU026,B0181,L026,3,O03920,
M004122,D004122,2026-08-31 14:00:00,ISSUE,SKU001,B0194,L001,1,O03921,
M004123,D004123,2026-08-31 14:00:00,ISSUE,SKU003,B0195,L003,5,O03922,
M004124,D004124,2026-08-31 14:00:00,ISSUE,SKU005,B0197,L005,5,O03924,
M004125,D004125,2026-08-31 14:00:00,ISSUE,SKU009,B0189,L009,3,O03925,
M004126,D004126,2026-08-31 14:00:00,ISSUE,SKU014,B0190,L014,4,O03926,
M004127,D004127,2026-08-31 14:00:00,ISSUE,SKU017,B0132,L017,4,O03927,
M004128,D004128,2026-08-31 14:00:00,ISSUE,SKU017,B0201,L017,1,O03927,
M004129,D004129,2026-08-31 14:00:00,ISSUE,SKU023,B0149,L023,2,O03928,
M004130,D004130,2026-08-31 14:00:00,ISSUE,SKU023,B0178,L023,3,O03928,
M004131,D004131,2026-08-31 14:00:00,ISSUE,SKU027,B0150,L027,3,O03929,
M004132,D004132,2026-08-31 14:00:00,ISSUE,SKU001,B0194,L001,2,O03930,
M004133,D004133,2026-08-31 14:00:00,ISSUE,SKU003,B0195,L003,1,O03931,
M004134,D004134,2026-08-31 14:00:00,ISSUE,SKU005,B0197,L005,2,O03933,
M004135,D004135,2026-08-31 14:00:00,ISSUE,SKU008,B0169,L008,5,O03934,
M004136,D004136,2026-08-31 14:00:00,ISSUE,SKU011,B0159,L011,6,O03935,
M004137,D004137,2026-08-31 14:00:00,ISSUE,SKU017,B0201,L017,5,O03936,
M004138,D004138,2026-08-31 14:00:00,ISSUE,SKU018,B0202,L018,6,O03937,
M004139,D004139,2026-08-31 14:00:00,ISSUE,SKU020,B0177,L020,1,O03938,
M004140,D004140,2026-08-31 14:00:00,ISSUE,SKU027,B0150,L027,6,O03939,
M004141,D004141,2026-08-31 14:00:00,ISSUE,SKU001,B0194,L001,6,O03940,
M004142,D004142,2026-08-31 14:00:00,ISSUE,SKU002,B0164,L002,3,O03941,
M004143,D004143,2026-08-31 14:00:00,ISSUE,SKU006,B0198,L006,4,O03943,
M004144,D004144,2026-08-31 14:00:00,ISSUE,SKU013,B0172,L013,7,O03944,
M004145,D004145,2026-08-31 14:00:00,ISSUE,SKU016,B0070,L016,1,O03945,
M004146,D004146,2026-08-31 14:00:00,ISSUE,SKU020,B0177,L020,4,O03946,
M004147,D004147,2026-08-31 14:00:00,ISSUE,SKU021,B0161,L021,4,O03947,
M004148,D004148,2026-08-31 14:00:00,ISSUE,SKU022,B0162,L022,7,O03948,
M004149,D004149,2026-08-31 14:00:00,ISSUE,SKU001,B0194,L001,4,O03949,
M004150,D004150,2026-08-31 14:00:00,ISSUE,SKU003,B0195,L003,2,O03950,
M004151,D004151,2026-08-31 14:00:00,ISSUE,SKU006,B0198,L006,4,O03952,
M004152,D004152,2026-08-31 14:00:00,ISSUE,SKU007,B0114,L007,1,O03953,
M004153,D004153,2026-08-31 14:00:00,ISSUE,SKU008,B0169,L008,3,O03954,
M004154,D004154,2026-08-31 14:00:00,ISSUE,SKU014,B0190,L014,2,O03955,
M004155,D004155,2026-08-31 14:00:00,ISSUE,SKU016,B0070,L016,1,O03956,
M004156,D004156,2026-08-31 14:00:00,ISSUE,SKU018,B0202,L018,4,O03957,
M004157,D004157,2026-08-31 14:00:00,ISSUE,SKU019,B0147,L019,3,O03958,
M004158,D004158,2026-08-31 14:00:00,ISSUE,SKU020,B0177,L020,2,O03959,
M004159,D004159,2026-08-31 14:00:00,ISSUE,SKU022,B0162,L022,3,O03960,
M004160,D004160,2026-08-31 14:00:00,ISSUE,SKU023,B0178,L023,1,O03961,
M004161,D004161,2026-08-31 14:00:00,ISSUE,SKU024,B0134,L024,2,O03962,
M004162,D004162,2026-08-31 14:00:00,ISSUE,SKU026,B0181,L026,3,O03963,
M004163,D004163,2026-09-01 08:00:00,RECEIPT,SKU001,B0208,L001,72,,R0178
M004164,D004164,2026-09-01 08:00:00,RECEIPT,SKU002,B0209,L002,86,,R0179
M004165,D004165,2026-09-01 08:00:00,RECEIPT,SKU003,B0210,L003,70,,R0180
M004166,D004166,2026-09-01 08:00:00,RECEIPT,SKU004,B0211,L004,74,,R0181
M004167,D004167,2026-09-01 08:00:00,RECEIPT,SKU005,B0212,L005,63,,R0182
M004168,D004168,2026-09-01 08:00:00,RECEIPT,SKU006,B0213,L006,93,,R0183
M004169,D004169,2026-09-01 08:00:00,RECEIPT,SKU007,B0214,L007,71,,R0184
M004170,D004170,2026-09-01 08:00:00,RECEIPT,SKU008,B0215,L008,68,,R0185
M004171,D004171,2026-09-01 08:00:00,RECEIPT,SKU009,B0216,L009,67,,R0186
M004172,D004172,2026-09-01 08:00:00,RECEIPT,SKU012,B0217,L012,89,,R0187
M004173,D004173,2026-09-01 08:00:00,RECEIPT,SKU013,B0218,L013,65,,R0188
M004174,D004174,2026-09-01 08:00:00,RECEIPT,SKU014,B0219,L014,75,,R0189
M004175,D004175,2026-09-01 08:00:00,RECEIPT,SKU016,B0220,L016,68,,R0190
M004176,D004176,2026-09-01 08:00:00,RECEIPT,SKU025,B0221,L025,100,,R0191
M004177,D004177,2026-09-01 08:00:00,RECEIPT,SKU026,B0222,L026,61,,R0192
M004178,D004178,2026-09-01 08:00:00,RECEIPT,SKU027,B0223,L027,69,,R0193
M004179,D004179,2026-09-01 08:00:00,RECEIPT,SKU028,B0224,L028,66,,R0194
M004180,D004180,2026-09-01 14:00:00,ISSUE,SKU006,B0198,L006,1,O03964,
M004181,D004181,2026-09-01 14:00:00,ISSUE,SKU007,B0214,L007,3,O03965,
M004182,D004182,2026-09-01 14:00:00,ISSUE,SKU015,B0200,L015,2,O03966,
M004183,D004183,2026-09-01 14:00:00,ISSUE,SKU022,B0162,L022,1,O03967,
M004184,D004184,2026-09-01 14:00:00,ISSUE,SKU025,B0180,L025,4,O03968,
M004185,D004185,2026-09-01 14:00:00,ISSUE,SKU001,B0208,L001,4,O03969,
M004186,D004186,2026-09-01 14:00:00,ISSUE,SKU002,B0209,L002,5,O03970,
M004187,D004187,2026-09-01 14:00:00,ISSUE,SKU003,B0210,L003,2,O03971,
M004188,D004188,2026-09-01 14:00:00,ISSUE,SKU005,B0212,L005,4,O03972,
M004189,D004189,2026-09-01 14:00:00,ISSUE,SKU006,B0198,L006,5,O03973,
M004190,D004190,2026-09-01 14:00:00,ISSUE,SKU007,B0214,L007,1,O03974,
M004191,D004191,2026-09-01 14:00:00,ISSUE,SKU018,B0202,L018,5,O03975,
M004192,D004192,2026-09-01 14:00:00,ISSUE,SKU020,B0177,L020,2,O03976,
M004193,D004193,2026-09-01 14:00:00,ISSUE,SKU025,B0180,L025,2,O03977,
M004194,D004194,2026-09-01 14:00:00,ISSUE,SKU026,B0181,L026,4,O03978,
M004195,D004195,2026-09-01 14:00:00,ISSUE,SKU001,B0208,L001,5,O03979,
M004196,D004196,2026-09-01 14:00:00,ISSUE,SKU002,B0209,L002,2,O03980,
M004197,D004197,2026-09-01 14:00:00,ISSUE,SKU006,B0198,L006,5,O03981,
M004198,D004198,2026-09-01 14:00:00,ISSUE,SKU008,B0169,L008,2,O03982,
M004199,D004199,2026-09-01 14:00:00,ISSUE,SKU011,B0159,L011,4,O03983,
M004200,D004200,2026-09-01 14:00:00,ISSUE,SKU015,B0200,L015,4,O03984,
M004201,D004201,2026-09-01 14:00:00,ISSUE,SKU028,B0151,L028,5,O03985,
M004202,D004202,2026-09-01 14:00:00,ISSUE,SKU002,B0209,L002,4,O03986,
M004203,D004203,2026-09-01 14:00:00,ISSUE,SKU003,B0210,L003,7,O03987,
M004204,D004204,2026-09-01 14:00:00,ISSUE,SKU004,B0211,L004,3,O03988,
M004205,D004205,2026-09-01 14:00:00,ISSUE,SKU017,B0201,L017,4,O03989,
M004206,D004206,2026-09-01 14:00:00,ISSUE,SKU019,B0147,L019,4,O03990,
M004207,D004207,2026-09-01 14:00:00,ISSUE,SKU022,B0162,L022,7,O03991,
M004208,D004208,2026-09-01 14:00:00,ISSUE,SKU026,B0181,L026,7,O03992,
M004209,D004209,2026-09-01 14:00:00,ISSUE,SKU028,B0151,L028,1,O03993,
M004210,D004210,2026-09-01 14:00:00,ISSUE,SKU001,B0208,L001,3,O03994,
M004211,D004211,2026-09-01 14:00:00,ISSUE,SKU002,B0209,L002,4,O03995,
M004212,D004212,2026-09-01 14:00:00,ISSUE,SKU003,B0210,L003,1,O03996,
M004213,D004213,2026-09-01 14:00:00,ISSUE,SKU009,B0189,L009,4,O03997,
M004214,D004214,2026-09-01 14:00:00,ISSUE,SKU012,B0143,L012,4,O03998,
M004215,D004215,2026-09-01 14:00:00,ISSUE,SKU013,B0218,L013,2,O03999,
M004216,D004216,2026-09-01 14:00:00,ISSUE,SKU020,B0177,L020,4,O04000,
M004217,D004217,2026-09-01 14:00:00,ISSUE,SKU023,B0178,L023,1,O04001,
M004218,D004218,2026-09-01 14:00:00,ISSUE,SKU025,B0180,L025,4,O04002,
M004219,D004219,2026-09-01 14:00:00,ISSUE,SKU026,B0181,L026,3,O04003,
M004220,D004220,2026-09-02 14:00:00,ISSUE,SKU001,B0208,L001,3,O04004,
M004221,D004221,2026-09-02 14:00:00,ISSUE,SKU002,B0209,L002,4,O04005,
M004222,D004222,2026-09-02 14:00:00,ISSUE,SKU003,B0210,L003,4,O04006,
M004223,D004223,2026-09-02 14:00:00,ISSUE,SKU005,B0212,L005,4,O04007,
M004224,D004224,2026-09-02 14:00:00,ISSUE,SKU020,B0177,L020,3,O04008,
M004225,D004225,2026-09-02 14:00:00,ISSUE,SKU021,B0161,L021,2,O04009,
M004226,D004226,2026-09-02 14:00:00,ISSUE,SKU023,B0178,L023,3,O04010,
M004227,D004227,2026-09-02 14:00:00,ISSUE,SKU025,B0180,L025,2,O04011,
M004228,D004228,2026-09-02 14:00:00,ISSUE,SKU026,B0181,L026,2,O04012,
M004229,D004229,2026-09-02 14:00:00,ISSUE,SKU027,B0150,L027,1,O04013,
M004230,D004230,2026-09-02 14:00:00,ISSUE,SKU001,B0208,L001,4,O04014,
M004231,D004231,2026-09-02 14:00:00,ISSUE,SKU002,B0209,L002,2,O04015,
M004232,D004232,2026-09-02 14:00:00,ISSUE,SKU003,B0210,L003,1,O04016,
M004233,D004233,2026-09-02 14:00:00,ISSUE,SKU004,B0211,L004,1,O04017,
M004234,D004234,2026-09-02 14:00:00,ISSUE,SKU006,B0198,L006,5,O04018,
M004235,D004235,2026-09-02 14:00:00,ISSUE,SKU016,B0220,L016,5,O04019,
M004236,D004236,2026-09-02 14:00:00,ISSUE,SKU021,B0161,L021,4,O04020,
M004237,D004237,2026-09-02 14:00:00,ISSUE,SKU028,B0151,L028,1,O04021,
M004238,D004238,2026-09-02 14:00:00,ISSUE,SKU001,B0208,L001,4,O04022,
M004239,D004239,2026-09-02 14:00:00,ISSUE,SKU003,B0210,L003,6,O04023,
M004240,D004240,2026-09-02 14:00:00,ISSUE,SKU004,B0211,L004,5,O04024,
M004241,D004241,2026-09-02 14:00:00,ISSUE,SKU006,B0198,L006,6,O04025,
M004242,D004242,2026-09-02 14:00:00,ISSUE,SKU007,B0214,L007,1,O04026,
M004243,D004243,2026-09-02 14:00:00,ISSUE,SKU012,B0143,L012,6,O04027,
M004244,D004244,2026-09-02 14:00:00,ISSUE,SKU014,B0190,L014,2,O04028,
M004245,D004245,2026-09-02 14:00:00,ISSUE,SKU017,B0201,L017,1,O04029,
M004246,D004246,2026-09-02 14:00:00,ISSUE,SKU018,B0202,L018,1,O04030,
M004247,D004247,2026-09-02 14:00:00,ISSUE,SKU022,B0162,L022,4,O04031,
M004248,D004248,2026-09-02 14:00:00,ISSUE,SKU023,B0178,L023,6,O04032,
M004249,D004249,2026-09-02 14:00:00,ISSUE,SKU024,B0134,L024,2,O04033,
M004250,D004250,2026-09-02 14:00:00,ISSUE,SKU028,B0151,L028,6,O04034,
M004251,D004251,2026-09-02 14:00:00,ISSUE,SKU001,B0208,L001,6,O04035,
M004252,D004252,2026-09-02 14:00:00,ISSUE,SKU002,B0209,L002,4,O04036,
M004253,D004253,2026-09-02 14:00:00,ISSUE,SKU004,B0211,L004,7,O04037,
M004254,D004254,2026-09-02 14:00:00,ISSUE,SKU005,B0212,L005,4,O04038,
M004255,D004255,2026-09-02 14:00:00,ISSUE,SKU006,B0213,L006,7,O04039,
M004256,D004256,2026-09-02 14:00:00,ISSUE,SKU009,B0189,L009,3,O04040,
M004257,D004257,2026-09-02 14:00:00,ISSUE,SKU011,B0159,L011,6,O04041,
M004258,D004258,2026-09-02 14:00:00,ISSUE,SKU012,B0143,L012,4,O04042,
M004259,D004259,2026-09-02 14:00:00,ISSUE,SKU014,B0190,L014,1,O04043,
M004260,D004260,2026-09-02 14:00:00,ISSUE,SKU017,B0201,L017,4,O04044,
M004261,D004261,2026-09-02 14:00:00,ISSUE,SKU018,B0202,L018,4,O04045,
M004262,D004262,2026-09-02 14:00:00,ISSUE,SKU019,B0147,L019,6,O04046,
M004263,D004263,2026-09-02 14:00:00,ISSUE,SKU023,B0178,L023,7,O04047,
M004264,D004264,2026-09-02 14:00:00,ISSUE,SKU025,B0180,L025,7,O04048,
M004265,D004265,2026-09-02 14:00:00,ISSUE,SKU002,B0209,L002,4,O04049,
M004266,D004266,2026-09-02 14:00:00,ISSUE,SKU006,B0213,L006,1,O04050,
M004267,D004267,2026-09-02 14:00:00,ISSUE,SKU007,B0214,L007,4,O04051,
M004268,D004268,2026-09-02 14:00:00,ISSUE,SKU011,B0159,L011,2,O04052,
M004269,D004269,2026-09-02 14:00:00,ISSUE,SKU012,B0143,L012,2,O04053,
M004270,D004270,2026-09-02 14:00:00,ISSUE,SKU015,B0200,L015,1,O04054,
M004271,D004271,2026-09-02 14:00:00,ISSUE,SKU027,B0150,L027,3,O04055,
M004272,D004272,2026-09-02 14:00:00,ISSUE,SKU028,B0151,L028,1,O04056,
M004273,D004273,2026-09-03 14:00:00,ISSUE,SKU002,B0209,L002,3,O04057,
M004274,D004274,2026-09-03 14:00:00,ISSUE,SKU003,B0210,L003,2,O04058,
M004275,D004275,2026-09-03 14:00:00,ISSUE,SKU004,B0211,L004,1,O04059,
M004276,D004276,2026-09-03 14:00:00,ISSUE,SKU014,B0190,L014,2,O04060,
M004277,D004277,2026-09-03 14:00:00,ISSUE,SKU018,B0202,L018,2,O04061,
M004278,D004278,2026-09-03 14:00:00,ISSUE,SKU021,B0161,L021,3,O04062,
M004279,D004279,2026-09-03 14:00:00,ISSUE,SKU025,B0180,L025,1,O04063,
M004280,D004280,2026-09-03 14:00:00,ISSUE,SKU027,B0150,L027,2,O04064,
M004281,D004281,2026-09-03 14:00:00,ISSUE,SKU001,B0208,L001,1,O04065,
M004282,D004282,2026-09-03 14:00:00,ISSUE,SKU002,B0209,L002,4,O04066,
M004283,D004283,2026-09-03 14:00:00,ISSUE,SKU004,B0211,L004,5,O04067,
M004284,D004284,2026-09-03 14:00:00,ISSUE,SKU006,B0213,L006,5,O04068,
M004285,D004285,2026-09-03 14:00:00,ISSUE,SKU009,B0189,L009,3,O04069,
M004286,D004286,2026-09-03 14:00:00,ISSUE,SKU011,B0159,L011,3,O04070,
M004287,D004287,2026-09-03 14:00:00,ISSUE,SKU013,B0218,L013,1,O04071,
M004288,D004288,2026-09-03 14:00:00,ISSUE,SKU017,B0201,L017,4,O04072,
M004289,D004289,2026-09-03 14:00:00,ISSUE,SKU018,B0202,L018,5,O04073,
M004290,D004290,2026-09-03 14:00:00,ISSUE,SKU026,B0181,L026,3,O04074,
M004291,D004291,2026-09-03 14:00:00,ISSUE,SKU002,B0209,L002,1,O04075,
M004292,D004292,2026-09-03 14:00:00,ISSUE,SKU003,B0210,L003,2,O04076,
M004293,D004293,2026-09-03 14:00:00,ISSUE,SKU004,B0211,L004,4,O04077,
M004294,D004294,2026-09-03 14:00:00,ISSUE,SKU005,B0212,L005,1,O04078,
M004295,D004295,2026-09-03 14:00:00,ISSUE,SKU008,B0169,L008,6,O04079,
M004296,D004296,2026-09-03 14:00:00,ISSUE,SKU013,B0218,L013,1,O04080,
M004297,D004297,2026-09-03 14:00:00,ISSUE,SKU019,B0147,L019,5,O04081,
M004298,D004298,2026-09-03 14:00:00,ISSUE,SKU022,B0162,L022,1,O04082,
M004299,D004299,2026-09-03 14:00:00,ISSUE,SKU022,B0191,L022,4,O04082,
M004300,D004300,2026-09-03 14:00:00,ISSUE,SKU025,B0180,L025,5,O04083,
M004301,D004301,2026-09-03 14:00:00,ISSUE,SKU026,B0181,L026,5,O04084,
M004302,D004302,2026-09-03 14:00:00,ISSUE,SKU002,B0209,L002,6,O04085,
M004303,D004303,2026-09-03 14:00:00,ISSUE,SKU003,B0210,L003,6,O04086,
M004304,D004304,2026-09-03 14:00:00,ISSUE,SKU005,B0212,L005,6,O04087,
M004305,D004305,2026-09-03 14:00:00,ISSUE,SKU006,B0213,L006,6,O04088,
M004306,D004306,2026-09-03 14:00:00,ISSUE,SKU008,B0169,L008,6,O04089,
M004307,D004307,2026-09-03 14:00:00,ISSUE,SKU009,B0189,L009,7,O04090,
M004308,D004308,2026-09-03 14:00:00,ISSUE,SKU021,B0161,L021,6,O04091,
M004309,D004309,2026-09-03 14:00:00,ISSUE,SKU023,B0178,L023,7,O04092,
M004310,D004310,2026-09-03 14:00:00,ISSUE,SKU027,B0150,L027,6,O04093,
M004311,D004311,2026-09-03 14:00:00,ISSUE,SKU001,B0208,L001,2,O04094,
M004312,D004312,2026-09-03 14:00:00,ISSUE,SKU002,B0209,L002,4,O04095,
M004313,D004313,2026-09-03 14:00:00,ISSUE,SKU003,B0210,L003,3,O04096,
M004314,D004314,2026-09-03 14:00:00,ISSUE,SKU004,B0211,L004,4,O04097,
M004315,D004315,2026-09-03 14:00:00,ISSUE,SKU005,B0212,L005,2,O04098,
M004316,D004316,2026-09-03 14:00:00,ISSUE,SKU006,B0213,L006,4,O04099,
M004317,D004317,2026-09-03 14:00:00,ISSUE,SKU013,B0218,L013,2,O04100,
M004318,D004318,2026-09-03 14:00:00,ISSUE,SKU014,B0190,L014,3,O04101,
M004319,D004319,2026-09-03 14:00:00,ISSUE,SKU016,B0220,L016,2,O04102,
M004320,D004320,2026-09-03 14:00:00,ISSUE,SKU018,B0202,L018,2,O04103,
M004321,D004321,2026-09-03 14:00:00,ISSUE,SKU024,B0134,L024,4,O04104,
M004322,D004322,2026-09-03 14:00:00,ISSUE,SKU025,B0180,L025,3,O04105,
M004323,D004323,2026-09-03 14:00:00,ISSUE,SKU027,B0150,L027,3,O04106,
M004324,D004324,2026-09-03 14:00:00,ISSUE,SKU027,B0192,L027,1,O04106,
M004325,D004325,2026-09-03 14:00:00,ISSUE,SKU028,B0151,L028,2,O04107,
M004326,D004326,2026-09-04 14:00:00,ISSUE,SKU001,B0208,L001,3,O04108,
M004327,D004327,2026-09-04 14:00:00,ISSUE,SKU004,B0211,L004,2,O04109,
M004328,D004328,2026-09-04 14:00:00,ISSUE,SKU006,B0213,L006,2,O04110,
M004329,D004329,2026-09-04 14:00:00,ISSUE,SKU012,B0143,L012,2,O04111,
M004330,D004330,2026-09-04 14:00:00,ISSUE,SKU013,B0218,L013,3,O04112,
M004331,D004331,2026-09-04 14:00:00,ISSUE,SKU014,B0190,L014,3,O04113,
M004332,D004332,2026-09-04 14:00:00,ISSUE,SKU016,B0220,L016,2,O04114,
M004333,D004333,2026-09-04 14:00:00,ISSUE,SKU017,B0201,L017,1,O04115,
M004334,D004334,2026-09-04 14:00:00,ISSUE,SKU029,B0029,L029,4,O04116,
M004335,D004335,2026-09-04 14:00:00,ISSUE,SKU003,B0210,L003,3,O04117,
M004336,D004336,2026-09-04 14:00:00,ISSUE,SKU004,B0211,L004,2,O04118,
M004337,D004337,2026-09-04 14:00:00,ISSUE,SKU012,B0143,L012,2,O04119,
M004338,D004338,2026-09-04 14:00:00,ISSUE,SKU020,B0177,L020,3,O04120,
M004339,D004339,2026-09-04 14:00:00,ISSUE,SKU022,B0191,L022,5,O04121,
M004340,D004340,2026-09-04 14:00:00,ISSUE,SKU027,B0192,L027,1,O04122,
M004341,D004341,2026-09-04 14:00:00,ISSUE,SKU001,B0208,L001,5,O04123,
M004342,D004342,2026-09-04 14:00:00,ISSUE,SKU003,B0210,L003,1,O04124,
M004343,D004343,2026-09-04 14:00:00,ISSUE,SKU004,B0211,L004,6,O04125,
M004344,D004344,2026-09-04 14:00:00,ISSUE,SKU005,B0212,L005,5,O04126,
M004345,D004345,2026-09-04 14:00:00,ISSUE,SKU007,B0214,L007,4,O04127,
M004346,D004346,2026-09-04 14:00:00,ISSUE,SKU013,B0218,L013,2,O04128,
M004347,D004347,2026-09-04 14:00:00,ISSUE,SKU015,B0200,L015,5,O04129,
M004348,D004348,2026-09-04 14:00:00,ISSUE,SKU016,B0220,L016,4,O04130,
M004349,D004349,2026-09-04 14:00:00,ISSUE,SKU017,B0201,L017,6,O04131,
M004350,D004350,2026-09-04 14:00:00,ISSUE,SKU020,B0177,L020,4,O04132,
M004351,D004351,2026-09-04 14:00:00,ISSUE,SKU022,B0191,L022,5,O04133,
M004352,D004352,2026-09-04 14:00:00,ISSUE,SKU028,B0151,L028,6,O04134,
M004353,D004353,2026-09-04 14:00:00,ISSUE,SKU001,B0208,L001,1,O04135,
M004354,D004354,2026-09-04 14:00:00,ISSUE,SKU002,B0209,L002,7,O04136,
M004355,D004355,2026-09-04 14:00:00,ISSUE,SKU004,B0211,L004,3,O04137,
M004356,D004356,2026-09-04 14:00:00,ISSUE,SKU008,B0169,L008,1,O04138,
M004357,D004357,2026-09-04 14:00:00,ISSUE,SKU013,B0218,L013,4,O04139,
M004358,D004358,2026-09-04 14:00:00,ISSUE,SKU016,B0220,L016,3,O04140,
M004359,D004359,2026-09-04 14:00:00,ISSUE,SKU017,B0201,L017,1,O04141,
M004360,D004360,2026-09-04 14:00:00,ISSUE,SKU021,B0161,L021,4,O04142,
M004361,D004361,2026-09-04 14:00:00,ISSUE,SKU002,B0209,L002,1,O04143,
M004362,D004362,2026-09-04 14:00:00,ISSUE,SKU004,B0211,L004,3,O04144,
M004363,D004363,2026-09-04 14:00:00,ISSUE,SKU005,B0212,L005,3,O04145,
M004364,D004364,2026-09-04 14:00:00,ISSUE,SKU006,B0213,L006,4,O04146,
M004365,D004365,2026-09-04 14:00:00,ISSUE,SKU008,B0169,L008,1,O04147,
M004366,D004366,2026-09-04 14:00:00,ISSUE,SKU012,B0143,L012,4,O04148,
M004367,D004367,2026-09-04 14:00:00,ISSUE,SKU014,B0190,L014,3,O04149,
M004368,D004368,2026-09-04 14:00:00,ISSUE,SKU015,B0200,L015,4,O04150,
M004369,D004369,2026-09-04 14:00:00,ISSUE,SKU017,B0201,L017,3,O04151,
M004370,D004370,2026-09-04 14:00:00,ISSUE,SKU024,B0134,L024,3,O04152,
M004371,D004371,2026-09-04 14:00:00,ISSUE,SKU025,B0180,L025,4,O04153,
M004372,D004372,2026-09-04 14:00:00,ISSUE,SKU027,B0192,L027,4,O04154,
M004373,D004373,2026-09-05 14:00:00,ISSUE,SKU002,B0209,L002,4,O04155,
M004374,D004374,2026-09-05 14:00:00,ISSUE,SKU003,B0210,L003,1,O04156,
M004375,D004375,2026-09-05 14:00:00,ISSUE,SKU004,B0211,L004,4,O04157,
M004376,D004376,2026-09-05 14:00:00,ISSUE,SKU006,B0213,L006,4,O04158,
M004377,D004377,2026-09-05 14:00:00,ISSUE,SKU007,B0214,L007,1,O04159,
M004378,D004378,2026-09-05 14:00:00,ISSUE,SKU016,B0220,L016,5,O04160,
M004379,D004379,2026-09-05 14:00:00,ISSUE,SKU018,B0202,L018,4,O04161,
M004380,D004380,2026-09-05 14:00:00,ISSUE,SKU022,B0191,L022,2,O04162,
M004381,D004381,2026-09-05 14:00:00,ISSUE,SKU023,B0178,L023,2,O04163,
M004382,D004382,2026-09-05 14:00:00,ISSUE,SKU027,B0192,L027,2,O04164,
M004383,D004383,2026-09-05 14:00:00,ISSUE,SKU005,B0212,L005,4,O04165,
M004384,D004384,2026-09-05 14:00:00,ISSUE,SKU007,B0214,L007,1,O04166,
M004385,D004385,2026-09-05 14:00:00,ISSUE,SKU008,B0169,L008,6,O04167,
M004386,D004386,2026-09-05 14:00:00,ISSUE,SKU011,B0159,L011,1,O04168,
M004387,D004387,2026-09-05 14:00:00,ISSUE,SKU012,B0143,L012,5,O04169,
M004388,D004388,2026-09-05 14:00:00,ISSUE,SKU015,B0200,L015,3,O04170,
M004389,D004389,2026-09-05 14:00:00,ISSUE,SKU016,B0220,L016,3,O04171,
M004390,D004390,2026-09-05 14:00:00,ISSUE,SKU018,B0202,L018,4,O04172,
M004391,D004391,2026-09-05 14:00:00,ISSUE,SKU021,B0161,L021,4,O04173,
M004392,D004392,2026-09-05 14:00:00,ISSUE,SKU026,B0181,L026,5,O04174,
M004393,D004393,2026-09-05 14:00:00,ISSUE,SKU003,B0210,L003,3,O04175,
M004394,D004394,2026-09-05 14:00:00,ISSUE,SKU005,B0212,L005,5,O04176,
M004395,D004395,2026-09-05 14:00:00,ISSUE,SKU007,B0214,L007,3,O04177,
M004396,D004396,2026-09-05 14:00:00,ISSUE,SKU011,B0159,L011,2,O04178,
M004397,D004397,2026-09-05 14:00:00,ISSUE,SKU015,B0200,L015,3,O04179,
M004398,D004398,2026-09-05 14:00:00,ISSUE,SKU016,B0220,L016,2,O04180,
M004399,D004399,2026-09-05 14:00:00,ISSUE,SKU018,B0202,L018,2,O04181,
M004400,D004400,2026-09-05 14:00:00,ISSUE,SKU019,B0147,L019,6,O04182,
M004401,D004401,2026-09-05 14:00:00,ISSUE,SKU023,B0178,L023,5,O04183,
M004402,D004402,2026-09-05 14:00:00,ISSUE,SKU028,B0151,L028,3,O04184,
M004403,D004403,2026-09-05 14:00:00,ISSUE,SKU002,B0209,L002,9,O04185,
M004404,D004404,2026-09-05 14:00:00,ISSUE,SKU003,B0210,L003,7,O04186,
M004405,D004405,2026-09-05 14:00:00,ISSUE,SKU006,B0213,L006,7,O04187,
M004406,D004406,2026-09-05 14:00:00,ISSUE,SKU011,B0159,L011,4,O04188,
M004407,D004407,2026-09-05 14:00:00,ISSUE,SKU013,B0218,L013,5,O04189,
M004408,D004408,2026-09-05 14:00:00,ISSUE,SKU017,B0201,L017,5,O04190,
M004409,D004409,2026-09-05 14:00:00,ISSUE,SKU018,B0202,L018,4,O04191,
M004410,D004410,2026-09-05 14:00:00,ISSUE,SKU019,B0147,L019,9,O04192,
M004411,D004411,2026-09-05 14:00:00,ISSUE,SKU021,B0161,L021,5,O04193,
M004412,D004412,2026-09-05 14:00:00,ISSUE,SKU022,B0191,L022,4,O04194,
M004413,D004413,2026-09-05 14:00:00,ISSUE,SKU001,B0208,L001,5,O04195,
M004414,D004414,2026-09-05 14:00:00,ISSUE,SKU004,B0211,L004,4,O04196,
M004415,D004415,2026-09-05 14:00:00,ISSUE,SKU006,B0213,L006,6,O04197,
M004416,D004416,2026-09-05 14:00:00,ISSUE,SKU008,B0169,L008,1,O04198,
M004417,D004417,2026-09-05 14:00:00,ISSUE,SKU013,B0218,L013,4,O04199,
M004418,D004418,2026-09-05 14:00:00,ISSUE,SKU014,B0190,L014,2,O04200,
M004419,D004419,2026-09-05 14:00:00,ISSUE,SKU014,B0219,L014,3,O04200,
M004420,D004420,2026-09-05 14:00:00,ISSUE,SKU016,B0220,L016,5,O04201,
M004421,D004421,2026-09-05 14:00:00,ISSUE,SKU020,B0177,L020,6,O04202,
M004422,D004422,2026-09-05 14:00:00,ISSUE,SKU021,B0161,L021,6,O04203,
M004423,D004423,2026-09-06 14:00:00,ISSUE,SKU001,B0208,L001,4,O04204,
M004424,D004424,2026-09-06 14:00:00,ISSUE,SKU003,B0210,L003,5,O04205,
M004425,D004425,2026-09-06 14:00:00,ISSUE,SKU008,B0169,L008,4,O04206,
M004426,D004426,2026-09-06 14:00:00,ISSUE,SKU009,B0189,L009,2,O04207,
M004427,D004427,2026-09-06 14:00:00,ISSUE,SKU009,B0158,L009,1,O04207,
M004428,D004428,2026-09-06 14:00:00,ISSUE,SKU011,B0159,L011,2,O04208,
M004429,D004429,2026-09-06 14:00:00,ISSUE,SKU012,B0143,L012,3,O04209,
M004430,D004430,2026-09-06 14:00:00,ISSUE,SKU014,B0219,L014,1,O04210,
M004431,D004431,2026-09-06 14:00:00,ISSUE,SKU015,B0200,L015,4,O04211,
M004432,D004432,2026-09-06 14:00:00,ISSUE,SKU020,B0177,L020,2,O04212,
M004433,D004433,2026-09-06 14:00:00,ISSUE,SKU020,B0050,L020,1,O04212,
M004434,D004434,2026-09-06 14:00:00,ISSUE,SKU023,B0178,L023,1,O04213,
M004435,D004435,2026-09-06 14:00:00,ISSUE,SKU027,B0192,L027,2,O04214,
M004436,D004436,2026-09-06 14:00:00,ISSUE,SKU001,B0208,L001,6,O04215,
M004437,D004437,2026-09-06 14:00:00,ISSUE,SKU002,B0209,L002,6,O04216,
M004438,D004438,2026-09-06 14:00:00,ISSUE,SKU003,B0210,L003,6,O04217,
M004439,D004439,2026-09-06 14:00:00,ISSUE,SKU004,B0211,L004,1,O04218,
M004440,D004440,2026-09-06 14:00:00,ISSUE,SKU005,B0212,L005,4,O04219,
M004441,D004441,2026-09-06 14:00:00,ISSUE,SKU006,B0213,L006,6,O04220,
M004442,D004442,2026-09-06 14:00:00,ISSUE,SKU007,B0214,L007,4,O04221,
M004443,D004443,2026-09-06 14:00:00,ISSUE,SKU009,B0158,L009,1,O04222,
M004444,D004444,2026-09-06 14:00:00,ISSUE,SKU015,B0200,L015,5,O04223,
M004445,D004445,2026-09-06 14:00:00,ISSUE,SKU017,B0201,L017,6,O04224,
M004446,D004446,2026-09-06 14:00:00,ISSUE,SKU023,B0178,L023,4,O04225,
M004447,D004447,2026-09-06 14:00:00,ISSUE,SKU024,B0134,L024,5,O04226,
M004448,D004448,2026-09-06 14:00:00,ISSUE,SKU028,B0151,L028,1,O04227,
M004449,D004449,2026-09-06 14:00:00,ISSUE,SKU028,B0193,L028,3,O04227,
M004450,D004450,2026-09-06 14:00:00,ISSUE,SKU029,B0029,L029,5,O04228,
M004451,D004451,2026-09-06 14:00:00,ISSUE,SKU002,B0209,L002,5,O04229,
M004452,D004452,2026-09-06 14:00:00,ISSUE,SKU003,B0210,L003,3,O04230,
M004453,D004453,2026-09-06 14:00:00,ISSUE,SKU004,B0211,L004,2,O04231,
M004454,D004454,2026-09-06 14:00:00,ISSUE,SKU006,B0213,L006,2,O04232,
M004455,D004455,2026-09-06 14:00:00,ISSUE,SKU008,B0169,L008,8,O04233,
M004456,D004456,2026-09-06 14:00:00,ISSUE,SKU009,B0158,L009,3,O04234,
M004457,D004457,2026-09-06 14:00:00,ISSUE,SKU011,B0159,L011,2,O04235,
M004458,D004458,2026-09-06 14:00:00,ISSUE,SKU014,B0219,L014,2,O04236,
M004459,D004459,2026-09-06 14:00:00,ISSUE,SKU015,B0200,L015,8,O04237,
M004460,D004460,2026-09-06 14:00:00,ISSUE,SKU017,B0201,L017,2,O04238,
M004461,D004461,2026-09-06 14:00:00,ISSUE,SKU021,B0161,L021,3,O04239,
M004462,D004462,2026-09-06 14:00:00,ISSUE,SKU024,B0134,L024,8,O04240,
M004463,D004463,2026-09-06 14:00:00,ISSUE,SKU026,B0181,L026,8,O04241,
M004464,D004464,2026-09-06 14:00:00,ISSUE,SKU001,B0208,L001,9,O04242,
M004465,D004465,2026-09-06 14:00:00,ISSUE,SKU002,B0209,L002,4,O04243,
M004466,D004466,2026-09-06 14:00:00,ISSUE,SKU003,B0210,L003,2,O04244,
M004467,D004467,2026-09-06 14:00:00,ISSUE,SKU013,B0218,L013,2,O04245,
M004468,D004468,2026-09-06 14:00:00,ISSUE,SKU014,B0219,L014,2,O04246,
M004469,D004469,2026-09-06 14:00:00,ISSUE,SKU015,B0200,L015,3,O04247,
M004470,D004470,2026-09-06 14:00:00,ISSUE,SKU015,B0160,L015,4,O04247,
M004471,D004471,2026-09-06 14:00:00,ISSUE,SKU017,B0201,L017,4,O04248,
M004472,D004472,2026-09-06 14:00:00,ISSUE,SKU021,B0161,L021,2,O04249,
M004473,D004473,2026-09-06 14:00:00,ISSUE,SKU024,B0134,L024,5,O04250,
M004474,D004474,2026-09-06 14:00:00,ISSUE,SKU026,B0181,L026,4,O04251,
M004475,D004475,2026-09-06 14:00:00,ISSUE,SKU028,B0193,L028,7,O04252,
M004476,D004476,2026-09-06 14:00:00,ISSUE,SKU001,B0208,L001,5,O04253,
M004477,D004477,2026-09-06 14:00:00,ISSUE,SKU002,B0209,L002,3,O04254,
M004478,D004478,2026-09-06 14:00:00,ISSUE,SKU002,B0164,L002,1,O04254,
M004479,D004479,2026-09-06 14:00:00,ISSUE,SKU003,B0210,L003,2,O04255,
M004480,D004480,2026-09-06 14:00:00,ISSUE,SKU007,B0214,L007,5,O04256,
M004481,D004481,2026-09-06 14:00:00,ISSUE,SKU008,B0169,L008,4,O04257,
M004482,D004482,2026-09-06 14:00:00,ISSUE,SKU013,B0218,L013,1,O04258,
M004483,D004483,2026-09-06 14:00:00,ISSUE,SKU014,B0219,L014,5,O04259,
M004484,D004484,2026-09-06 14:00:00,ISSUE,SKU015,B0160,L015,1,O04260,
M004485,D004485,2026-09-06 14:00:00,ISSUE,SKU017,B0201,L017,1,O04261,
M004486,D004486,2026-09-06 14:00:00,ISSUE,SKU022,B0191,L022,1,O04262,
M004487,D004487,2026-09-06 14:00:00,ISSUE,SKU025,B0180,L025,3,O04263,
M004488,D004488,2026-09-06 14:00:00,ISSUE,SKU025,B0207,L025,1,O04263,
M004489,D004489,2026-09-06 14:00:00,ISSUE,SKU026,B0181,L026,1,O04264,
