order_line_id,order_id,order_time,store_id,sku,requested_qty,promised_ship_time,actual_ship_time
O00001,ORD000S1,2026-06-09 10:00:00,S1,SKU002,1,2026-06-09 18:00:00,2026-06-09 14:00:00
O00002,ORD000S1,2026-06-09 10:00:00,S1,SKU004,1,2026-06-09 18:00:00,2026-06-09 14:00:00
O00003,ORD000S1,2026-06-09 10:00:00,S1,SKU017,2,2026-06-09 18:00:00,2026-06-09 14:00:00
O00004,ORD000S1,2026-06-09 10:00:00,S1,SKU022,1,2026-06-09 18:00:00,2026-06-09 14:00:00
O00005,ORD000S1,2026-06-09 10:00:00,S1,SKU026,2,2026-06-09 18:00:00,2026-06-09 14:00:00
O00006,ORD000S2,2026-06-09 10:00:00,S2,SKU001,3,2026-06-09 18:00:00,2026-06-09 14:00:00
O00007,ORD000S2,2026-06-09 10:00:00,S2,SKU002,5,2026-06-09 18:00:00,2026-06-09 14:00:00
O00008,ORD000S2,2026-06-09 10:00:00,S2,SKU003,4,2026-06-09 18:00:00,2026-06-09 14:00:00
O00009,ORD000S2,2026-06-09 10:00:00,S2,SKU004,1,2026-06-09 18:00:00,2026-06-09 14:00:00
O00010,ORD000S2,2026-06-09 10:00:00,S2,SKU005,3,2026-06-09 18:00:00,2026-06-09 14:00:00
O00011,ORD000S2,2026-06-09 10:00:00,S2,SKU011,1,2026-06-09 18:00:00,2026-06-09 14:00:00
O00012,ORD000S2,2026-06-09 10:00:00,S2,SKU024,1,2026-06-09 18:00:00,2026-06-09 14:00:00
O00013,ORD000S2,2026-06-09 10:00:00,S2,SKU025,1,2026-06-09 18:00:00,2026-06-09 14:00:00
O00014,ORD000S2,2026-06-09 10:00:00,S2,SKU027,5,2026-06-09 18:00:00,2026-06-09 14:00:00
O00015,ORD000S3,2026-06-09 10:00:00,S3,SKU003,6,2026-06-09 18:00:00,2026-06-09 14:00:00
O00016,ORD000S3,2026-06-09 10:00:00,S3,SKU005,2,2026-06-09 18:00:00,2026-06-09 14:00:00
O00017,ORD000S3,2026-06-09 10:00:00,S3,SKU007,2,2026-06-09 18:00:00,2026-06-09 14:00:00
O00018,ORD000S3,2026-06-09 10:00:00,S3,SKU018,1,2026-06-09 18:00:00,2026-06-09 14:00:00
O00019,ORD000S3,2026-06-09 10:00:00,S3,SKU019,6,2026-06-09 18:00:00,2026-06-09 14:00:00
O00020,ORD000S3,2026-06-09 10:00:00,S3,SKU027,5,2026-06-09 18:00:00,2026-06-09 14:00:00
O00021,ORD000S4,2026-06-09 10:00:00,S4,SKU003,3,2026-06-09 18:00:00,2026-06-09 14:00:00
O00022,ORD000S4,2026-06-09 10:00:00,S4,SKU004,4,2026-06-09 18:00:00,2026-06-09 14:00:00
O00023,ORD000S4,2026-06-09 10:00:00,S4,SKU006,4,2026-06-09 18:00:00,2026-06-09 14:00:00
O00024,ORD000S4,2026-06-09 10:00:00,S4,SKU011,4,2026-06-09 18:00:00,2026-06-09 14:00:00
O00025,ORD000S4,2026-06-09 10:00:00,S4,SKU016,4,2026-06-09 18:00:00,2026-06-09 14:00:00
O00026,ORD000S4,2026-06-09 10:00:00,S4,SKU019,6,2026-06-09 18:00:00,2026-06-09 14:00:00
O00027,ORD000S5,2026-06-09 10:00:00,S5,SKU003,4,2026-06-09 18:00:00,2026-06-09 14:00:00
O00028,ORD000S5,2026-06-09 10:00:00,S5,SKU004,4,2026-06-09 18:00:00,2026-06-09 14:00:00
O00029,ORD000S5,2026-06-09 10:00:00,S5,SKU005,2,2026-06-09 18:00:00,2026-06-09 14:00:00
O00030,ORD000S5,2026-06-09 10:00:00,S5,SKU006,3,2026-06-09 18:00:00,2026-06-09 14:00:00
O00031,ORD000S5,2026-06-09 10:00:00,S5,SKU011,4,2026-06-09 18:00:00,2026-06-09 14:00:00
O00032,ORD000S5,2026-06-09 10:00:00,S5,SKU012,1,2026-06-09 18:00:00,2026-06-09 14:00:00
O00033,ORD000S5,2026-06-09 10:00:00,S5,SKU014,1,2026-06-09 18:00:00,2026-06-09 14:00:00
O00034,ORD000S5,2026-06-09 10:00:00,S5,SKU016,2,2026-06-09 18:00:00,2026-06-09 14:00:00
O00035,ORD000S5,2026-06-09 10:00:00,S5,SKU023,4,2026-06-09 18:00:00,2026-06-09 14:00:00
O00036,ORD000S5,2026-06-09 10:00:00,S5,SKU024,2,2026-06-09 18:00:00,2026-06-09 14:00:00
O00037,ORD000S5,2026-06-09 10:00:00,S5,SKU025,4,2026-06-09 18:00:00,2026-06-09 14:00:00
O00038,ORD000S5,2026-06-09 10:00:00,S5,SKU028,3,2026-06-09 18:00:00,2026-06-09 14:00:00
O00039,ORD001S1,2026-06-10 10:00:00,S1,SKU001,4,2026-06-10 18:00:00,2026-06-10 14:00:00
O00040,ORD001S1,2026-06-10 10:00:00,S1,SKU003,4,2026-06-10 18:00:00,2026-06-10 14:00:00
O00041,ORD001S1,2026-06-10 10:00:00,S1,SKU004,3,2026-06-10 18:00:00,2026-06-10 14:00:00
O00042,ORD001S1,2026-06-10 10:00:00,S1,SKU006,3,2026-06-10 18:00:00,2026-06-10 14:00:00
O00043,ORD001S1,2026-06-10 10:00:00,S1,SKU014,3,2026-06-10 18:00:00,2026-06-10 14:00:00
O00044,ORD001S1,2026-06-10 10:00:00,S1,SKU015,2,2026-06-10 18:00:00,2026-06-10 14:00:00
O00045,ORD001S1,2026-06-10 10:00:00,S1,SKU019,2,2026-06-10 18:00:00,2026-06-10 14:00:00
O00046,ORD001S1,2026-06-10 10:00:00,S1,SKU022,2,2026-06-10 18:00:00,2026-06-10 14:00:00
O00047,ORD001S1,2026-06-10 10:00:00,S1,SKU023,2,2026-06-10 18:00:00,2026-06-10 14:00:00
O00048,ORD001S1,2026-06-10 10:00:00,S1,SKU025,1,2026-06-10 18:00:00,2026-06-10 14:00:00
O00049,ORD001S1,2026-06-10 10:00:00,S1,SKU028,3,2026-06-10 18:00:00,2026-06-10 14:00:00
O00050,ORD001S2,2026-06-10 10:00:00,S2,SKU001,2,2026-06-10 18:00:00,2026-06-10 14:00:00
O00051,ORD001S2,2026-06-10 10:00:00,S2,SKU002,4,2026-06-10 18:00:00,2026-06-10 14:00:00
O00052,ORD001S2,2026-06-10 10:00:00,S2,SKU003,1,2026-06-10 18:00:00,2026-06-10 14:00:00
O00053,ORD001S2,2026-06-10 10:00:00,S2,SKU006,5,2026-06-10 18:00:00,2026-06-10 14:00:00
O00054,ORD001S2,2026-06-10 10:00:00,S2,SKU011,4,2026-06-10 18:00:00,2026-06-10 14:00:00
O00055,ORD001S2,2026-06-10 10:00:00,S2,SKU016,1,2026-06-10 18:00:00,2026-06-10 14:00:00
O00056,ORD001S2,2026-06-10 10:00:00,S2,SKU017,1,2026-06-10 18:00:00,2026-06-10 14:00:00
O00057,ORD001S3,2026-06-10 10:00:00,S3,SKU001,1,2026-06-10 18:00:00,2026-06-10 14:00:00
O00058,ORD001S3,2026-06-10 10:00:00,S3,SKU003,5,2026-06-10 18:00:00,2026-06-10 14:00:00
O00059,ORD001S3,2026-06-10 10:00:00,S3,SKU012,5,2026-06-10 18:00:00,2026-06-10 14:00:00
O00060,ORD001S3,2026-06-10 10:00:00,S3,SKU015,5,2026-06-10 18:00:00,2026-06-10 14:00:00
O00061,ORD001S3,2026-06-10 10:00:00,S3,SKU017,4,2026-06-10 18:00:00,2026-06-10 14:00:00
O00062,ORD001S3,2026-06-10 10:00:00,S3,SKU018,2,2026-06-10 18:00:00,2026-06-10 14:00:00
O00063,ORD001S3,2026-06-10 10:00:00,S3,SKU019,6,2026-06-10 18:00:00,2026-06-10 14:00:00
O00064,ORD001S3,2026-06-10 10:00:00,S3,SKU025,6,2026-06-10 18:00:00,2026-06-10 14:00:00
O00065,ORD001S3,2026-06-10 10:00:00,S3,SKU027,2,2026-06-10 18:00:00,2026-06-10 14:00:00
O00066,ORD001S3,2026-06-10 10:00:00,S3,SKU028,1,2026-06-10 18:00:00,2026-06-10 14:00:00
O00067,ORD001S4,2026-06-10 10:00:00,S4,SKU001,3,2026-06-10 18:00:00,2026-06-10 14:00:00
O00068,ORD001S4,2026-06-10 10:00:00,S4,SKU004,6,2026-06-10 18:00:00,2026-06-10 14:00:00
O00069,ORD001S4,2026-06-10 10:00:00,S4,SKU011,1,2026-06-10 18:00:00,2026-06-10 14:00:00
O00070,ORD001S4,2026-06-10 10:00:00,S4,SKU016,3,2026-06-10 18:00:00,2026-06-10 14:00:00
O00071,ORD001S4,2026-06-10 10:00:00,S4,SKU019,1,2026-06-10 18:00:00,2026-06-10 14:00:00
O00072,ORD001S4,2026-06-10 10:00:00,S4,SKU020,1,2026-06-10 18:00:00,2026-06-10 14:00:00
O00073,ORD001S4,2026-06-10 10:00:00,S4,SKU021,1,2026-06-10 18:00:00,2026-06-10 14:00:00
O00074,ORD001S4,2026-06-10 10:00:00,S4,SKU024,7,2026-06-10 18:00:00,2026-06-10 14:00:00
O00075,ORD001S5,2026-06-10 10:00:00,S5,SKU001,1,2026-06-10 18:00:00,2026-06-10 14:00:00
O00076,ORD001S5,2026-06-10 10:00:00,S5,SKU005,3,2026-06-10 18:00:00,2026-06-10 14:00:00
O00077,ORD001S5,2026-06-10 10:00:00,S5,SKU008,1,2026-06-10 18:00:00,2026-06-10 14:00:00
O00078,ORD001S5,2026-06-10 10:00:00,S5,SKU009,3,2026-06-10 18:00:00,2026-06-10 14:00:00
O00079,ORD001S5,2026-06-10 10:00:00,S5,SKU013,4,2026-06-10 18:00:00,2026-06-10 14:00:00
O00080,ORD001S5,2026-06-10 10:00:00,S5,SKU014,2,2026-06-10 18:00:00,2026-06-10 14:00:00
O00081,ORD001S5,2026-06-10 10:00:00,S5,SKU018,1,2026-06-10 18:00:00,2026-06-10 14:00:00
O00082,ORD001S5,2026-06-10 10:00:00,S5,SKU020,4,2026-06-10 18:00:00,2026-06-10 14:00:00
O00083,ORD001S5,2026-06-10 10:00:00,S5,SKU022,4,2026-06-10 18:00:00,2026-06-10 14:00:00
O00084,ORD001S5,2026-06-10 10:00:00,S5,SKU024,3,2026-06-10 18:00:00,2026-06-10 14:00:00
O00085,ORD001S5,2026-06-10 10:00:00,S5,SKU028,4,2026-06-10 18:00:00,2026-06-10 14:00:00
O00086,ORD002S1,2026-06-11 10:00:00,S1,SKU002,2,2026-06-11 18:00:00,2026-06-11 14:00:00
O00087,ORD002S1,2026-06-11 10:00:00,S1,SKU003,1,2026-06-11 18:00:00,2026-06-11 14:00:00
O00088,ORD002S1,2026-06-11 10:00:00,S1,SKU004,4,2026-06-11 18:00:00,2026-06-11 14:00:00
O00089,ORD002S1,2026-06-11 10:00:00,S1,SKU005,2,2026-06-11 18:00:00,2026-06-11 14:00:00
O00090,ORD002S1,2026-06-11 10:00:00,S1,SKU007,4,2026-06-11 18:00:00,2026-06-11 14:00:00
O00091,ORD002S1,2026-06-11 10:00:00,S1,SKU016,2,2026-06-11 18:00:00,2026-06-11 14:00:00
O00092,ORD002S1,2026-06-11 10:00:00,S1,SKU018,1,2026-06-11 18:00:00,2026-06-11 14:00:00
O00093,ORD002S1,2026-06-11 10:00:00,S1,SKU019,4,2026-06-11 18:00:00,2026-06-11 14:00:00
O00094,ORD002S1,2026-06-11 10:00:00,S1,SKU020,4,2026-06-11 18:00:00,2026-06-11 14:00:00
O00095,ORD002S1,2026-06-11 10:00:00,S1,SKU023,2,2026-06-11 18:00:00,2026-06-11 14:00:00
O00096,ORD002S2,2026-06-11 10:00:00,S2,SKU001,3,2026-06-11 18:00:00,2026-06-11 14:00:00
O00097,ORD002S2,2026-06-11 10:00:00,S2,SKU003,1,2026-06-11 18:00:00,2026-06-11 14:00:00
O00098,ORD002S2,2026-06-11 10:00:00,S2,SKU004,1,2026-06-11 18:00:00,2026-06-11 14:00:00
O00099,ORD002S2,2026-06-11 10:00:00,S2,SKU014,1,2026-06-11 18:00:00,2026-06-11 14:00:00
O00100,ORD002S2,2026-06-11 10:00:00,S2,SKU019,3,2026-06-11 18:00:00,2026-06-11 14:00:00
O00101,ORD002S2,2026-06-11 10:00:00,S2,SKU022,3,2026-06-11 18:00:00,2026-06-11 14:00:00
O00102,ORD002S2,2026-06-11 10:00:00,S2,SKU024,2,2026-06-11 18:00:00,2026-06-11 14:00:00
O00103,ORD002S2,2026-06-11 10:00:00,S2,SKU025,2,2026-06-11 18:00:00,2026-06-11 14:00:00
O00104,ORD002S2,2026-06-11 10:00:00,S2,SKU026,2,2026-06-11 18:00:00,2026-06-11 14:00:00
O00105,ORD002S3,2026-06-11 10:00:00,S3,SKU001,1,2026-06-11 18:00:00,2026-06-11 14:00:00
O00106,ORD002S3,2026-06-11 10:00:00,S3,SKU002,4,2026-06-11 18:00:00,2026-06-11 14:00:00
O00107,ORD002S3,2026-06-11 10:00:00,S3,SKU003,6,2026-06-11 18:00:00,2026-06-11 14:00:00
O00108,ORD002S3,2026-06-11 10:00:00,S3,SKU004,2,2026-06-11 18:00:00,2026-06-11 14:00:00
O00109,ORD002S3,2026-06-11 10:00:00,S3,SKU009,4,2026-06-11 18:00:00,2026-06-11 14:00:00
O00110,ORD002S3,2026-06-11 10:00:00,S3,SKU011,2,2026-06-11 18:00:00,2026-06-11 14:00:00
O00111,ORD002S3,2026-06-11 10:00:00,S3,SKU014,1,2026-06-11 18:00:00,2026-06-11 14:00:00
O00112,ORD002S3,2026-06-11 10:00:00,S3,SKU021,2,2026-06-11 18:00:00,2026-06-11 14:00:00
O00113,ORD002S3,2026-06-11 10:00:00,S3,SKU022,4,2026-06-11 18:00:00,2026-06-11 14:00:00
O00114,ORD002S3,2026-06-11 10:00:00,S3,SKU023,4,2026-06-11 18:00:00,2026-06-11 14:00:00
O00115,ORD002S3,2026-06-11 10:00:00,S3,SKU025,4,2026-06-11 18:00:00,2026-06-11 14:00:00
O00116,ORD002S3,2026-06-11 10:00:00,S3,SKU027,6,2026-06-11 18:00:00,2026-06-11 14:00:00
O00117,ORD002S3,2026-06-11 10:00:00,S3,SKU028,1,2026-06-11 18:00:00,2026-06-11 14:00:00
O00118,ORD002S4,2026-06-11 10:00:00,S4,SKU001,3,2026-06-11 18:00:00,2026-06-11 14:00:00
O00119,ORD002S4,2026-06-11 10:00:00,S4,SKU002,3,2026-06-11 18:00:00,2026-06-11 14:00:00
O00120,ORD002S4,2026-06-11 10:00:00,S4,SKU004,3,2026-06-11 18:00:00,2026-06-11 14:00:00
O00121,ORD002S4,2026-06-11 10:00:00,S4,SKU005,7,2026-06-11 18:00:00,2026-06-11 14:00:00
O00122,ORD002S4,2026-06-11 10:00:00,S4,SKU006,3,2026-06-11 18:00:00,2026-06-11 14:00:00
O00123,ORD002S4,2026-06-11 10:00:00,S4,SKU008,3,2026-06-11 18:00:00,2026-06-11 14:00:00
O00124,ORD002S4,2026-06-11 10:00:00,S4,SKU009,3,2026-06-11 18:00:00,2026-06-11 14:00:00
O00125,ORD002S4,2026-06-11 10:00:00,S4,SKU011,4,2026-06-11 18:00:00,2026-06-11 14:00:00
O00126,ORD002S4,2026-06-11 10:00:00,S4,SKU014,1,2026-06-11 18:00:00,2026-06-11 14:00:00
O00127,ORD002S4,2026-06-11 10:00:00,S4,SKU016,6,2026-06-11 18:00:00,2026-06-11 14:00:00
O00128,ORD002S4,2026-06-11 10:00:00,S4,SKU020,1,2026-06-11 18:00:00,2026-06-11 14:00:00
O00129,ORD002S4,2026-06-11 10:00:00,S4,SKU021,6,2026-06-11 18:00:00,2026-06-11 14:00:00
O00130,ORD002S4,2026-06-11 10:00:00,S4,SKU022,7,2026-06-11 18:00:00,2026-06-11 14:00:00
O00131,ORD002S4,2026-06-11 10:00:00,S4,SKU025,7,2026-06-11 18:00:00,2026-06-11 14:00:00
O00132,ORD002S4,2026-06-11 10:00:00,S4,SKU026,3,2026-06-11 18:00:00,2026-06-11 14:00:00
O00133,ORD002S4,2026-06-11 10:00:00,S4,SKU028,7,2026-06-11 18:00:00,2026-06-11 14:00:00
O00134,ORD002S5,2026-06-11 10:00:00,S5,SKU001,1,2026-06-11 18:00:00,2026-06-11 14:00:00
O00135,ORD002S5,2026-06-11 10:00:00,S5,SKU003,4,2026-06-11 18:00:00,2026-06-11 14:00:00
O00136,ORD002S5,2026-06-11 10:00:00,S5,SKU004,3,2026-06-11 18:00:00,2026-06-11 14:00:00
O00137,ORD002S5,2026-06-11 10:00:00,S5,SKU007,3,2026-06-11 18:00:00,2026-06-11 14:00:00
O00138,ORD002S5,2026-06-11 10:00:00,S5,SKU012,4,2026-06-11 18:00:00,2026-06-11 14:00:00
O00139,ORD002S5,2026-06-11 10:00:00,S5,SKU013,2,2026-06-11 18:00:00,2026-06-11 14:00:00
O00140,ORD002S5,2026-06-11 10:00:00,S5,SKU017,1,2026-06-11 18:00:00,2026-06-11 14:00:00
O00141,ORD002S5,2026-06-11 10:00:00,S5,SKU019,4,2026-06-11 18:00:00,2026-06-11 14:00:00
O00142,ORD002S5,2026-06-11 10:00:00,S5,SKU021,4,2026-06-11 18:00:00,2026-06-11 14:00:00
O00143,ORD002S5,2026-06-11 10:00:00,S5,SKU027,1,2026-06-11 18:00:00,2026-06-11 14:00:00
O00144,ORD003S1,2026-06-12 10:00:00,S1,SKU001,1,2026-06-12 18:00:00,2026-06-12 14:00:00
O00145,ORD003S1,2026-06-12 10:00:00,S1,SKU003,2,2026-06-12 18:00:00,2026-06-12 14:00:00
O00146,ORD003S1,2026-06-12 10:00:00,S1,SKU004,2,2026-06-12 18:00:00,2026-06-12 14:00:00
O00147,ORD003S1,2026-06-12 10:00:00,S1,SKU006,1,2026-06-12 18:00:00,2026-06-12 14:00:00
O00148,ORD003S1,2026-06-12 10:00:00,S1,SKU011,2,2026-06-12 18:00:00,2026-06-12 14:00:00
O00149,ORD003S1,2026-06-12 10:00:00,S1,SKU021,2,2026-06-12 18:00:00,2026-06-12 14:00:00
O00150,ORD003S1,2026-06-12 10:00:00,S1,SKU026,3,2026-06-12 18:00:00,2026-06-12 14:00:00
O00151,ORD003S1,2026-06-12 10:00:00,S1,SKU027,1,2026-06-12 18:00:00,2026-06-12 14:00:00
O00152,ORD003S2,2026-06-12 10:00:00,S2,SKU001,1,2026-06-12 18:00:00,2026-06-12 14:00:00
O00153,ORD003S2,2026-06-12 10:00:00,S2,SKU002,2,2026-06-12 18:00:00,2026-06-12 14:00:00
O00154,ORD003S2,2026-06-12 10:00:00,S2,SKU003,4,2026-06-12 18:00:00,2026-06-12 14:00:00
O00155,ORD003S2,2026-06-12 10:00:00,S2,SKU005,4,2026-06-12 18:00:00,2026-06-12 14:00:00
O00156,ORD003S2,2026-06-12 10:00:00,S2,SKU006,3,2026-06-12 18:00:00,2026-06-12 14:00:00
O00157,ORD003S2,2026-06-12 10:00:00,S2,SKU016,4,2026-06-12 18:00:00,2026-06-12 14:00:00
O00158,ORD003S2,2026-06-12 10:00:00,S2,SKU017,4,2026-06-12 18:00:00,2026-06-12 14:00:00
O00159,ORD003S2,2026-06-12 10:00:00,S2,SKU020,1,2026-06-12 18:00:00,2026-06-12 14:00:00
O00160,ORD003S2,2026-06-12 10:00:00,S2,SKU022,1,2026-06-12 18:00:00,2026-06-12 14:00:00
O00161,ORD003S2,2026-06-12 10:00:00,S2,SKU028,2,2026-06-12 18:00:00,2026-06-12 14:00:00
O00162,ORD003S3,2026-06-12 10:00:00,S3,SKU001,6,2026-06-12 18:00:00,2026-06-12 14:00:00
O00163,ORD003S3,2026-06-12 10:00:00,S3,SKU006,6,2026-06-12 18:00:00,2026-06-12 14:00:00
O00164,ORD003S3,2026-06-12 10:00:00,S3,SKU016,4,2026-06-12 18:00:00,2026-06-12 14:00:00
O00165,ORD003S3,2026-06-12 10:00:00,S3,SKU020,1,2026-06-12 18:00:00,2026-06-12 14:00:00
O00166,ORD003S3,2026-06-12 10:00:00,S3,SKU022,1,2026-06-12 18:00:00,2026-06-12 14:00:00
O00167,ORD003S4,2026-06-12 10:00:00,S4,SKU001,3,2026-06-12 18:00:00,2026-06-12 14:00:00
O00168,ORD003S4,2026-06-12 10:00:00,S4,SKU002,4,2026-06-12 18:00:00,2026-06-12 14:00:00
O00169,ORD003S4,2026-06-12 10:00:00,S4,SKU003,1,2026-06-12 18:00:00,2026-06-12 14:00:00
O00170,ORD003S4,2026-06-12 10:00:00,S4,SKU004,3,2026-06-12 18:00:00,2026-06-12 14:00:00
O00171,ORD003S4,2026-06-12 10:00:00,S4,SKU005,6,2026-06-12 18:00:00,2026-06-12 14:00:00
O00172,ORD003S4,2026-06-12 10:00:00,S4,SKU008,7,2026-06-12 18:00:00,2026-06-12 14:00:00
O00173,ORD003S4,2026-06-12 10:00:00,S4,SKU011,4,2026-06-12 18:00:00,2026-06-12 14:00:00
O00174,ORD003S4,2026-06-12 10:00:00,S4,SKU016,7,2026-06-12 18:00:00,2026-06-12 14:00:00
O00175,ORD003S4,2026-06-12 10:00:00,S4,SKU021,1,2026-06-12 18:00:00,2026-06-12 14:00:00
O00176,ORD003S4,2026-06-12 10:00:00,S4,SKU022,6,2026-06-12 18:00:00,2026-06-12 14:00:00
O00177,ORD003S4,2026-06-12 10:00:00,S4,SKU024,1,2026-06-12 18:00:00,2026-06-12 14:00:00
O00178,ORD003S4,2026-06-12 10:00:00,S4,SKU026,3,2026-06-12 18:00:00,2026-06-12 14:00:00
O00179,ORD003S4,2026-06-12 10:00:00,S4,SKU027,1,2026-06-12 18:00:00,2026-06-12 14:00:00
O00180,ORD003S5,2026-06-12 10:00:00,S5,SKU001,4,2026-06-12 18:00:00,2026-06-12 14:00:00
O00181,ORD003S5,2026-06-12 10:00:00,S5,SKU003,3,2026-06-12 18:00:00,2026-06-12 14:00:00
O00182,ORD003S5,2026-06-12 10:00:00,S5,SKU006,1,2026-06-12 18:00:00,2026-06-12 14:00:00
O00183,ORD003S5,2026-06-12 10:00:00,S5,SKU012,1,2026-06-12 18:00:00,2026-06-12 14:00:00
O00184,ORD003S5,2026-06-12 10:00:00,S5,SKU016,3,2026-06-12 18:00:00,2026-06-12 14:00:00
O00185,ORD003S5,2026-06-12 10:00:00,S5,SKU017,4,2026-06-12 18:00:00,2026-06-12 14:00:00
O00186,ORD003S5,2026-06-12 10:00:00,S5,SKU021,4,2026-06-12 18:00:00,2026-06-12 14:00:00
O00187,ORD003S5,2026-06-12 10:00:00,S5,SKU022,4,2026-06-12 18:00:00,2026-06-12 14:00:00
O00188,ORD003S5,2026-06-12 10:00:00,S5,SKU026,1,2026-06-12 18:00:00,2026-06-12 14:00:00
O00189,ORD003S5,2026-06-12 10:00:00,S5,SKU027,3,2026-06-12 18:00:00,2026-06-12 14:00:00
O00190,ORD004S1,2026-06-13 10:00:00,S1,SKU001,1,2026-06-13 18:00:00,2026-06-13 14:00:00
O00191,ORD004S1,2026-06-13 10:00:00,S1,SKU002,2,2026-06-13 18:00:00,2026-06-13 14:00:00
O00192,ORD004S1,2026-06-13 10:00:00,S1,SKU003,5,2026-06-13 18:00:00,2026-06-13 14:00:00
O00193,ORD004S1,2026-06-13 10:00:00,S1,SKU004,1,2026-06-13 18:00:00,2026-06-13 14:00:00
O00194,ORD004S1,2026-06-13 10:00:00,S1,SKU008,5,2026-06-13 18:00:00,2026-06-13 14:00:00
O00195,ORD004S1,2026-06-13 10:00:00,S1,SKU009,2,2026-06-13 18:00:00,2026-06-13 14:00:00
O00196,ORD004S1,2026-06-13 10:00:00,S1,SKU011,4,2026-06-13 18:00:00,2026-06-13 14:00:00
O00197,ORD004S1,2026-06-13 10:00:00,S1,SKU014,1,2026-06-13 18:00:00,2026-06-13 14:00:00
O00198,ORD004S1,2026-06-13 10:00:00,S1,SKU016,5,2026-06-13 18:00:00,2026-06-13 14:00:00
O00199,ORD004S1,2026-06-13 10:00:00,S1,SKU026,1,2026-06-13 18:00:00,2026-06-13 14:00:00
O00200,ORD004S1,2026-06-13 10:00:00,S1,SKU027,1,2026-06-13 18:00:00,2026-06-13 14:00:00
O00201,ORD004S2,2026-06-13 10:00:00,S2,SKU001,4,2026-06-13 18:00:00,2026-06-13 14:00:00
O00202,ORD004S2,2026-06-13 10:00:00,S2,SKU002,1,2026-06-13 18:00:00,2026-06-13 14:00:00
O00203,ORD004S2,2026-06-13 10:00:00,S2,SKU004,3,2026-06-13 18:00:00,2026-06-13 14:00:00
O00204,ORD004S2,2026-06-13 10:00:00,S2,SKU008,4,2026-06-13 18:00:00,2026-06-13 14:00:00
O00205,ORD004S2,2026-06-13 10:00:00,S2,SKU012,5,2026-06-13 18:00:00,2026-06-13 14:00:00
O00206,ORD004S2,2026-06-13 10:00:00,S2,SKU017,4,2026-06-13 18:00:00,2026-06-13 14:00:00
O00207,ORD004S2,2026-06-13 10:00:00,S2,SKU018,3,2026-06-13 18:00:00,2026-06-13 14:00:00
O00208,ORD004S2,2026-06-13 10:00:00,S2,SKU025,5,2026-06-13 18:00:00,2026-06-13 14:00:00
O00209,ORD004S2,2026-06-13 10:00:00,S2,SKU028,5,2026-06-13 18:00:00,2026-06-13 14:00:00
O00210,ORD004S3,2026-06-13 10:00:00,S3,SKU004,3,2026-06-13 18:00:00,2026-06-13 14:00:00
O00211,ORD004S3,2026-06-13 10:00:00,S3,SKU005,8,2026-06-13 18:00:00,2026-06-13 14:00:00
O00212,ORD004S3,2026-06-13 10:00:00,S3,SKU006,6,2026-06-13 18:00:00,2026-06-13 14:00:00
O00213,ORD004S3,2026-06-13 10:00:00,S3,SKU007,2,2026-06-13 18:00:00,2026-06-13 14:00:00
O00214,ORD004S3,2026-06-13 10:00:00,S3,SKU017,3,2026-06-13 18:00:00,2026-06-13 14:00:00
O00215,ORD004S3,2026-06-13 10:00:00,S3,SKU018,5,2026-06-13 18:00:00,2026-06-13 14:00:00
O00216,ORD004S3,2026-06-13 10:00:00,S3,SKU024,2,2026-06-13 18:00:00,2026-06-13 14:00:00
O00217,ORD004S3,2026-06-13 10:00:00,S3,SKU026,8,2026-06-13 18:00:00,2026-06-13 14:00:00
O00218,ORD004S3,2026-06-13 10:00:00,S3,SKU027,3,2026-06-13 18:00:00,2026-06-13 14:00:00
O00219,ORD004S4,2026-06-13 10:00:00,S4,SKU004,9,2026-06-13 18:00:00,2026-06-13 14:00:00
O00220,ORD004S4,2026-06-13 10:00:00,S4,SKU005,9,2026-06-13 18:00:00,2026-06-13 14:00:00
O00221,ORD004S4,2026-06-13 10:00:00,S4,SKU006,7,2026-06-13 18:00:00,2026-06-13 14:00:00
O00222,ORD004S4,2026-06-13 10:00:00,S4,SKU015,4,2026-06-13 18:00:00,2026-06-13 14:00:00
O00223,ORD004S4,2026-06-13 10:00:00,S4,SKU020,9,2026-06-13 18:00:00,2026-06-13 14:00:00
O00224,ORD004S4,2026-06-13 10:00:00,S4,SKU022,2,2026-06-13 18:00:00,2026-06-13 14:00:00
O00225,ORD004S4,2026-06-13 10:00:00,S4,SKU023,9,2026-06-13 18:00:00,2026-06-13 14:00:00
O00226,ORD004S4,2026-06-13 10:00:00,S4,SKU024,4,2026-06-13 18:00:00,2026-06-13 14:00:00
O00227,ORD004S4,2026-06-13 10:00:00,S4,SKU025,5,2026-06-13 18:00:00,2026-06-13 14:00:00
O00228,ORD004S4,2026-06-13 10:00:00,S4,SKU027,4,2026-06-13 18:00:00,2026-06-13 14:00:00
O00229,ORD004S5,2026-06-13 10:00:00,S5,SKU001,5,2026-06-13 18:00:00,2026-06-13 14:00:00
O00230,ORD004S5,2026-06-13 10:00:00,S5,SKU003,5,2026-06-13 18:00:00,2026-06-13 14:00:00
O00231,ORD004S5,2026-06-13 10:00:00,S5,SKU004,5,2026-06-13 18:00:00,2026-06-13 14:00:00
O00232,ORD004S5,2026-06-13 10:00:00,S5,SKU005,6,2026-06-13 18:00:00,2026-06-13 14:00:00
O00233,ORD004S5,2026-06-13 10:00:00,S5,SKU013,2,2026-06-13 18:00:00,2026-06-13 14:00:00
O00234,ORD004S5,2026-06-13 10:00:00,S5,SKU020,6,2026-06-13 18:00:00,2026-06-13 14:00:00
O00235,ORD004S5,2026-06-13 10:00:00,S5,SKU024,4,2026-06-13 18:00:00,2026-06-13 14:00:00
O00236,ORD004S5,2026-06-13 10:00:00,S5,SKU027,1,2026-06-13 18:00:00,2026-06-13 14:00:00
O00237,ORD004S5,2026-06-13 10:00:00,S5,SKU028,6,2026-06-13 18:00:00,2026-06-13 14:00:00
O00238,ORD005S1,2026-06-14 10:00:00,S1,SKU001,4,2026-06-14 18:00:00,2026-06-14 14:00:00
O00239,ORD005S1,2026-06-14 10:00:00,S1,SKU002,3,2026-06-14 18:00:00,2026-06-14 14:00:00
O00240,ORD005S1,2026-06-14 10:00:00,S1,SKU003,5,2026-06-14 18:00:00,2026-06-14 14:00:00
O00241,ORD005S1,2026-06-14 10:00:00,S1,SKU004,1,2026-06-14 18:00:00,2026-06-14 14:00:00
O00242,ORD005S1,2026-06-14 10:00:00,S1,SKU005,5,2026-06-14 18:00:00,2026-06-14 14:00:00
O00243,ORD005S1,2026-06-14 10:00:00,S1,SKU009,3,2026-06-14 18:00:00,2026-06-14 14:00:00
O00244,ORD005S1,2026-06-14 10:00:00,S1,SKU012,4,2026-06-14 18:00:00,2026-06-14 14:00:00
O00245,ORD005S1,2026-06-14 10:00:00,S1,SKU013,2,2026-06-14 18:00:00,2026-06-14 14:00:00
O00246,ORD005S1,2026-06-14 10:00:00,S1,SKU015,2,2026-06-14 18:00:00,2026-06-14 14:00:00
O00247,ORD005S1,2026-06-14 10:00:00,S1,SKU017,2,2026-06-14 18:00:00,2026-06-14 14:00:00
O00248,ORD005S1,2026-06-14 10:00:00,S1,SKU023,4,2026-06-14 18:00:00,2026-06-14 14:00:00
O00249,ORD005S1,2026-06-14 10:00:00,S1,SKU025,2,2026-06-14 18:00:00,2026-06-14 14:00:00
O00250,ORD005S2,2026-06-14 10:00:00,S2,SKU002,3,2026-06-14 18:00:00,2026-06-14 14:00:00
O00251,ORD005S2,2026-06-14 10:00:00,S2,SKU003,5,2026-06-14 18:00:00,2026-06-14 14:00:00
O00252,ORD005S2,2026-06-14 10:00:00,S2,SKU005,4,2026-06-14 18:00:00,2026-06-14 14:00:00
O00253,ORD005S2,2026-06-14 10:00:00,S2,SKU007,4,2026-06-14 18:00:00,2026-06-14 14:00:00
O00254,ORD005S2,2026-06-14 10:00:00,S2,SKU008,5,2026-06-14 18:00:00,2026-06-14 14:00:00
O00255,ORD005S2,2026-06-14 10:00:00,S2,SKU009,1,2026-06-14 18:00:00,2026-06-14 14:00:00
O00256,ORD005S2,2026-06-14 10:00:00,S2,SKU011,3,2026-06-14 18:00:00,2026-06-14 14:00:00
O00257,ORD005S3,2026-06-14 10:00:00,S3,SKU001,2,2026-06-14 18:00:00,2026-06-14 14:00:00
O00258,ORD005S3,2026-06-14 10:00:00,S3,SKU003,3,2026-06-14 18:00:00,2026-06-14 14:00:00
O00259,ORD005S3,2026-06-14 10:00:00,S3,SKU006,6,2026-06-14 18:00:00,2026-06-14 14:00:00
O00260,ORD005S3,2026-06-14 10:00:00,S3,SKU009,6,2026-06-14 18:00:00,2026-06-14 14:00:00
O00261,ORD005S3,2026-06-14 10:00:00,S3,SKU012,3,2026-06-14 18:00:00,2026-06-14 14:00:00
O00262,ORD005S3,2026-06-14 10:00:00,S3,SKU017,3,2026-06-14 18:00:00,2026-06-14 14:00:00
O00263,ORD005S3,2026-06-14 10:00:00,S3,SKU021,5,2026-06-14 18:00:00,2026-06-14 14:00:00
O00264,ORD005S4,2026-06-14 10:00:00,S4,SKU001,2,2026-06-14 18:00:00,2026-06-14 14:00:00
O00265,ORD005S4,2026-06-14 10:00:00,S4,SKU002,7,2026-06-14 18:00:00,2026-06-14 14:00:00
O00266,ORD005S4,2026-06-14 10:00:00,S4,SKU003,7,2026-06-14 18:00:00,2026-06-14 14:00:00
O00267,ORD005S4,2026-06-14 10:00:00,S4,SKU006,4,2026-06-14 18:00:00,2026-06-14 14:00:00
O00268,ORD005S4,2026-06-14 10:00:00,S4,SKU021,4,2026-06-14 18:00:00,2026-06-14 14:00:00
O00269,ORD005S5,2026-06-14 10:00:00,S5,SKU001,1,2026-06-14 18:00:00,2026-06-14 14:00:00
O00270,ORD005S5,2026-06-14 10:00:00,S5,SKU002,1,2026-06-14 18:00:00,2026-06-14 14:00:00
O00271,ORD005S5,2026-06-14 10:00:00,S5,SKU003,5,2026-06-14 18:00:00,2026-06-14 14:00:00
O00272,ORD005S5,2026-06-14 10:00:00,S5,SKU004,6,2026-06-14 18:00:00,2026-06-14 14:00:00
O00273,ORD005S5,2026-06-14 10:00:00,S5,SKU005,4,2026-06-14 18:00:00,2026-06-14 14:00:00
O00274,ORD005S5,2026-06-14 10:00:00,S5,SKU017,4,2026-06-14 18:00:00,2026-06-14 14:00:00
O00275,ORD005S5,2026-06-14 10:00:00,S5,SKU019,1,2026-06-14 18:00:00,2026-06-14 14:00:00
O00276,ORD005S5,2026-06-14 10:00:00,S5,SKU021,5,2026-06-14 18:00:00,2026-06-14 14:00:00
O00277,ORD005S5,2026-06-14 10:00:00,S5,SKU027,1,2026-06-14 18:00:00,2026-06-14 14:00:00
O00278,ORD006S1,2026-06-15 10:00:00,S1,SKU001,1,2026-06-15 18:00:00,2026-06-15 14:00:00
O00279,ORD006S1,2026-06-15 10:00:00,S1,SKU004,1,2026-06-15 18:00:00,2026-06-15 14:00:00
O00280,ORD006S1,2026-06-15 10:00:00,S1,SKU009,1,2026-06-15 18:00:00,2026-06-15 14:00:00
O00281,ORD006S1,2026-06-15 10:00:00,S1,SKU022,2,2026-06-15 18:00:00,2026-06-15 14:00:00
O00282,ORD006S1,2026-06-15 10:00:00,S1,SKU023,1,2026-06-15 18:00:00,2026-06-15 14:00:00
O00283,ORD006S1,2026-06-15 10:00:00,S1,SKU025,2,2026-06-15 18:00:00,2026-06-15 14:00:00
O00284,ORD006S2,2026-06-15 10:00:00,S2,SKU001,3,2026-06-15 18:00:00,2026-06-15 14:00:00
O00285,ORD006S2,2026-06-15 10:00:00,S2,SKU002,5,2026-06-15 18:00:00,2026-06-15 14:00:00
O00286,ORD006S2,2026-06-15 10:00:00,S2,SKU003,1,2026-06-15 18:00:00,
O00287,ORD006S2,2026-06-15 10:00:00,S2,SKU005,1,2026-06-15 18:00:00,2026-06-15 14:00:00
O00288,ORD006S2,2026-06-15 10:00:00,S2,SKU006,5,2026-06-15 18:00:00,2026-06-15 14:00:00
O00289,ORD006S2,2026-06-15 10:00:00,S2,SKU007,3,2026-06-15 18:00:00,2026-06-15 14:00:00
O00290,ORD006S2,2026-06-15 10:00:00,S2,SKU009,5,2026-06-15 18:00:00,2026-06-15 14:00:00
O00291,ORD006S2,2026-06-15 10:00:00,S2,SKU014,5,2026-06-15 18:00:00,2026-06-15 14:00:00
O00292,ORD006S2,2026-06-15 10:00:00,S2,SKU015,1,2026-06-15 18:00:00,2026-06-15 14:00:00
O00293,ORD006S2,2026-06-15 10:00:00,S2,SKU017,3,2026-06-15 18:00:00,2026-06-15 14:00:00
O00294,ORD006S2,2026-06-15 10:00:00,S2,SKU020,2,2026-06-15 18:00:00,2026-06-15 14:00:00
O00295,ORD006S2,2026-06-15 10:00:00,S2,SKU021,3,2026-06-15 18:00:00,2026-06-15 14:00:00
O00296,ORD006S2,2026-06-15 10:00:00,S2,SKU025,2,2026-06-15 18:00:00,2026-06-15 14:00:00
O00297,ORD006S2,2026-06-15 10:00:00,S2,SKU027,2,2026-06-15 18:00:00,2026-06-15 14:00:00
O00298,ORD006S3,2026-06-15 10:00:00,S3,SKU001,6,2026-06-15 18:00:00,2026-06-15 14:00:00
O00299,ORD006S3,2026-06-15 10:00:00,S3,SKU002,1,2026-06-15 18:00:00,2026-06-15 14:00:00
O00300,ORD006S3,2026-06-15 10:00:00,S3,SKU003,2,2026-06-15 18:00:00,
O00301,ORD006S3,2026-06-15 10:00:00,S3,SKU004,6,2026-06-15 18:00:00,2026-06-15 14:00:00
O00302,ORD006S3,2026-06-15 10:00:00,S3,SKU005,2,2026-06-15 18:00:00,2026-06-15 14:00:00
O00303,ORD006S3,2026-06-15 10:00:00,S3,SKU006,5,2026-06-15 18:00:00,2026-06-15 14:00:00
O00304,ORD006S3,2026-06-15 10:00:00,S3,SKU007,6,2026-06-15 18:00:00,2026-06-15 14:00:00
O00305,ORD006S3,2026-06-15 10:00:00,S3,SKU011,6,2026-06-15 18:00:00,2026-06-15 14:00:00
O00306,ORD006S3,2026-06-15 10:00:00,S3,SKU013,4,2026-06-15 18:00:00,2026-06-15 14:00:00
O00307,ORD006S3,2026-06-15 10:00:00,S3,SKU014,2,2026-06-15 18:00:00,2026-06-15 14:00:00
O00308,ORD006S3,2026-06-15 10:00:00,S3,SKU018,6,2026-06-15 18:00:00,2026-06-15 14:00:00
O00309,ORD006S3,2026-06-15 10:00:00,S3,SKU021,1,2026-06-15 18:00:00,2026-06-15 14:00:00
O00310,ORD006S3,2026-06-15 10:00:00,S3,SKU023,4,2026-06-15 18:00:00,2026-06-15 14:00:00
O00311,ORD006S4,2026-06-15 10:00:00,S4,SKU001,3,2026-06-15 18:00:00,2026-06-15 14:00:00
O00312,ORD006S4,2026-06-15 10:00:00,S4,SKU002,7,2026-06-15 18:00:00,2026-06-15 14:00:00
O00313,ORD006S4,2026-06-15 10:00:00,S4,SKU004,1,2026-06-15 18:00:00,2026-06-15 14:00:00
O00314,ORD006S4,2026-06-15 10:00:00,S4,SKU008,6,2026-06-15 18:00:00,2026-06-15 14:00:00
O00315,ORD006S4,2026-06-15 10:00:00,S4,SKU009,4,2026-06-15 18:00:00,2026-06-15 14:00:00
O00316,ORD006S4,2026-06-15 10:00:00,S4,SKU014,3,2026-06-15 18:00:00,2026-06-15 14:00:00
O00317,ORD006S4,2026-06-15 10:00:00,S4,SKU016,7,2026-06-15 18:00:00,2026-06-15 14:00:00
O00318,ORD006S4,2026-06-15 10:00:00,S4,SKU018,1,2026-06-15 18:00:00,2026-06-15 14:00:00
O00319,ORD006S4,2026-06-15 10:00:00,S4,SKU020,6,2026-06-15 18:00:00,2026-06-15 14:00:00
O00320,ORD006S4,2026-06-15 10:00:00,S4,SKU023,1,2026-06-15 18:00:00,2026-06-15 14:00:00
O00321,ORD006S4,2026-06-15 10:00:00,S4,SKU025,1,2026-06-15 18:00:00,2026-06-15 14:00:00
O00322,ORD006S4,2026-06-15 10:00:00,S4,SKU028,4,2026-06-15 18:00:00,2026-06-15 14:00:00
O00323,ORD006S5,2026-06-15 10:00:00,S5,SKU001,3,2026-06-15 18:00:00,2026-06-15 14:00:00
O00324,ORD006S5,2026-06-15 10:00:00,S5,SKU002,4,2026-06-15 18:00:00,2026-06-15 14:00:00
O00325,ORD006S5,2026-06-15 10:00:00,S5,SKU003,3,2026-06-15 18:00:00,
O00326,ORD006S5,2026-06-15 10:00:00,S5,SKU004,3,2026-06-15 18:00:00,2026-06-15 14:00:00
O00327,ORD006S5,2026-06-15 10:00:00,S5,SKU005,2,2026-06-15 18:00:00,2026-06-15 14:00:00
O00328,ORD006S5,2026-06-15 10:00:00,S5,SKU011,4,2026-06-15 18:00:00,2026-06-15 14:00:00
O00329,ORD006S5,2026-06-15 10:00:00,S5,SKU012,3,2026-06-15 18:00:00,2026-06-15 14:00:00
O00330,ORD006S5,2026-06-15 10:00:00,S5,SKU014,4,2026-06-15 18:00:00,2026-06-15 14:00:00
O00331,ORD006S5,2026-06-15 10:00:00,S5,SKU018,4,2026-06-15 18:00:00,2026-06-15 14:00:00
O00332,ORD006S5,2026-06-15 10:00:00,S5,SKU020,2,2026-06-15 18:00:00,2026-06-15 14:00:00
O00333,ORD006S5,2026-06-15 10:00:00,S5,SKU025,4,2026-06-15 18:00:00,2026-06-15 14:00:00
O00334,ORD006S5,2026-06-15 10:00:00,S5,SKU028,2,2026-06-15 18:00:00,2026-06-15 14:00:00
O00335,ORD007S1,2026-06-16 10:00:00,S1,SKU002,2,2026-06-16 18:00:00,2026-06-16 14:00:00
O00336,ORD007S1,2026-06-16 10:00:00,S1,SKU003,2,2026-06-16 18:00:00,2026-06-16 14:00:00
O00337,ORD007S1,2026-06-16 10:00:00,S1,SKU005,2,2026-06-16 18:00:00,2026-06-16 14:00:00
O00338,ORD007S1,2026-06-16 10:00:00,S1,SKU006,3,2026-06-16 18:00:00,2026-06-16 14:00:00
O00339,ORD007S1,2026-06-16 10:00:00,S1,SKU007,4,2026-06-16 18:00:00,2026-06-16 14:00:00
O00340,ORD007S1,2026-06-16 10:00:00,S1,SKU009,2,2026-06-16 18:00:00,2026-06-16 14:00:00
O00341,ORD007S1,2026-06-16 10:00:00,S1,SKU011,2,2026-06-16 18:00:00,2026-06-16 14:00:00
O00342,ORD007S1,2026-06-16 10:00:00,S1,SKU014,1,2026-06-16 18:00:00,2026-06-16 14:00:00
O00343,ORD007S1,2026-06-16 10:00:00,S1,SKU016,4,2026-06-16 18:00:00,2026-06-16 14:00:00
O00344,ORD007S1,2026-06-16 10:00:00,S1,SKU017,1,2026-06-16 18:00:00,2026-06-16 14:00:00
O00345,ORD007S1,2026-06-16 10:00:00,S1,SKU020,4,2026-06-16 18:00:00,2026-06-16 14:00:00
O00346,ORD007S1,2026-06-16 10:00:00,S1,SKU021,2,2026-06-16 18:00:00,2026-06-16 14:00:00
O00347,ORD007S1,2026-06-16 10:00:00,S1,SKU024,1,2026-06-16 18:00:00,2026-06-16 14:00:00
O00348,ORD007S1,2026-06-16 10:00:00,S1,SKU026,1,2026-06-16 18:00:00,2026-06-16 14:00:00
O00349,ORD007S1,2026-06-16 10:00:00,S1,SKU027,1,2026-06-16 18:00:00,2026-06-16 14:00:00
O00350,ORD007S2,2026-06-16 10:00:00,S2,SKU003,4,2026-06-16 18:00:00,2026-06-16 14:00:00
O00351,ORD007S2,2026-06-16 10:00:00,S2,SKU004,2,2026-06-16 18:00:00,2026-06-16 14:00:00
O00352,ORD007S2,2026-06-16 10:00:00,S2,SKU008,5,2026-06-16 18:00:00,2026-06-16 14:00:00
O00353,ORD007S2,2026-06-16 10:00:00,S2,SKU012,1,2026-06-16 18:00:00,2026-06-16 14:00:00
O00354,ORD007S2,2026-06-16 10:00:00,S2,SKU015,1,2026-06-16 18:00:00,2026-06-16 14:00:00
O00355,ORD007S2,2026-06-16 10:00:00,S2,SKU016,1,2026-06-16 18:00:00,2026-06-16 14:00:00
O00356,ORD007S2,2026-06-16 10:00:00,S2,SKU022,5,2026-06-16 18:00:00,2026-06-16 14:00:00
O00357,ORD007S2,2026-06-16 10:00:00,S2,SKU024,2,2026-06-16 18:00:00,2026-06-16 14:00:00
O00358,ORD007S3,2026-06-16 10:00:00,S3,SKU001,1,2026-06-16 18:00:00,2026-06-16 14:00:00
O00359,ORD007S3,2026-06-16 10:00:00,S3,SKU003,6,2026-06-16 18:00:00,2026-06-16 14:00:00
O00360,ORD007S3,2026-06-16 10:00:00,S3,SKU004,2,2026-06-16 18:00:00,2026-06-16 14:00:00
O00361,ORD007S3,2026-06-16 10:00:00,S3,SKU006,5,2026-06-16 18:00:00,2026-06-16 14:00:00
O00362,ORD007S3,2026-06-16 10:00:00,S3,SKU016,6,2026-06-16 18:00:00,2026-06-16 14:00:00
O00363,ORD007S3,2026-06-16 10:00:00,S3,SKU018,5,2026-06-16 18:00:00,2026-06-16 14:00:00
O00364,ORD007S3,2026-06-16 10:00:00,S3,SKU020,5,2026-06-16 18:00:00,2026-06-16 14:00:00
O00365,ORD007S3,2026-06-16 10:00:00,S3,SKU022,2,2026-06-16 18:00:00,2026-06-16 14:00:00
O00366,ORD007S3,2026-06-16 10:00:00,S3,SKU023,2,2026-06-16 18:00:00,2026-06-16 14:00:00
O00367,ORD007S3,2026-06-16 10:00:00,S3,SKU025,2,2026-06-16 18:00:00,2026-06-16 14:00:00
O00368,ORD007S3,2026-06-16 10:00:00,S3,SKU028,2,2026-06-16 18:00:00,2026-06-16 14:00:00
O00369,ORD007S4,2026-06-16 10:00:00,S4,SKU001,6,2026-06-16 18:00:00,2026-06-16 14:00:00
O00370,ORD007S4,2026-06-16 10:00:00,S4,SKU002,4,2026-06-16 18:00:00,2026-06-16 14:00:00
O00371,ORD007S4,2026-06-16 10:00:00,S4,SKU003,3,2026-06-16 18:00:00,2026-06-16 14:00:00
O00372,ORD007S4,2026-06-16 10:00:00,S4,SKU004,7,2026-06-16 18:00:00,2026-06-16 14:00:00
O00373,ORD007S4,2026-06-16 10:00:00,S4,SKU006,6,2026-06-16 18:00:00,2026-06-16 14:00:00
O00374,ORD007S4,2026-06-16 10:00:00,S4,SKU009,7,2026-06-16 18:00:00,2026-06-16 14:00:00
O00375,ORD007S4,2026-06-16 10:00:00,S4,SKU011,1,2026-06-16 18:00:00,2026-06-16 14:00:00
O00376,ORD007S4,2026-06-16 10:00:00,S4,SKU014,3,2026-06-16 18:00:00,2026-06-16 14:00:00
O00377,ORD007S4,2026-06-16 10:00:00,S4,SKU015,3,2026-06-16 18:00:00,2026-06-16 14:00:00
O00378,ORD007S4,2026-06-16 10:00:00,S4,SKU022,7,2026-06-16 18:00:00,2026-06-16 14:00:00
O00379,ORD007S4,2026-06-16 10:00:00,S4,SKU025,3,2026-06-16 18:00:00,2026-06-16 14:00:00
O00380,ORD007S5,2026-06-16 10:00:00,S5,SKU003,3,2026-06-16 18:00:00,2026-06-16 14:00:00
O00381,ORD007S5,2026-06-16 10:00:00,S5,SKU004,4,2026-06-16 18:00:00,2026-06-16 14:00:00
O00382,ORD007S5,2026-06-16 10:00:00,S5,SKU005,3,2026-06-16 18:00:00,2026-06-16 14:00:00
O00383,ORD007S5,2026-06-16 10:00:00,S5,SKU006,4,2026-06-16 18:00:00,2026-06-16 14:00:00
O00384,ORD007S5,2026-06-16 10:00:00,S5,SKU020,3,2026-06-16 18:00:00,2026-06-16 14:00:00
O00385,ORD007S5,2026-06-16 10:00:00,S5,SKU023,2,2026-06-16 18:00:00,2026-06-16 14:00:00
O00386,ORD007S5,2026-06-16 10:00:00,S5,SKU024,4,2026-06-16 18:00:00,2026-06-16 14:00:00
O00387,ORD008S1,2026-06-17 10:00:00,S1,SKU001,3,2026-06-17 18:00:00,2026-06-17 14:00:00
O00388,ORD008S1,2026-06-17 10:00:00,S1,SKU002,3,2026-06-17 18:00:00,2026-06-17 14:00:00
O00389,ORD008S1,2026-06-17 10:00:00,S1,SKU005,2,2026-06-17 18:00:00,2026-06-17 14:00:00
O00390,ORD008S1,2026-06-17 10:00:00,S1,SKU006,1,2026-06-17 18:00:00,2026-06-17 14:00:00
O00391,ORD008S1,2026-06-17 10:00:00,S1,SKU014,4,2026-06-17 18:00:00,2026-06-17 14:00:00
O00392,ORD008S1,2026-06-17 10:00:00,S1,SKU015,1,2026-06-17 18:00:00,2026-06-17 14:00:00
O00393,ORD008S1,2026-06-17 10:00:00,S1,SKU023,4,2026-06-17 18:00:00,2026-06-17 14:00:00
O00394,ORD008S1,2026-06-17 10:00:00,S1,SKU027,2,2026-06-17 18:00:00,2026-06-17 14:00:00
O00395,ORD008S2,2026-06-17 10:00:00,S2,SKU001,3,2026-06-17 18:00:00,2026-06-17 14:00:00
O00396,ORD008S2,2026-06-17 10:00:00,S2,SKU003,2,2026-06-17 18:00:00,2026-06-17 14:00:00
O00397,ORD008S2,2026-06-17 10:00:00,S2,SKU004,4,2026-06-17 18:00:00,2026-06-17 14:00:00
O00398,ORD008S2,2026-06-17 10:00:00,S2,SKU005,1,2026-06-17 18:00:00,2026-06-17 14:00:00
O00399,ORD008S2,2026-06-17 10:00:00,S2,SKU006,5,2026-06-17 18:00:00,2026-06-17 14:00:00
O00400,ORD008S2,2026-06-17 10:00:00,S2,SKU009,2,2026-06-17 18:00:00,2026-06-17 14:00:00
O00401,ORD008S2,2026-06-17 10:00:00,S2,SKU011,1,2026-06-17 18:00:00,2026-06-17 14:00:00
O00402,ORD008S2,2026-06-17 10:00:00,S2,SKU016,3,2026-06-17 18:00:00,2026-06-17 14:00:00
O00403,ORD008S2,2026-06-17 10:00:00,S2,SKU019,1,2026-06-17 18:00:00,2026-06-17 14:00:00
O00404,ORD008S2,2026-06-17 10:00:00,S2,SKU020,5,2026-06-17 18:00:00,2026-06-17 14:00:00
O00405,ORD008S2,2026-06-17 10:00:00,S2,SKU023,3,2026-06-17 18:00:00,2026-06-17 14:00:00
O00406,ORD008S2,2026-06-17 10:00:00,S2,SKU024,2,2026-06-17 18:00:00,2026-06-17 14:00:00
O00407,ORD008S2,2026-06-17 10:00:00,S2,SKU026,3,2026-06-17 18:00:00,2026-06-17 14:00:00
O00408,ORD008S3,2026-06-17 10:00:00,S3,SKU001,2,2026-06-17 18:00:00,2026-06-17 14:00:00
O00409,ORD008S3,2026-06-17 10:00:00,S3,SKU003,4,2026-06-17 18:00:00,2026-06-17 14:00:00
O00410,ORD008S3,2026-06-17 10:00:00,S3,SKU004,5,2026-06-17 18:00:00,2026-06-17 14:00:00
O00411,ORD008S3,2026-06-17 10:00:00,S3,SKU005,2,2026-06-17 18:00:00,2026-06-17 14:00:00
O00412,ORD008S3,2026-06-17 10:00:00,S3,SKU006,2,2026-06-17 18:00:00,2026-06-17 14:00:00
O00413,ORD008S3,2026-06-17 10:00:00,S3,SKU008,6,2026-06-17 18:00:00,2026-06-17 14:00:00
O00414,ORD008S3,2026-06-17 10:00:00,S3,SKU012,6,2026-06-17 18:00:00,2026-06-17 14:00:00
O00415,ORD008S3,2026-06-17 10:00:00,S3,SKU013,4,2026-06-17 18:00:00,2026-06-17 14:00:00
O00416,ORD008S3,2026-06-17 10:00:00,S3,SKU016,5,2026-06-17 18:00:00,2026-06-17 14:00:00
O00417,ORD008S3,2026-06-17 10:00:00,S3,SKU017,4,2026-06-17 18:00:00,2026-06-17 14:00:00
O00418,ORD008S3,2026-06-17 10:00:00,S3,SKU019,4,2026-06-17 18:00:00,2026-06-17 14:00:00
O00419,ORD008S3,2026-06-17 10:00:00,S3,SKU020,6,2026-06-17 18:00:00,2026-06-17 14:00:00
O00420,ORD008S3,2026-06-17 10:00:00,S3,SKU021,1,2026-06-17 18:00:00,2026-06-17 14:00:00
O00421,ORD008S3,2026-06-17 10:00:00,S3,SKU022,5,2026-06-17 18:00:00,2026-06-17 14:00:00
O00422,ORD008S3,2026-06-17 10:00:00,S3,SKU024,4,2026-06-17 18:00:00,2026-06-17 14:00:00
O00423,ORD008S4,2026-06-17 10:00:00,S4,SKU001,7,2026-06-17 18:00:00,2026-06-17 14:00:00
O00424,ORD008S4,2026-06-17 10:00:00,S4,SKU003,3,2026-06-17 18:00:00,2026-06-17 14:00:00
O00425,ORD008S4,2026-06-17 10:00:00,S4,SKU004,7,2026-06-17 18:00:00,2026-06-17 14:00:00
O00426,ORD008S4,2026-06-17 10:00:00,S4,SKU011,7,2026-06-17 18:00:00,2026-06-17 14:00:00
O00427,ORD008S4,2026-06-17 10:00:00,S4,SKU012,6,2026-06-17 18:00:00,2026-06-17 14:00:00
O00428,ORD008S4,2026-06-17 10:00:00,S4,SKU020,7,2026-06-17 18:00:00,2026-06-17 14:00:00
O00429,ORD008S4,2026-06-17 10:00:00,S4,SKU021,4,2026-06-17 18:00:00,2026-06-17 14:00:00
O00430,ORD008S5,2026-06-17 10:00:00,S5,SKU003,2,2026-06-17 18:00:00,2026-06-17 14:00:00
O00431,ORD008S5,2026-06-17 10:00:00,S5,SKU004,4,2026-06-17 18:00:00,2026-06-17 14:00:00
O00432,ORD008S5,2026-06-17 10:00:00,S5,SKU008,1,2026-06-17 18:00:00,2026-06-17 14:00:00
O00433,ORD008S5,2026-06-17 10:00:00,S5,SKU011,4,2026-06-17 18:00:00,2026-06-17 14:00:00
O00434,ORD008S5,2026-06-17 10:00:00,S5,SKU012,4,2026-06-17 18:00:00,2026-06-17 14:00:00
O00435,ORD008S5,2026-06-17 10:00:00,S5,SKU014,3,2026-06-17 18:00:00,2026-06-17 14:00:00
O00436,ORD008S5,2026-06-17 10:00:00,S5,SKU015,3,2026-06-17 18:00:00,2026-06-17 14:00:00
O00437,ORD008S5,2026-06-17 10:00:00,S5,SKU019,2,2026-06-17 18:00:00,2026-06-17 14:00:00
O00438,ORD008S5,2026-06-17 10:00:00,S5,SKU024,2,2026-06-17 18:00:00,2026-06-17 14:00:00
O00439,ORD008S5,2026-06-17 10:00:00,S5,SKU025,4,2026-06-17 18:00:00,2026-06-17 14:00:00
O00440,ORD008S5,2026-06-17 10:00:00,S5,SKU026,1,2026-06-17 18:00:00,2026-06-17 14:00:00
O00441,ORD009S1,2026-06-18 10:00:00,S1,SKU001,2,2026-06-18 18:00:00,2026-06-18 14:00:00
O00442,ORD009S1,2026-06-18 10:00:00,S1,SKU002,1,2026-06-18 18:00:00,2026-06-18 14:00:00
O00443,ORD009S1,2026-06-18 10:00:00,S1,SKU003,2,2026-06-18 18:00:00,2026-06-18 14:00:00
O00444,ORD009S1,2026-06-18 10:00:00,S1,SKU004,2,2026-06-18 18:00:00,2026-06-18 14:00:00
O00445,ORD009S1,2026-06-18 10:00:00,S1,SKU006,2,2026-06-18 18:00:00,2026-06-18 14:00:00
O00446,ORD009S1,2026-06-18 10:00:00,S1,SKU008,2,2026-06-18 18:00:00,2026-06-18 14:00:00
O00447,ORD009S1,2026-06-18 10:00:00,S1,SKU015,4,2026-06-18 18:00:00,2026-06-18 14:00:00
O00448,ORD009S1,2026-06-18 10:00:00,S1,SKU017,2,2026-06-18 18:00:00,2026-06-18 14:00:00
O00449,ORD009S1,2026-06-18 10:00:00,S1,SKU018,2,2026-06-18 18:00:00,2026-06-18 14:00:00
O00450,ORD009S1,2026-06-18 10:00:00,S1,SKU025,2,2026-06-18 18:00:00,2026-06-18 14:00:00
O00451,ORD009S2,2026-06-18 10:00:00,S2,SKU001,5,2026-06-18 18:00:00,2026-06-18 14:00:00
O00452,ORD009S2,2026-06-18 10:00:00,S2,SKU002,3,2026-06-18 18:00:00,2026-06-18 14:00:00
O00453,ORD009S2,2026-06-18 10:00:00,S2,SKU004,2,2026-06-18 18:00:00,2026-06-18 14:00:00
O00454,ORD009S2,2026-06-18 10:00:00,S2,SKU005,4,2026-06-18 18:00:00,2026-06-18 14:00:00
O00455,ORD009S2,2026-06-18 10:00:00,S2,SKU006,5,2026-06-18 18:00:00,2026-06-18 14:00:00
O00456,ORD009S2,2026-06-18 10:00:00,S2,SKU012,3,2026-06-18 18:00:00,2026-06-18 14:00:00
O00457,ORD009S2,2026-06-18 10:00:00,S2,SKU014,3,2026-06-18 18:00:00,2026-06-18 14:00:00
O00458,ORD009S2,2026-06-18 10:00:00,S2,SKU015,1,2026-06-18 18:00:00,2026-06-18 14:00:00
O00459,ORD009S2,2026-06-18 10:00:00,S2,SKU019,1,2026-06-18 18:00:00,2026-06-18 14:00:00
O00460,ORD009S2,2026-06-18 10:00:00,S2,SKU020,3,2026-06-18 18:00:00,2026-06-18 14:00:00
O00461,ORD009S2,2026-06-18 10:00:00,S2,SKU025,1,2026-06-18 18:00:00,2026-06-18 14:00:00
O00462,ORD009S2,2026-06-18 10:00:00,S2,SKU027,2,2026-06-18 18:00:00,2026-06-18 14:00:00
O00463,ORD009S3,2026-06-18 10:00:00,S3,SKU002,5,2026-06-18 18:00:00,2026-06-18 14:00:00
O00464,ORD009S3,2026-06-18 10:00:00,S3,SKU003,5,2026-06-18 18:00:00,2026-06-18 14:00:00
O00465,ORD009S3,2026-06-18 10:00:00,S3,SKU004,6,2026-06-18 18:00:00,2026-06-18 14:00:00
O00466,ORD009S3,2026-06-18 10:00:00,S3,SKU005,6,2026-06-18 18:00:00,2026-06-18 14:00:00
O00467,ORD009S3,2026-06-18 10:00:00,S3,SKU009,1,2026-06-18 18:00:00,2026-06-18 14:00:00
O00468,ORD009S3,2026-06-18 10:00:00,S3,SKU011,5,2026-06-18 18:00:00,2026-06-18 14:00:00
O00469,ORD009S3,2026-06-18 10:00:00,S3,SKU022,6,2026-06-18 18:00:00,2026-06-18 14:00:00
O00470,ORD009S3,2026-06-18 10:00:00,S3,SKU027,2,2026-06-18 18:00:00,2026-06-18 14:00:00
O00471,ORD009S4,2026-06-18 10:00:00,S4,SKU001,4,2026-06-18 18:00:00,2026-06-18 14:00:00
O00472,ORD009S4,2026-06-18 10:00:00,S4,SKU003,1,2026-06-18 18:00:00,2026-06-18 14:00:00
O00473,ORD009S4,2026-06-18 10:00:00,S4,SKU004,6,2026-06-18 18:00:00,2026-06-18 14:00:00
O00474,ORD009S4,2026-06-18 10:00:00,S4,SKU005,3,2026-06-18 18:00:00,2026-06-18 14:00:00
O00475,ORD009S4,2026-06-18 10:00:00,S4,SKU006,7,2026-06-18 18:00:00,2026-06-18 14:00:00
O00476,ORD009S4,2026-06-18 10:00:00,S4,SKU015,4,2026-06-18 18:00:00,2026-06-18 14:00:00
O00477,ORD009S4,2026-06-18 10:00:00,S4,SKU025,6,2026-06-18 18:00:00,2026-06-18 14:00:00
O00478,ORD009S5,2026-06-18 10:00:00,S5,SKU001,4,2026-06-18 18:00:00,2026-06-18 14:00:00
O00479,ORD009S5,2026-06-18 10:00:00,S5,SKU002,4,2026-06-18 18:00:00,2026-06-18 14:00:00
O00480,ORD009S5,2026-06-18 10:00:00,S5,SKU003,4,2026-06-18 18:00:00,2026-06-18 14:00:00
O00481,ORD009S5,2026-06-18 10:00:00,S5,SKU004,3,2026-06-18 18:00:00,2026-06-18 14:00:00
O00482,ORD009S5,2026-06-18 10:00:00,S5,SKU005,4,2026-06-18 18:00:00,2026-06-18 14:00:00
O00483,ORD009S5,2026-06-18 10:00:00,S5,SKU013,4,2026-06-18 18:00:00,2026-06-18 14:00:00
O00484,ORD009S5,2026-06-18 10:00:00,S5,SKU015,1,2026-06-18 18:00:00,2026-06-18 14:00:00
O00485,ORD009S5,2026-06-18 10:00:00,S5,SKU018,3,2026-06-18 18:00:00,2026-06-18 14:00:00
O00486,ORD009S5,2026-06-18 10:00:00,S5,SKU019,1,2026-06-18 18:00:00,2026-06-18 14:00:00
O00487,ORD009S5,2026-06-18 10:00:00,S5,SKU020,4,2026-06-18 18:00:00,2026-06-18 14:00:00
O00488,ORD009S5,2026-06-18 10:00:00,S5,SKU021,4,2026-06-18 18:00:00,2026-06-18 14:00:00
O00489,ORD009S5,2026-06-18 10:00:00,S5,SKU022,3,2026-06-18 18:00:00,2026-06-18 14:00:00
O00490,ORD010S1,2026-06-19 10:00:00,S1,SKU002,2,2026-06-19 18:00:00,2026-06-19 14:00:00
O00491,ORD010S1,2026-06-19 10:00:00,S1,SKU004,1,2026-06-19 18:00:00,2026-06-19 14:00:00
O00492,ORD010S1,2026-06-19 10:00:00,S1,SKU005,3,2026-06-19 18:00:00,2026-06-19 14:00:00
O00493,ORD010S1,2026-06-19 10:00:00,S1,SKU009,1,2026-06-19 18:00:00,2026-06-19 14:00:00
O00494,ORD010S1,2026-06-19 10:00:00,S1,SKU016,2,2026-06-19 18:00:00,2026-06-19 14:00:00
O00495,ORD010S1,2026-06-19 10:00:00,S1,SKU017,2,2026-06-19 18:00:00,2026-06-19 14:00:00
O00496,ORD010S1,2026-06-19 10:00:00,S1,SKU023,2,2026-06-19 18:00:00,2026-06-19 14:00:00
O00497,ORD010S2,2026-06-19 10:00:00,S2,SKU001,2,2026-06-19 18:00:00,2026-06-19 14:00:00
O00498,ORD010S2,2026-06-19 10:00:00,S2,SKU005,1,2026-06-19 18:00:00,2026-06-19 14:00:00
O00499,ORD010S2,2026-06-19 10:00:00,S2,SKU007,1,2026-06-19 18:00:00,2026-06-19 14:00:00
O00500,ORD010S2,2026-06-19 10:00:00,S2,SKU009,5,2026-06-19 18:00:00,2026-06-19 14:00:00
O00501,ORD010S2,2026-06-19 10:00:00,S2,SKU011,2,2026-06-19 18:00:00,2026-06-19 14:00:00
O00502,ORD010S2,2026-06-19 10:00:00,S2,SKU012,4,2026-06-19 18:00:00,2026-06-19 14:00:00
O00503,ORD010S2,2026-06-19 10:00:00,S2,SKU016,3,2026-06-19 18:00:00,2026-06-19 14:00:00
O00504,ORD010S2,2026-06-19 10:00:00,S2,SKU020,1,2026-06-19 18:00:00,2026-06-19 14:00:00
O00505,ORD010S3,2026-06-19 10:00:00,S3,SKU001,1,2026-06-19 18:00:00,2026-06-19 14:00:00
O00506,ORD010S3,2026-06-19 10:00:00,S3,SKU003,2,2026-06-19 18:00:00,2026-06-19 14:00:00
O00507,ORD010S3,2026-06-19 10:00:00,S3,SKU005,2,2026-06-19 18:00:00,2026-06-19 14:00:00
O00508,ORD010S3,2026-06-19 10:00:00,S3,SKU006,1,2026-06-19 18:00:00,2026-06-19 14:00:00
O00509,ORD010S3,2026-06-19 10:00:00,S3,SKU009,6,2026-06-19 18:00:00,2026-06-19 14:00:00
O00510,ORD010S3,2026-06-19 10:00:00,S3,SKU012,6,2026-06-19 18:00:00,2026-06-19 14:00:00
O00511,ORD010S3,2026-06-19 10:00:00,S3,SKU023,1,2026-06-19 18:00:00,2026-06-19 14:00:00
O00512,ORD010S3,2026-06-19 10:00:00,S3,SKU025,6,2026-06-19 18:00:00,2026-06-19 14:00:00
O00513,ORD010S3,2026-06-19 10:00:00,S3,SKU026,2,2026-06-19 18:00:00,2026-06-19 14:00:00
O00514,ORD010S3,2026-06-19 10:00:00,S3,SKU027,6,2026-06-19 18:00:00,2026-06-19 14:00:00
O00515,ORD010S4,2026-06-19 10:00:00,S4,SKU002,7,2026-06-19 18:00:00,2026-06-19 14:00:00
O00516,ORD010S4,2026-06-19 10:00:00,S4,SKU003,4,2026-06-19 18:00:00,2026-06-19 14:00:00
O00517,ORD010S4,2026-06-19 10:00:00,S4,SKU004,4,2026-06-19 18:00:00,2026-06-19 14:00:00
O00518,ORD010S4,2026-06-19 10:00:00,S4,SKU005,7,2026-06-19 18:00:00,2026-06-19 14:00:00
O00519,ORD010S4,2026-06-19 10:00:00,S4,SKU006,3,2026-06-19 18:00:00,2026-06-19 14:00:00
O00520,ORD010S4,2026-06-19 10:00:00,S4,SKU014,4,2026-06-19 18:00:00,2026-06-19 14:00:00
O00521,ORD010S4,2026-06-19 10:00:00,S4,SKU021,7,2026-06-19 18:00:00,2026-06-19 14:00:00
O00522,ORD010S4,2026-06-19 10:00:00,S4,SKU027,7,2026-06-19 18:00:00,2026-06-19 14:00:00
O00523,ORD010S4,2026-06-19 10:00:00,S4,SKU028,1,2026-06-19 18:00:00,2026-06-19 14:00:00
O00524,ORD010S5,2026-06-19 10:00:00,S5,SKU001,4,2026-06-19 18:00:00,2026-06-19 14:00:00
O00525,ORD010S5,2026-06-19 10:00:00,S5,SKU002,2,2026-06-19 18:00:00,2026-06-19 14:00:00
O00526,ORD010S5,2026-06-19 10:00:00,S5,SKU003,1,2026-06-19 18:00:00,2026-06-19 14:00:00
O00527,ORD010S5,2026-06-19 10:00:00,S5,SKU004,3,2026-06-19 18:00:00,2026-06-19 14:00:00
O00528,ORD010S5,2026-06-19 10:00:00,S5,SKU016,1,2026-06-19 18:00:00,2026-06-19 14:00:00
O00529,ORD010S5,2026-06-19 10:00:00,S5,SKU019,4,2026-06-19 18:00:00,2026-06-19 14:00:00
O00530,ORD011S1,2026-06-20 10:00:00,S1,SKU001,4,2026-06-20 18:00:00,2026-06-20 14:00:00
O00531,ORD011S1,2026-06-20 10:00:00,S1,SKU003,3,2026-06-20 18:00:00,2026-06-20 14:00:00
O00532,ORD011S1,2026-06-20 10:00:00,S1,SKU005,5,2026-06-20 18:00:00,2026-06-20 14:00:00
O00533,ORD011S1,2026-06-20 10:00:00,S1,SKU006,3,2026-06-20 18:00:00,2026-06-20 14:00:00
O00534,ORD011S1,2026-06-20 10:00:00,S1,SKU008,4,2026-06-20 18:00:00,2026-06-20 14:00:00
O00535,ORD011S1,2026-06-20 10:00:00,S1,SKU014,4,2026-06-20 18:00:00,2026-06-20 14:00:00
O00536,ORD011S1,2026-06-20 10:00:00,S1,SKU016,3,2026-06-20 18:00:00,2026-06-20 14:00:00
O00537,ORD011S1,2026-06-20 10:00:00,S1,SKU019,3,2026-06-20 18:00:00,2026-06-20 14:00:00
O00538,ORD011S1,2026-06-20 10:00:00,S1,SKU020,4,2026-06-20 18:00:00,2026-06-20 14:00:00
O00539,ORD011S1,2026-06-20 10:00:00,S1,SKU027,2,2026-06-20 18:00:00,2026-06-20 14:00:00
O00540,ORD011S1,2026-06-20 10:00:00,S1,SKU028,1,2026-06-20 18:00:00,2026-06-20 14:00:00
O00541,ORD011S2,2026-06-20 10:00:00,S2,SKU001,1,2026-06-20 18:00:00,2026-06-20 14:00:00
O00542,ORD011S2,2026-06-20 10:00:00,S2,SKU003,4,2026-06-20 18:00:00,2026-06-20 14:00:00
O00543,ORD011S2,2026-06-20 10:00:00,S2,SKU007,3,2026-06-20 18:00:00,2026-06-20 14:00:00
O00544,ORD011S2,2026-06-20 10:00:00,S2,SKU009,4,2026-06-20 18:00:00,2026-06-20 14:00:00
O00545,ORD011S2,2026-06-20 10:00:00,S2,SKU011,6,2026-06-20 18:00:00,2026-06-20 14:00:00
O00546,ORD011S2,2026-06-20 10:00:00,S2,SKU012,4,2026-06-20 18:00:00,2026-06-20 14:00:00
O00547,ORD011S2,2026-06-20 10:00:00,S2,SKU015,1,2026-06-20 18:00:00,2026-06-20 14:00:00
O00548,ORD011S2,2026-06-20 10:00:00,S2,SKU016,1,2026-06-20 18:00:00,2026-06-20 14:00:00
O00549,ORD011S2,2026-06-20 10:00:00,S2,SKU019,5,2026-06-20 18:00:00,2026-06-20 14:00:00
O00550,ORD011S2,2026-06-20 10:00:00,S2,SKU020,4,2026-06-20 18:00:00,2026-06-20 14:00:00
O00551,ORD011S2,2026-06-20 10:00:00,S2,SKU023,5,2026-06-20 18:00:00,2026-06-20 14:00:00
O00552,ORD011S2,2026-06-20 10:00:00,S2,SKU024,3,2026-06-20 18:00:00,2026-06-20 14:00:00
O00553,ORD011S3,2026-06-20 10:00:00,S3,SKU004,3,2026-06-20 18:00:00,2026-06-20 14:00:00
O00554,ORD011S3,2026-06-20 10:00:00,S3,SKU015,8,2026-06-20 18:00:00,2026-06-20 14:00:00
O00555,ORD011S3,2026-06-20 10:00:00,S3,SKU019,2,2026-06-20 18:00:00,2026-06-20 14:00:00
O00556,ORD011S3,2026-06-20 10:00:00,S3,SKU025,3,2026-06-20 18:00:00,2026-06-20 14:00:00
O00557,ORD011S4,2026-06-20 10:00:00,S4,SKU001,9,2026-06-20 18:00:00,2026-06-20 14:00:00
O00558,ORD011S4,2026-06-20 10:00:00,S4,SKU003,2,2026-06-20 18:00:00,2026-06-20 14:00:00
O00559,ORD011S4,2026-06-20 10:00:00,S4,SKU004,5,2026-06-20 18:00:00,2026-06-20 14:00:00
O00560,ORD011S4,2026-06-20 10:00:00,S4,SKU005,5,2026-06-20 18:00:00,2026-06-20 14:00:00
O00561,ORD011S4,2026-06-20 10:00:00,S4,SKU006,2,2026-06-20 18:00:00,2026-06-20 14:00:00
O00562,ORD011S4,2026-06-20 10:00:00,S4,SKU012,2,2026-06-20 18:00:00,2026-06-20 14:00:00
O00563,ORD011S4,2026-06-20 10:00:00,S4,SKU017,4,2026-06-20 18:00:00,2026-06-20 14:00:00
O00564,ORD011S4,2026-06-20 10:00:00,S4,SKU019,9,2026-06-20 18:00:00,2026-06-20 14:00:00
O00565,ORD011S4,2026-06-20 10:00:00,S4,SKU020,9,2026-06-20 18:00:00,2026-06-20 14:00:00
O00566,ORD011S4,2026-06-20 10:00:00,S4,SKU021,2,2026-06-20 18:00:00,2026-06-20 14:00:00
O00567,ORD011S5,2026-06-20 10:00:00,S5,SKU003,5,2026-06-20 18:00:00,2026-06-20 14:00:00
O00568,ORD011S5,2026-06-20 10:00:00,S5,SKU004,4,2026-06-20 18:00:00,2026-06-20 14:00:00
O00569,ORD011S5,2026-06-20 10:00:00,S5,SKU006,5,2026-06-20 18:00:00,2026-06-20 14:00:00
O00570,ORD011S5,2026-06-20 10:00:00,S5,SKU019,1,2026-06-20 18:00:00,2026-06-20 14:00:00
O00571,ORD012S1,2026-06-21 10:00:00,S1,SKU001,4,2026-06-21 18:00:00,2026-06-21 14:00:00
O00572,ORD012S1,2026-06-21 10:00:00,S1,SKU002,5,2026-06-21 18:00:00,2026-06-21 14:00:00
O00573,ORD012S1,2026-06-21 10:00:00,S1,SKU003,3,2026-06-21 18:00:00,2026-06-21 14:00:00
O00574,ORD012S1,2026-06-21 10:00:00,S1,SKU005,4,2026-06-21 18:00:00,2026-06-21 14:00:00
O00575,ORD012S1,2026-06-21 10:00:00,S1,SKU007,4,2026-06-21 18:00:00,2026-06-21 14:00:00
O00576,ORD012S1,2026-06-21 10:00:00,S1,SKU014,1,2026-06-21 18:00:00,2026-06-21 14:00:00
O00577,ORD012S1,2026-06-21 10:00:00,S1,SKU019,3,2026-06-21 18:00:00,2026-06-21 14:00:00
O00578,ORD012S1,2026-06-21 10:00:00,S1,SKU024,4,2026-06-21 18:00:00,2026-06-21 14:00:00
O00579,ORD012S1,2026-06-21 10:00:00,S1,SKU025,1,2026-06-21 18:00:00,2026-06-21 14:00:00
O00580,ORD012S1,2026-06-21 10:00:00,S1,SKU026,4,2026-06-21 18:00:00,2026-06-21 14:00:00
O00581,ORD012S2,2026-06-21 10:00:00,S2,SKU001,4,2026-06-21 18:00:00,2026-06-21 14:00:00
O00582,ORD012S2,2026-06-21 10:00:00,S2,SKU003,3,2026-06-21 18:00:00,2026-06-21 14:00:00
O00583,ORD012S2,2026-06-21 10:00:00,S2,SKU005,1,2026-06-21 18:00:00,2026-06-21 14:00:00
O00584,ORD012S2,2026-06-21 10:00:00,S2,SKU009,6,2026-06-21 18:00:00,2026-06-21 14:00:00
O00585,ORD012S2,2026-06-21 10:00:00,S2,SKU013,4,2026-06-21 18:00:00,2026-06-21 14:00:00
O00586,ORD012S2,2026-06-21 10:00:00,S2,SKU018,5,2026-06-21 18:00:00,2026-06-21 14:00:00
O00587,ORD012S2,2026-06-21 10:00:00,S2,SKU020,5,2026-06-21 18:00:00,2026-06-21 14:00:00
O00588,ORD012S2,2026-06-21 10:00:00,S2,SKU021,4,2026-06-21 18:00:00,2026-06-21 14:00:00
O00589,ORD012S2,2026-06-21 10:00:00,S2,SKU022,5,2026-06-21 18:00:00,2026-06-21 14:00:00
O00590,ORD012S2,2026-06-21 10:00:00,S2,SKU023,5,2026-06-21 18:00:00,2026-06-21 14:00:00
O00591,ORD012S3,2026-06-21 10:00:00,S3,SKU001,2,2026-06-21 18:00:00,2026-06-21 14:00:00
O00592,ORD012S3,2026-06-21 10:00:00,S3,SKU002,8,2026-06-21 18:00:00,2026-06-21 14:00:00
O00593,ORD012S3,2026-06-21 10:00:00,S3,SKU003,6,2026-06-21 18:00:00,
O00594,ORD012S3,2026-06-21 10:00:00,S3,SKU005,8,2026-06-21 18:00:00,2026-06-21 14:00:00
O00595,ORD012S3,2026-06-21 10:00:00,S3,SKU006,6,2026-06-21 18:00:00,2026-06-21 14:00:00
O00596,ORD012S3,2026-06-21 10:00:00,S3,SKU011,8,2026-06-21 18:00:00,2026-06-21 14:00:00
O00597,ORD012S3,2026-06-21 10:00:00,S3,SKU013,3,2026-06-21 18:00:00,2026-06-21 14:00:00
O00598,ORD012S3,2026-06-21 10:00:00,S3,SKU018,6,2026-06-21 18:00:00,2026-06-21 14:00:00
O00599,ORD012S3,2026-06-21 10:00:00,S3,SKU019,5,2026-06-21 18:00:00,2026-06-21 14:00:00
O00600,ORD012S3,2026-06-21 10:00:00,S3,SKU021,6,2026-06-21 18:00:00,2026-06-21 14:00:00
O00601,ORD012S3,2026-06-21 10:00:00,S3,SKU022,8,2026-06-21 18:00:00,2026-06-21 14:00:00
O00602,ORD012S3,2026-06-21 10:00:00,S3,SKU024,6,2026-06-21 18:00:00,2026-06-21 14:00:00
O00603,ORD012S3,2026-06-21 10:00:00,S3,SKU025,8,2026-06-21 18:00:00,2026-06-21 14:00:00
O00604,ORD012S3,2026-06-21 10:00:00,S3,SKU027,3,2026-06-21 18:00:00,2026-06-21 14:00:00
O00605,ORD012S4,2026-06-21 10:00:00,S4,SKU001,4,2026-06-21 18:00:00,2026-06-21 14:00:00
O00606,ORD012S4,2026-06-21 10:00:00,S4,SKU004,5,2026-06-21 18:00:00,
O00607,ORD012S4,2026-06-21 10:00:00,S4,SKU005,4,2026-06-21 18:00:00,2026-06-21 14:00:00
O00608,ORD012S4,2026-06-21 10:00:00,S4,SKU007,4,2026-06-21 18:00:00,2026-06-21 14:00:00
O00609,ORD012S4,2026-06-21 10:00:00,S4,SKU016,4,2026-06-21 18:00:00,2026-06-21 14:00:00
O00610,ORD012S4,2026-06-21 10:00:00,S4,SKU017,2,2026-06-21 18:00:00,2026-06-21 14:00:00
O00611,ORD012S4,2026-06-21 10:00:00,S4,SKU024,4,2026-06-21 18:00:00,2026-06-21 14:00:00
O00612,ORD012S5,2026-06-21 10:00:00,S5,SKU001,1,2026-06-21 18:00:00,2026-06-21 14:00:00
O00613,ORD012S5,2026-06-21 10:00:00,S5,SKU002,6,2026-06-21 18:00:00,2026-06-21 14:00:00
O00614,ORD012S5,2026-06-21 10:00:00,S5,SKU003,5,2026-06-21 18:00:00,
O00615,ORD012S5,2026-06-21 10:00:00,S5,SKU008,5,2026-06-21 18:00:00,2026-06-21 14:00:00
O00616,ORD012S5,2026-06-21 10:00:00,S5,SKU014,5,2026-06-21 18:00:00,2026-06-21 14:00:00
O00617,ORD012S5,2026-06-21 10:00:00,S5,SKU017,4,2026-06-21 18:00:00,2026-06-21 14:00:00
O00618,ORD012S5,2026-06-21 10:00:00,S5,SKU020,1,2026-06-21 18:00:00,2026-06-21 14:00:00
O00619,ORD012S5,2026-06-21 10:00:00,S5,SKU022,5,2026-06-21 18:00:00,2026-06-21 14:00:00
O00620,ORD012S5,2026-06-21 10:00:00,S5,SKU024,5,2026-06-21 18:00:00,2026-06-21 14:00:00
O00621,ORD013S1,2026-06-22 10:00:00,S1,SKU003,2,2026-06-22 18:00:00,
O00622,ORD013S1,2026-06-22 10:00:00,S1,SKU004,2,2026-06-22 18:00:00,
O00623,ORD013S1,2026-06-22 10:00:00,S1,SKU006,2,2026-06-22 18:00:00,2026-06-22 14:00:00
O00624,ORD013S1,2026-06-22 10:00:00,S1,SKU014,1,2026-06-22 18:00:00,2026-06-22 14:00:00
O00625,ORD013S1,2026-06-22 10:00:00,S1,SKU016,2,2026-06-22 18:00:00,2026-06-22 14:00:00
O00626,ORD013S1,2026-06-22 10:00:00,S1,SKU024,2,2026-06-22 18:00:00,2026-06-22 14:00:00
O00627,ORD013S1,2026-06-22 10:00:00,S1,SKU025,2,2026-06-22 18:00:00,2026-06-22 14:00:00
O00628,ORD013S2,2026-06-22 10:00:00,S2,SKU002,1,2026-06-22 18:00:00,2026-06-22 14:00:00
O00629,ORD013S2,2026-06-22 10:00:00,S2,SKU006,4,2026-06-22 18:00:00,2026-06-22 14:00:00
O00630,ORD013S2,2026-06-22 10:00:00,S2,SKU014,4,2026-06-22 18:00:00,2026-06-22 14:00:00
O00631,ORD013S2,2026-06-22 10:00:00,S2,SKU020,5,2026-06-22 18:00:00,2026-06-22 14:00:00
O00632,ORD013S2,2026-06-22 10:00:00,S2,SKU025,2,2026-06-22 18:00:00,2026-06-22 14:00:00
O00633,ORD013S2,2026-06-22 10:00:00,S2,SKU026,2,2026-06-22 18:00:00,2026-06-22 14:00:00
O00634,ORD013S3,2026-06-22 10:00:00,S3,SKU002,2,2026-06-22 18:00:00,2026-06-22 14:00:00
O00635,ORD013S3,2026-06-22 10:00:00,S3,SKU004,4,2026-06-22 18:00:00,
O00636,ORD013S3,2026-06-22 10:00:00,S3,SKU005,6,2026-06-22 18:00:00,2026-06-22 14:00:00
O00637,ORD013S3,2026-06-22 10:00:00,S3,SKU006,5,2026-06-22 18:00:00,2026-06-22 14:00:00
O00638,ORD013S3,2026-06-22 10:00:00,S3,SKU009,4,2026-06-22 18:00:00,2026-06-22 14:00:00
O00639,ORD013S3,2026-06-22 10:00:00,S3,SKU012,6,2026-06-22 18:00:00,2026-06-22 14:00:00
O00640,ORD013S3,2026-06-22 10:00:00,S3,SKU015,2,2026-06-22 18:00:00,2026-06-22 14:00:00
O00641,ORD013S3,2026-06-22 10:00:00,S3,SKU022,6,2026-06-22 18:00:00,2026-06-22 14:00:00
O00642,ORD013S3,2026-06-22 10:00:00,S3,SKU023,6,2026-06-22 18:00:00,2026-06-22 14:00:00
O00643,ORD013S3,2026-06-22 10:00:00,S3,SKU025,1,2026-06-22 18:00:00,2026-06-22 14:00:00
O00644,ORD013S4,2026-06-22 10:00:00,S4,SKU002,7,2026-06-22 18:00:00,2026-06-22 14:00:00
O00645,ORD013S4,2026-06-22 10:00:00,S4,SKU004,7,2026-06-22 18:00:00,
O00646,ORD013S4,2026-06-22 10:00:00,S4,SKU005,3,2026-06-22 18:00:00,2026-06-22 14:00:00
O00647,ORD013S4,2026-06-22 10:00:00,S4,SKU006,3,2026-06-22 18:00:00,2026-06-22 14:00:00
O00648,ORD013S4,2026-06-22 10:00:00,S4,SKU007,4,2026-06-22 18:00:00,2026-06-22 14:00:00
O00649,ORD013S4,2026-06-22 10:00:00,S4,SKU012,3,2026-06-22 18:00:00,2026-06-22 14:00:00
O00650,ORD013S4,2026-06-22 10:00:00,S4,SKU023,6,2026-06-22 18:00:00,2026-06-22 14:00:00
O00651,ORD013S5,2026-06-22 10:00:00,S5,SKU003,4,2026-06-22 18:00:00,
O00652,ORD013S5,2026-06-22 10:00:00,S5,SKU004,4,2026-06-22 18:00:00,
O00653,ORD013S5,2026-06-22 10:00:00,S5,SKU005,4,2026-06-22 18:00:00,2026-06-22 14:00:00
O00654,ORD013S5,2026-06-22 10:00:00,S5,SKU006,1,2026-06-22 18:00:00,2026-06-22 14:00:00
O00655,ORD013S5,2026-06-22 10:00:00,S5,SKU008,4,2026-06-22 18:00:00,2026-06-22 14:00:00
O00656,ORD013S5,2026-06-22 10:00:00,S5,SKU011,3,2026-06-22 18:00:00,2026-06-22 14:00:00
O00657,ORD013S5,2026-06-22 10:00:00,S5,SKU012,1,2026-06-22 18:00:00,2026-06-22 14:00:00
O00658,ORD013S5,2026-06-22 10:00:00,S5,SKU019,3,2026-06-22 18:00:00,2026-06-22 14:00:00
O00659,ORD013S5,2026-06-22 10:00:00,S5,SKU021,3,2026-06-22 18:00:00,2026-06-22 14:00:00
O00660,ORD013S5,2026-06-22 10:00:00,S5,SKU027,1,2026-06-22 18:00:00,2026-06-22 14:00:00
O00661,ORD013S5,2026-06-22 10:00:00,S5,SKU028,4,2026-06-22 18:00:00,2026-06-22 14:00:00
O00662,ORD014S1,2026-06-23 10:00:00,S1,SKU002,3,2026-06-23 18:00:00,2026-06-23 14:00:00
O00663,ORD014S1,2026-06-23 10:00:00,S1,SKU004,2,2026-06-23 18:00:00,2026-06-23 14:00:00
O00664,ORD014S1,2026-06-23 10:00:00,S1,SKU006,3,2026-06-23 18:00:00,2026-06-23 14:00:00
O00665,ORD014S1,2026-06-23 10:00:00,S1,SKU007,1,2026-06-23 18:00:00,2026-06-23 14:00:00
O00666,ORD014S1,2026-06-23 10:00:00,S1,SKU008,2,2026-06-23 18:00:00,2026-06-23 14:00:00
O00667,ORD014S1,2026-06-23 10:00:00,S1,SKU011,4,2026-06-23 18:00:00,2026-06-23 14:00:00
O00668,ORD014S1,2026-06-23 10:00:00,S1,SKU014,4,2026-06-23 18:00:00,2026-06-23 14:00:00
O00669,ORD014S1,2026-06-23 10:00:00,S1,SKU016,2,2026-06-23 18:00:00,2026-06-23 14:00:00
O00670,ORD014S1,2026-06-23 10:00:00,S1,SKU018,4,2026-06-23 18:00:00,2026-06-23 14:00:00
O00671,ORD014S1,2026-06-23 10:00:00,S1,SKU023,2,2026-06-23 18:00:00,2026-06-23 14:00:00
O00672,ORD014S1,2026-06-23 10:00:00,S1,SKU025,2,2026-06-23 18:00:00,2026-06-23 14:00:00
O00673,ORD014S2,2026-06-23 10:00:00,S2,SKU001,5,2026-06-23 18:00:00,2026-06-23 14:00:00
O00674,ORD014S2,2026-06-23 10:00:00,S2,SKU002,2,2026-06-23 18:00:00,2026-06-23 14:00:00
O00675,ORD014S2,2026-06-23 10:00:00,S2,SKU003,1,2026-06-23 18:00:00,2026-06-23 14:00:00
O00676,ORD014S2,2026-06-23 10:00:00,S2,SKU004,1,2026-06-23 18:00:00,2026-06-23 14:00:00
O00677,ORD014S2,2026-06-23 10:00:00,S2,SKU005,5,2026-06-23 18:00:00,2026-06-23 14:00:00
O00678,ORD014S2,2026-06-23 10:00:00,S2,SKU009,4,2026-06-23 18:00:00,2026-06-23 14:00:00
O00679,ORD014S2,2026-06-23 10:00:00,S2,SKU011,3,2026-06-23 18:00:00,2026-06-23 14:00:00
O00680,ORD014S2,2026-06-23 10:00:00,S2,SKU021,5,2026-06-23 18:00:00,2026-06-23 14:00:00
O00681,ORD014S2,2026-06-23 10:00:00,S2,SKU024,5,2026-06-23 18:00:00,2026-06-23 14:00:00
O00682,ORD014S3,2026-06-23 10:00:00,S3,SKU001,6,2026-06-23 18:00:00,2026-06-23 14:00:00
O00683,ORD014S3,2026-06-23 10:00:00,S3,SKU002,2,2026-06-23 18:00:00,2026-06-23 14:00:00
O00684,ORD014S3,2026-06-23 10:00:00,S3,SKU003,5,2026-06-23 18:00:00,2026-06-23 14:00:00
O00685,ORD014S3,2026-06-23 10:00:00,S3,SKU005,6,2026-06-23 18:00:00,2026-06-23 14:00:00
O00686,ORD014S3,2026-06-23 10:00:00,S3,SKU011,5,2026-06-23 18:00:00,2026-06-23 14:00:00
O00687,ORD014S3,2026-06-23 10:00:00,S3,SKU015,2,2026-06-23 18:00:00,2026-06-23 14:00:00
O00688,ORD014S3,2026-06-23 10:00:00,S3,SKU019,4,2026-06-23 18:00:00,2026-06-23 14:00:00
O00689,ORD014S3,2026-06-23 10:00:00,S3,SKU025,6,2026-06-23 18:00:00,2026-06-23 14:00:00
O00690,ORD014S3,2026-06-23 10:00:00,S3,SKU028,6,2026-06-23 18:00:00,2026-06-23 14:00:00
O00691,ORD014S4,2026-06-23 10:00:00,S4,SKU002,1,2026-06-23 18:00:00,2026-06-23 14:00:00
O00692,ORD014S4,2026-06-23 10:00:00,S4,SKU005,3,2026-06-23 18:00:00,2026-06-23 14:00:00
O00693,ORD014S4,2026-06-23 10:00:00,S4,SKU006,1,2026-06-23 18:00:00,2026-06-23 14:00:00
O00694,ORD014S4,2026-06-23 10:00:00,S4,SKU009,7,2026-06-23 18:00:00,2026-06-23 14:00:00
O00695,ORD014S4,2026-06-23 10:00:00,S4,SKU011,6,2026-06-23 18:00:00,2026-06-23 14:00:00
O00696,ORD014S4,2026-06-23 10:00:00,S4,SKU012,4,2026-06-23 18:00:00,2026-06-23 14:00:00
O00697,ORD014S4,2026-06-23 10:00:00,S4,SKU022,4,2026-06-23 18:00:00,2026-06-23 14:00:00
O00698,ORD014S4,2026-06-23 10:00:00,S4,SKU026,4,2026-06-23 18:00:00,2026-06-23 14:00:00
O00699,ORD014S4,2026-06-23 10:00:00,S4,SKU028,4,2026-06-23 18:00:00,2026-06-23 14:00:00
O00700,ORD014S5,2026-06-23 10:00:00,S5,SKU001,2,2026-06-23 18:00:00,2026-06-23 14:00:00
O00701,ORD014S5,2026-06-23 10:00:00,S5,SKU002,3,2026-06-23 18:00:00,2026-06-23 14:00:00
O00702,ORD014S5,2026-06-23 10:00:00,S5,SKU005,1,2026-06-23 18:00:00,2026-06-23 14:00:00
O00703,ORD014S5,2026-06-23 10:00:00,S5,SKU008,2,2026-06-23 18:00:00,2026-06-23 14:00:00
O00704,ORD014S5,2026-06-23 10:00:00,S5,SKU015,2,2026-06-23 18:00:00,2026-06-23 14:00:00
O00705,ORD014S5,2026-06-23 10:00:00,S5,SKU020,4,2026-06-23 18:00:00,2026-06-23 14:00:00
O00706,ORD014S5,2026-06-23 10:00:00,S5,SKU024,1,2026-06-23 18:00:00,2026-06-23 14:00:00
O00707,ORD014S5,2026-06-23 10:00:00,S5,SKU028,2,2026-06-23 18:00:00,2026-06-23 14:00:00
O00708,ORD015S1,2026-06-24 10:00:00,S1,SKU003,2,2026-06-24 18:00:00,2026-06-24 14:00:00
O00709,ORD015S1,2026-06-24 10:00:00,S1,SKU004,2,2026-06-24 18:00:00,2026-06-24 14:00:00
O00710,ORD015S1,2026-06-24 10:00:00,S1,SKU005,2,2026-06-24 18:00:00,2026-06-24 14:00:00
O00711,ORD015S1,2026-06-24 10:00:00,S1,SKU006,1,2026-06-24 18:00:00,2026-06-24 14:00:00
O00712,ORD015S1,2026-06-24 10:00:00,S1,SKU007,2,2026-06-24 18:00:00,2026-06-24 14:00:00
O00713,ORD015S1,2026-06-24 10:00:00,S1,SKU012,1,2026-06-24 18:00:00,2026-06-24 14:00:00
O00714,ORD015S1,2026-06-24 10:00:00,S1,SKU018,2,2026-06-24 18:00:00,2026-06-24 14:00:00
O00715,ORD015S1,2026-06-24 10:00:00,S1,SKU021,3,2026-06-24 18:00:00,2026-06-24 14:00:00
O00716,ORD015S1,2026-06-24 10:00:00,S1,SKU022,3,2026-06-24 18:00:00,2026-06-24 14:00:00
O00717,ORD015S1,2026-06-24 10:00:00,S1,SKU025,3,2026-06-24 18:00:00,2026-06-24 14:00:00
O00718,ORD015S2,2026-06-24 10:00:00,S2,SKU002,4,2026-06-24 18:00:00,2026-06-24 14:00:00
O00719,ORD015S2,2026-06-24 10:00:00,S2,SKU004,4,2026-06-24 18:00:00,2026-06-24 14:00:00
O00720,ORD015S2,2026-06-24 10:00:00,S2,SKU006,3,2026-06-24 18:00:00,2026-06-24 14:00:00
O00721,ORD015S2,2026-06-24 10:00:00,S2,SKU016,5,2026-06-24 18:00:00,2026-06-24 14:00:00
O00722,ORD015S2,2026-06-24 10:00:00,S2,SKU017,5,2026-06-24 18:00:00,2026-06-24 14:00:00
O00723,ORD015S2,2026-06-24 10:00:00,S2,SKU018,2,2026-06-24 18:00:00,2026-06-24 14:00:00
O00724,ORD015S3,2026-06-24 10:00:00,S3,SKU002,6,2026-06-24 18:00:00,2026-06-24 14:00:00
O00725,ORD015S3,2026-06-24 10:00:00,S3,SKU003,1,2026-06-24 18:00:00,2026-06-24 14:00:00
O00726,ORD015S3,2026-06-24 10:00:00,S3,SKU005,1,2026-06-24 18:00:00,2026-06-24 14:00:00
O00727,ORD015S3,2026-06-24 10:00:00,S3,SKU006,5,2026-06-24 18:00:00,2026-06-24 14:00:00
O00728,ORD015S3,2026-06-24 10:00:00,S3,SKU008,1,2026-06-24 18:00:00,2026-06-24 14:00:00
O00729,ORD015S3,2026-06-24 10:00:00,S3,SKU011,2,2026-06-24 18:00:00,2026-06-24 14:00:00
O00730,ORD015S3,2026-06-24 10:00:00,S3,SKU016,1,2026-06-24 18:00:00,2026-06-24 14:00:00
O00731,ORD015S3,2026-06-24 10:00:00,S3,SKU019,2,2026-06-24 18:00:00,2026-06-24 14:00:00
O00732,ORD015S3,2026-06-24 10:00:00,S3,SKU020,4,2026-06-24 18:00:00,2026-06-24 14:00:00
O00733,ORD015S3,2026-06-24 10:00:00,S3,SKU024,6,2026-06-24 18:00:00,2026-06-24 14:00:00
O00734,ORD015S3,2026-06-24 10:00:00,S3,SKU027,1,2026-06-24 18:00:00,2026-06-24 14:00:00
O00735,ORD015S4,2026-06-24 10:00:00,S4,SKU001,7,2026-06-24 18:00:00,2026-06-24 14:00:00
O00736,ORD015S4,2026-06-24 10:00:00,S4,SKU002,7,2026-06-24 18:00:00,2026-06-24 14:00:00
O00737,ORD015S4,2026-06-24 10:00:00,S4,SKU003,4,2026-06-24 18:00:00,2026-06-24 14:00:00
O00738,ORD015S4,2026-06-24 10:00:00,S4,SKU005,7,2026-06-24 18:00:00,2026-06-24 14:00:00
O00739,ORD015S4,2026-06-24 10:00:00,S4,SKU006,3,2026-06-24 18:00:00,2026-06-24 14:00:00
O00740,ORD015S4,2026-06-24 10:00:00,S4,SKU007,4,2026-06-24 18:00:00,2026-06-24 14:00:00
O00741,ORD015S4,2026-06-24 10:00:00,S4,SKU009,3,2026-06-24 18:00:00,2026-06-24 14:00:00
O00742,ORD015S4,2026-06-24 10:00:00,S4,SKU011,3,2026-06-24 18:00:00,2026-06-24 14:00:00
O00743,ORD015S4,2026-06-24 10:00:00,S4,SKU013,3,2026-06-24 18:00:00,2026-06-24 14:00:00
O00744,ORD015S4,2026-06-24 10:00:00,S4,SKU014,1,2026-06-24 18:00:00,2026-06-24 14:00:00
O00745,ORD015S4,2026-06-24 10:00:00,S4,SKU021,6,2026-06-24 18:00:00,2026-06-24 14:00:00
O00746,ORD015S4,2026-06-24 10:00:00,S4,SKU028,4,2026-06-24 18:00:00,2026-06-24 14:00:00
O00747,ORD015S5,2026-06-24 10:00:00,S5,SKU001,1,2026-06-24 18:00:00,2026-06-24 14:00:00
O00748,ORD015S5,2026-06-24 10:00:00,S5,SKU003,4,2026-06-24 18:00:00,2026-06-24 14:00:00
O00749,ORD015S5,2026-06-24 10:00:00,S5,SKU004,2,2026-06-24 18:00:00,2026-06-24 14:00:00
O00750,ORD015S5,2026-06-24 10:00:00,S5,SKU006,4,2026-06-24 18:00:00,2026-06-24 14:00:00
O00751,ORD015S5,2026-06-24 10:00:00,S5,SKU015,1,2026-06-24 18:00:00,2026-06-24 14:00:00
O00752,ORD015S5,2026-06-24 10:00:00,S5,SKU017,3,2026-06-24 18:00:00,2026-06-24 14:00:00
O00753,ORD015S5,2026-06-24 10:00:00,S5,SKU018,2,2026-06-24 18:00:00,2026-06-24 14:00:00
O00754,ORD015S5,2026-06-24 10:00:00,S5,SKU021,4,2026-06-24 18:00:00,2026-06-24 14:00:00
O00755,ORD015S5,2026-06-24 10:00:00,S5,SKU022,4,2026-06-24 18:00:00,2026-06-24 14:00:00
O00756,ORD015S5,2026-06-24 10:00:00,S5,SKU026,4,2026-06-24 18:00:00,2026-06-24 14:00:00
O00757,ORD016S1,2026-06-25 10:00:00,S1,SKU002,1,2026-06-25 18:00:00,2026-06-25 14:00:00
O00758,ORD016S1,2026-06-25 10:00:00,S1,SKU003,1,2026-06-25 18:00:00,2026-06-25 14:00:00
O00759,ORD016S1,2026-06-25 10:00:00,S1,SKU004,2,2026-06-25 18:00:00,2026-06-25 14:00:00
O00760,ORD016S1,2026-06-25 10:00:00,S1,SKU005,2,2026-06-25 18:00:00,2026-06-25 14:00:00
O00761,ORD016S1,2026-06-25 10:00:00,S1,SKU006,2,2026-06-25 18:00:00,2026-06-25 14:00:00
O00762,ORD016S1,2026-06-25 10:00:00,S1,SKU011,4,2026-06-25 18:00:00,2026-06-25 14:00:00
O00763,ORD016S1,2026-06-25 10:00:00,S1,SKU014,4,2026-06-25 18:00:00,2026-06-25 14:00:00
O00764,ORD016S1,2026-06-25 10:00:00,S1,SKU015,2,2026-06-25 18:00:00,2026-06-25 14:00:00
O00765,ORD016S1,2026-06-25 10:00:00,S1,SKU016,2,2026-06-25 18:00:00,2026-06-25 14:00:00
O00766,ORD016S1,2026-06-25 10:00:00,S1,SKU018,1,2026-06-25 18:00:00,2026-06-25 14:00:00
O00767,ORD016S1,2026-06-25 10:00:00,S1,SKU020,2,2026-06-25 18:00:00,2026-06-25 14:00:00
O00768,ORD016S1,2026-06-25 10:00:00,S1,SKU022,3,2026-06-25 18:00:00,2026-06-25 14:00:00
O00769,ORD016S1,2026-06-25 10:00:00,S1,SKU024,4,2026-06-25 18:00:00,2026-06-25 14:00:00
O00770,ORD016S1,2026-06-25 10:00:00,S1,SKU027,2,2026-06-25 18:00:00,2026-06-25 14:00:00
O00771,ORD016S2,2026-06-25 10:00:00,S2,SKU001,3,2026-06-25 18:00:00,2026-06-25 14:00:00
O00772,ORD016S2,2026-06-25 10:00:00,S2,SKU004,5,2026-06-25 18:00:00,2026-06-25 14:00:00
O00773,ORD016S2,2026-06-25 10:00:00,S2,SKU013,2,2026-06-25 18:00:00,2026-06-25 14:00:00
O00774,ORD016S2,2026-06-25 10:00:00,S2,SKU014,3,2026-06-25 18:00:00,2026-06-25 14:00:00
O00775,ORD016S2,2026-06-25 10:00:00,S2,SKU015,5,2026-06-25 18:00:00,2026-06-25 14:00:00
O00776,ORD016S2,2026-06-25 10:00:00,S2,SKU017,3,2026-06-25 18:00:00,2026-06-25 14:00:00
O00777,ORD016S2,2026-06-25 10:00:00,S2,SKU020,3,2026-06-25 18:00:00,2026-06-25 14:00:00
O00778,ORD016S2,2026-06-25 10:00:00,S2,SKU021,3,2026-06-25 18:00:00,2026-06-25 14:00:00
O00779,ORD016S3,2026-06-25 10:00:00,S3,SKU001,4,2026-06-25 18:00:00,2026-06-25 14:00:00
O00780,ORD016S3,2026-06-25 10:00:00,S3,SKU002,6,2026-06-25 18:00:00,2026-06-25 14:00:00
O00781,ORD016S3,2026-06-25 10:00:00,S3,SKU014,4,2026-06-25 18:00:00,2026-06-25 14:00:00
O00782,ORD016S3,2026-06-25 10:00:00,S3,SKU016,6,2026-06-25 18:00:00,2026-06-25 14:00:00
O00783,ORD016S3,2026-06-25 10:00:00,S3,SKU019,2,2026-06-25 18:00:00,2026-06-25 14:00:00
O00784,ORD016S3,2026-06-25 10:00:00,S3,SKU024,5,2026-06-25 18:00:00,2026-06-25 14:00:00
O00785,ORD016S3,2026-06-25 10:00:00,S3,SKU025,6,2026-06-25 18:00:00,2026-06-25 14:00:00
O00786,ORD016S4,2026-06-25 10:00:00,S4,SKU002,7,2026-06-25 18:00:00,2026-06-25 14:00:00
O00787,ORD016S4,2026-06-25 10:00:00,S4,SKU005,1,2026-06-25 18:00:00,2026-06-25 14:00:00
O00788,ORD016S4,2026-06-25 10:00:00,S4,SKU013,4,2026-06-25 18:00:00,2026-06-25 14:00:00
O00789,ORD016S4,2026-06-25 10:00:00,S4,SKU017,6,2026-06-25 18:00:00,2026-06-25 14:00:00
O00790,ORD016S4,2026-06-25 10:00:00,S4,SKU027,6,2026-06-25 18:00:00,2026-06-25 14:00:00
O00791,ORD016S5,2026-06-25 10:00:00,S5,SKU002,2,2026-06-25 18:00:00,2026-06-25 14:00:00
O00792,ORD016S5,2026-06-25 10:00:00,S5,SKU003,4,2026-06-25 18:00:00,2026-06-25 14:00:00
O00793,ORD016S5,2026-06-25 10:00:00,S5,SKU004,2,2026-06-25 18:00:00,2026-06-25 14:00:00
O00794,ORD016S5,2026-06-25 10:00:00,S5,SKU005,3,2026-06-25 18:00:00,2026-06-25 14:00:00
O00795,ORD016S5,2026-06-25 10:00:00,S5,SKU008,4,2026-06-25 18:00:00,2026-06-25 14:00:00
O00796,ORD016S5,2026-06-25 10:00:00,S5,SKU009,2,2026-06-25 18:00:00,2026-06-25 14:00:00
O00797,ORD016S5,2026-06-25 10:00:00,S5,SKU011,1,2026-06-25 18:00:00,2026-06-25 14:00:00
O00798,ORD016S5,2026-06-25 10:00:00,S5,SKU019,3,2026-06-25 18:00:00,2026-06-25 14:00:00
O00799,ORD016S5,2026-06-25 10:00:00,S5,SKU020,4,2026-06-25 18:00:00,2026-06-25 14:00:00
O00800,ORD016S5,2026-06-25 10:00:00,S5,SKU027,4,2026-06-25 18:00:00,2026-06-25 14:00:00
O00801,ORD016S5,2026-06-25 10:00:00,S5,SKU028,3,2026-06-25 18:00:00,2026-06-25 14:00:00
O00802,ORD017S1,2026-06-26 10:00:00,S1,SKU004,2,2026-06-26 18:00:00,2026-06-26 14:00:00
O00803,ORD017S1,2026-06-26 10:00:00,S1,SKU005,3,2026-06-26 18:00:00,2026-06-26 14:00:00
O00804,ORD017S1,2026-06-26 10:00:00,S1,SKU006,2,2026-06-26 18:00:00,2026-06-26 14:00:00
O00805,ORD017S1,2026-06-26 10:00:00,S1,SKU012,4,2026-06-26 18:00:00,2026-06-26 14:00:00
O00806,ORD017S1,2026-06-26 10:00:00,S1,SKU017,2,2026-06-26 18:00:00,2026-06-26 14:00:00
O00807,ORD017S1,2026-06-26 10:00:00,S1,SKU019,3,2026-06-26 18:00:00,2026-06-26 14:00:00
O00808,ORD017S2,2026-06-26 10:00:00,S2,SKU001,5,2026-06-26 18:00:00,2026-06-26 14:00:00
O00809,ORD017S2,2026-06-26 10:00:00,S2,SKU002,5,2026-06-26 18:00:00,2026-06-26 14:00:00
O00810,ORD017S2,2026-06-26 10:00:00,S2,SKU003,1,2026-06-26 18:00:00,2026-06-26 14:00:00
O00811,ORD017S2,2026-06-26 10:00:00,S2,SKU011,3,2026-06-26 18:00:00,2026-06-26 14:00:00
O00812,ORD017S2,2026-06-26 10:00:00,S2,SKU013,2,2026-06-26 18:00:00,2026-06-26 14:00:00
O00813,ORD017S2,2026-06-26 10:00:00,S2,SKU014,1,2026-06-26 18:00:00,2026-06-26 14:00:00
O00814,ORD017S2,2026-06-26 10:00:00,S2,SKU015,3,2026-06-26 18:00:00,2026-06-26 14:00:00
O00815,ORD017S2,2026-06-26 10:00:00,S2,SKU016,1,2026-06-26 18:00:00,2026-06-26 14:00:00
O00816,ORD017S2,2026-06-26 10:00:00,S2,SKU018,5,2026-06-26 18:00:00,2026-06-26 14:00:00
O00817,ORD017S2,2026-06-26 10:00:00,S2,SKU024,1,2026-06-26 18:00:00,2026-06-26 14:00:00
O00818,ORD017S2,2026-06-26 10:00:00,S2,SKU028,1,2026-06-26 18:00:00,2026-06-26 14:00:00
O00819,ORD017S3,2026-06-26 10:00:00,S3,SKU001,6,2026-06-26 18:00:00,2026-06-26 14:00:00
O00820,ORD017S3,2026-06-26 10:00:00,S3,SKU002,2,2026-06-26 18:00:00,2026-06-26 14:00:00
O00821,ORD017S3,2026-06-26 10:00:00,S3,SKU003,4,2026-06-26 18:00:00,2026-06-26 14:00:00
O00822,ORD017S3,2026-06-26 10:00:00,S3,SKU004,4,2026-06-26 18:00:00,2026-06-26 14:00:00
O00823,ORD017S3,2026-06-26 10:00:00,S3,SKU005,6,2026-06-26 18:00:00,2026-06-26 14:00:00
O00824,ORD017S3,2026-06-26 10:00:00,S3,SKU008,1,2026-06-26 18:00:00,2026-06-26 14:00:00
O00825,ORD017S3,2026-06-26 10:00:00,S3,SKU012,5,2026-06-26 18:00:00,2026-06-26 14:00:00
O00826,ORD017S3,2026-06-26 10:00:00,S3,SKU017,5,2026-06-26 18:00:00,2026-06-26 14:00:00
O00827,ORD017S3,2026-06-26 10:00:00,S3,SKU020,1,2026-06-26 18:00:00,2026-06-26 14:00:00
O00828,ORD017S3,2026-06-26 10:00:00,S3,SKU025,4,2026-06-26 18:00:00,2026-06-26 14:00:00
O00829,ORD017S3,2026-06-26 10:00:00,S3,SKU027,1,2026-06-26 18:00:00,2026-06-26 14:00:00
O00830,ORD017S4,2026-06-26 10:00:00,S4,SKU003,7,2026-06-26 18:00:00,2026-06-26 14:00:00
O00831,ORD017S4,2026-06-26 10:00:00,S4,SKU004,7,2026-06-26 18:00:00,2026-06-26 14:00:00
O00832,ORD017S4,2026-06-26 10:00:00,S4,SKU008,7,2026-06-26 18:00:00,2026-06-26 14:00:00
O00833,ORD017S4,2026-06-26 10:00:00,S4,SKU013,4,2026-06-26 18:00:00,2026-06-26 14:00:00
O00834,ORD017S4,2026-06-26 10:00:00,S4,SKU018,1,2026-06-26 18:00:00,2026-06-26 14:00:00
O00835,ORD017S4,2026-06-26 10:00:00,S4,SKU027,7,2026-06-26 18:00:00,2026-06-26 14:00:00
O00836,ORD017S5,2026-06-26 10:00:00,S5,SKU003,1,2026-06-26 18:00:00,2026-06-26 14:00:00
O00837,ORD017S5,2026-06-26 10:00:00,S5,SKU004,4,2026-06-26 18:00:00,2026-06-26 14:00:00
O00838,ORD017S5,2026-06-26 10:00:00,S5,SKU006,3,2026-06-26 18:00:00,2026-06-26 14:00:00
O00839,ORD017S5,2026-06-26 10:00:00,S5,SKU014,4,2026-06-26 18:00:00,2026-06-26 14:00:00
O00840,ORD017S5,2026-06-26 10:00:00,S5,SKU026,3,2026-06-26 18:00:00,2026-06-26 14:00:00
O00841,ORD017S5,2026-06-26 10:00:00,S5,SKU028,4,2026-06-26 18:00:00,2026-06-26 14:00:00
O00842,ORD018S1,2026-06-27 10:00:00,S1,SKU001,5,2026-06-27 18:00:00,2026-06-27 14:00:00
O00843,ORD018S1,2026-06-27 10:00:00,S1,SKU002,1,2026-06-27 18:00:00,2026-06-27 14:00:00
O00844,ORD018S1,2026-06-27 10:00:00,S1,SKU003,4,2026-06-27 18:00:00,2026-06-27 14:00:00
O00845,ORD018S1,2026-06-27 10:00:00,S1,SKU005,1,2026-06-27 18:00:00,2026-06-27 14:00:00
O00846,ORD018S1,2026-06-27 10:00:00,S1,SKU006,1,2026-06-27 18:00:00,2026-06-27 14:00:00
O00847,ORD018S1,2026-06-27 10:00:00,S1,SKU008,5,2026-06-27 18:00:00,2026-06-27 14:00:00
O00848,ORD018S1,2026-06-27 10:00:00,S1,SKU012,2,2026-06-27 18:00:00,2026-06-27 14:00:00
O00849,ORD018S1,2026-06-27 10:00:00,S1,SKU014,4,2026-06-27 18:00:00,2026-06-27 14:00:00
O00850,ORD018S1,2026-06-27 10:00:00,S1,SKU016,2,2026-06-27 18:00:00,2026-06-27 14:00:00
O00851,ORD018S1,2026-06-27 10:00:00,S1,SKU018,4,2026-06-27 18:00:00,2026-06-27 14:00:00
O00852,ORD018S1,2026-06-27 10:00:00,S1,SKU023,1,2026-06-27 18:00:00,2026-06-27 14:00:00
O00853,ORD018S1,2026-06-27 10:00:00,S1,SKU024,4,2026-06-27 18:00:00,2026-06-27 14:00:00
O00854,ORD018S1,2026-06-27 10:00:00,S1,SKU025,4,2026-06-27 18:00:00,2026-06-27 14:00:00
O00855,ORD018S1,2026-06-27 10:00:00,S1,SKU027,1,2026-06-27 18:00:00,2026-06-27 14:00:00
O00856,ORD018S2,2026-06-27 10:00:00,S2,SKU001,5,2026-06-27 18:00:00,2026-06-27 14:00:00
O00857,ORD018S2,2026-06-27 10:00:00,S2,SKU002,3,2026-06-27 18:00:00,2026-06-27 14:00:00
O00858,ORD018S2,2026-06-27 10:00:00,S2,SKU003,3,2026-06-27 18:00:00,2026-06-27 14:00:00
O00859,ORD018S2,2026-06-27 10:00:00,S2,SKU004,6,2026-06-27 18:00:00,2026-06-27 14:00:00
O00860,ORD018S2,2026-06-27 10:00:00,S2,SKU005,5,2026-06-27 18:00:00,2026-06-27 14:00:00
O00861,ORD018S2,2026-06-27 10:00:00,S2,SKU006,1,2026-06-27 18:00:00,2026-06-27 14:00:00
O00862,ORD018S2,2026-06-27 10:00:00,S2,SKU011,4,2026-06-27 18:00:00,2026-06-27 14:00:00
O00863,ORD018S2,2026-06-27 10:00:00,S2,SKU016,1,2026-06-27 18:00:00,2026-06-27 14:00:00
O00864,ORD018S2,2026-06-27 10:00:00,S2,SKU023,3,2026-06-27 18:00:00,2026-06-27 14:00:00
O00865,ORD018S2,2026-06-27 10:00:00,S2,SKU025,5,2026-06-27 18:00:00,2026-06-27 14:00:00
O00866,ORD018S3,2026-06-27 10:00:00,S3,SKU001,3,2026-06-27 18:00:00,2026-06-27 14:00:00
O00867,ORD018S3,2026-06-27 10:00:00,S3,SKU002,5,2026-06-27 18:00:00,2026-06-27 14:00:00
O00868,ORD018S3,2026-06-27 10:00:00,S3,SKU003,8,2026-06-27 18:00:00,2026-06-27 14:00:00
O00869,ORD018S3,2026-06-27 10:00:00,S3,SKU006,6,2026-06-27 18:00:00,2026-06-27 14:00:00
O00870,ORD018S3,2026-06-27 10:00:00,S3,SKU011,2,2026-06-27 18:00:00,2026-06-27 14:00:00
O00871,ORD018S3,2026-06-27 10:00:00,S3,SKU013,2,2026-06-27 18:00:00,2026-06-27 14:00:00
O00872,ORD018S3,2026-06-27 10:00:00,S3,SKU016,5,2026-06-27 18:00:00,2026-06-27 14:00:00
O00873,ORD018S3,2026-06-27 10:00:00,S3,SKU017,6,2026-06-27 18:00:00,2026-06-27 14:00:00
O00874,ORD018S3,2026-06-27 10:00:00,S3,SKU018,3,2026-06-27 18:00:00,2026-06-27 14:00:00
O00875,ORD018S3,2026-06-27 10:00:00,S3,SKU019,6,2026-06-27 18:00:00,2026-06-27 14:00:00
O00876,ORD018S3,2026-06-27 10:00:00,S3,SKU021,5,2026-06-27 18:00:00,2026-06-27 14:00:00
O00877,ORD018S3,2026-06-27 10:00:00,S3,SKU024,8,2026-06-27 18:00:00,2026-06-27 14:00:00
O00878,ORD018S3,2026-06-27 10:00:00,S3,SKU027,6,2026-06-27 18:00:00,2026-06-27 14:00:00
O00879,ORD018S4,2026-06-27 10:00:00,S4,SKU001,7,2026-06-27 18:00:00,2026-06-27 14:00:00
O00880,ORD018S4,2026-06-27 10:00:00,S4,SKU002,5,2026-06-27 18:00:00,2026-06-27 14:00:00
O00881,ORD018S4,2026-06-27 10:00:00,S4,SKU003,7,2026-06-27 18:00:00,2026-06-27 14:00:00
O00882,ORD018S4,2026-06-27 10:00:00,S4,SKU004,9,2026-06-27 18:00:00,2026-06-27 14:00:00
O00883,ORD018S4,2026-06-27 10:00:00,S4,SKU006,9,2026-06-27 18:00:00,2026-06-27 14:00:00
O00884,ORD018S4,2026-06-27 10:00:00,S4,SKU011,4,2026-06-27 18:00:00,2026-06-27 14:00:00
O00885,ORD018S4,2026-06-27 10:00:00,S4,SKU013,4,2026-06-27 18:00:00,2026-06-27 14:00:00
O00886,ORD018S4,2026-06-27 10:00:00,S4,SKU014,2,2026-06-27 18:00:00,2026-06-27 14:00:00
O00887,ORD018S4,2026-06-27 10:00:00,S4,SKU015,5,2026-06-27 18:00:00,2026-06-27 14:00:00
O00888,ORD018S4,2026-06-27 10:00:00,S4,SKU016,7,2026-06-27 18:00:00,2026-06-27 14:00:00
O00889,ORD018S4,2026-06-27 10:00:00,S4,SKU017,7,2026-06-27 18:00:00,2026-06-27 14:00:00
O00890,ORD018S4,2026-06-27 10:00:00,S4,SKU018,2,2026-06-27 18:00:00,2026-06-27 14:00:00
O00891,ORD018S4,2026-06-27 10:00:00,S4,SKU020,2,2026-06-27 18:00:00,2026-06-27 14:00:00
O00892,ORD018S4,2026-06-27 10:00:00,S4,SKU021,2,2026-06-27 18:00:00,2026-06-27 14:00:00
O00893,ORD018S4,2026-06-27 10:00:00,S4,SKU022,7,2026-06-27 18:00:00,2026-06-27 14:00:00
O00894,ORD018S4,2026-06-27 10:00:00,S4,SKU028,4,2026-06-27 18:00:00,2026-06-27 14:00:00
O00895,ORD018S5,2026-06-27 10:00:00,S5,SKU004,4,2026-06-27 18:00:00,2026-06-27 14:00:00
O00896,ORD018S5,2026-06-27 10:00:00,S5,SKU011,4,2026-06-27 18:00:00,2026-06-27 14:00:00
O00897,ORD018S5,2026-06-27 10:00:00,S5,SKU012,5,2026-06-27 18:00:00,2026-06-27 14:00:00
O00898,ORD018S5,2026-06-27 10:00:00,S5,SKU016,1,2026-06-27 18:00:00,2026-06-27 14:00:00
O00899,ORD018S5,2026-06-27 10:00:00,S5,SKU018,2,2026-06-27 18:00:00,2026-06-27 14:00:00
O00900,ORD018S5,2026-06-27 10:00:00,S5,SKU020,6,2026-06-27 18:00:00,2026-06-27 14:00:00
O00901,ORD018S5,2026-06-27 10:00:00,S5,SKU024,2,2026-06-27 18:00:00,2026-06-27 14:00:00
O00902,ORD018S5,2026-06-27 10:00:00,S5,SKU027,2,2026-06-27 18:00:00,2026-06-27 14:00:00
O00903,ORD019S1,2026-06-28 10:00:00,S1,SKU002,3,2026-06-28 18:00:00,2026-06-28 14:00:00
O00904,ORD019S1,2026-06-28 10:00:00,S1,SKU003,2,2026-06-28 18:00:00,2026-06-28 14:00:00
O00905,ORD019S1,2026-06-28 10:00:00,S1,SKU004,2,2026-06-28 18:00:00,2026-06-28 14:00:00
O00906,ORD019S1,2026-06-28 10:00:00,S1,SKU006,5,2026-06-28 18:00:00,2026-06-28 14:00:00
O00907,ORD019S1,2026-06-28 10:00:00,S1,SKU007,5,2026-06-28 18:00:00,2026-06-28 14:00:00
O00908,ORD019S1,2026-06-28 10:00:00,S1,SKU008,2,2026-06-28 18:00:00,2026-06-28 14:00:00
O00909,ORD019S1,2026-06-28 10:00:00,S1,SKU017,4,2026-06-28 18:00:00,2026-06-28 14:00:00
O00910,ORD019S1,2026-06-28 10:00:00,S1,SKU025,4,2026-06-28 18:00:00,2026-06-28 14:00:00
O00911,ORD019S2,2026-06-28 10:00:00,S2,SKU002,1,2026-06-28 18:00:00,2026-06-28 14:00:00
O00912,ORD019S2,2026-06-28 10:00:00,S2,SKU003,1,2026-06-28 18:00:00,2026-06-28 14:00:00
O00913,ORD019S2,2026-06-28 10:00:00,S2,SKU004,3,2026-06-28 18:00:00,2026-06-28 14:00:00
O00914,ORD019S2,2026-06-28 10:00:00,S2,SKU005,3,2026-06-28 18:00:00,2026-06-28 14:00:00
O00915,ORD019S2,2026-06-28 10:00:00,S2,SKU006,3,2026-06-28 18:00:00,2026-06-28 14:00:00
O00916,ORD019S2,2026-06-28 10:00:00,S2,SKU007,1,2026-06-28 18:00:00,2026-06-28 14:00:00
O00917,ORD019S2,2026-06-28 10:00:00,S2,SKU011,1,2026-06-28 18:00:00,2026-06-28 14:00:00
O00918,ORD019S2,2026-06-28 10:00:00,S2,SKU016,6,2026-06-28 18:00:00,2026-06-28 14:00:00
O00919,ORD019S2,2026-06-28 10:00:00,S2,SKU018,3,2026-06-28 18:00:00,2026-06-28 14:00:00
O00920,ORD019S2,2026-06-28 10:00:00,S2,SKU019,3,2026-06-28 18:00:00,2026-06-28 14:00:00
O00921,ORD019S2,2026-06-28 10:00:00,S2,SKU022,4,2026-06-28 18:00:00,2026-06-28 14:00:00
O00922,ORD019S2,2026-06-28 10:00:00,S2,SKU024,1,2026-06-28 18:00:00,2026-06-28 14:00:00
O00923,ORD019S2,2026-06-28 10:00:00,S2,SKU026,5,2026-06-28 18:00:00,2026-06-28 14:00:00
O00924,ORD019S3,2026-06-28 10:00:00,S3,SKU002,5,2026-06-28 18:00:00,2026-06-28 14:00:00
O00925,ORD019S3,2026-06-28 10:00:00,S3,SKU004,5,2026-06-28 18:00:00,2026-06-28 14:00:00
O00926,ORD019S3,2026-06-28 10:00:00,S3,SKU006,6,2026-06-28 18:00:00,2026-06-28 14:00:00
O00927,ORD019S3,2026-06-28 10:00:00,S3,SKU011,2,2026-06-28 18:00:00,2026-06-28 14:00:00
O00928,ORD019S3,2026-06-28 10:00:00,S3,SKU013,3,2026-06-28 18:00:00,2026-06-28 14:00:00
O00929,ORD019S3,2026-06-28 10:00:00,S3,SKU016,3,2026-06-28 18:00:00,2026-06-28 14:00:00
O00930,ORD019S3,2026-06-28 10:00:00,S3,SKU017,6,2026-06-28 18:00:00,2026-06-28 14:00:00
O00931,ORD019S3,2026-06-28 10:00:00,S3,SKU021,3,2026-06-28 18:00:00,2026-06-28 14:00:00
O00932,ORD019S3,2026-06-28 10:00:00,S3,SKU022,2,2026-06-28 18:00:00,2026-06-28 14:00:00
O00933,ORD019S3,2026-06-28 10:00:00,S3,SKU023,8,2026-06-28 18:00:00,2026-06-28 14:00:00
O00934,ORD019S3,2026-06-28 10:00:00,S3,SKU027,5,2026-06-28 18:00:00,2026-06-28 14:00:00
O00935,ORD019S3,2026-06-28 10:00:00,S3,SKU028,6,2026-06-28 18:00:00,2026-06-28 14:00:00
O00936,ORD019S4,2026-06-28 10:00:00,S4,SKU001,5,2026-06-28 18:00:00,2026-06-28 14:00:00
O00937,ORD019S4,2026-06-28 10:00:00,S4,SKU004,2,2026-06-28 18:00:00,2026-06-28 14:00:00
O00938,ORD019S4,2026-06-28 10:00:00,S4,SKU005,4,2026-06-28 18:00:00,2026-06-28 14:00:00
O00939,ORD019S4,2026-06-28 10:00:00,S4,SKU007,7,2026-06-28 18:00:00,2026-06-28 14:00:00
O00940,ORD019S4,2026-06-28 10:00:00,S4,SKU009,9,2026-06-28 18:00:00,2026-06-28 14:00:00
O00941,ORD019S4,2026-06-28 10:00:00,S4,SKU014,4,2026-06-28 18:00:00,2026-06-28 14:00:00
O00942,ORD019S4,2026-06-28 10:00:00,S4,SKU025,7,2026-06-28 18:00:00,2026-06-28 14:00:00
O00943,ORD019S5,2026-06-28 10:00:00,S5,SKU003,1,2026-06-28 18:00:00,2026-06-28 14:00:00
O00944,ORD019S5,2026-06-28 10:00:00,S5,SKU004,5,2026-06-28 18:00:00,2026-06-28 14:00:00
O00945,ORD019S5,2026-06-28 10:00:00,S5,SKU006,4,2026-06-28 18:00:00,2026-06-28 14:00:00
O00946,ORD019S5,2026-06-28 10:00:00,S5,SKU011,4,2026-06-28 18:00:00,2026-06-28 14:00:00
O00947,ORD019S5,2026-06-28 10:00:00,S5,SKU012,1,2026-06-28 18:00:00,2026-06-28 14:00:00
O00948,ORD019S5,2026-06-28 10:00:00,S5,SKU016,1,2026-06-28 18:00:00,2026-06-28 14:00:00
O00949,ORD019S5,2026-06-28 10:00:00,S5,SKU028,4,2026-06-28 18:00:00,2026-06-28 14:00:00
O00950,ORD020S1,2026-06-29 10:00:00,S1,SKU001,2,2026-06-29 18:00:00,2026-06-29 14:00:00
O00951,ORD020S1,2026-06-29 10:00:00,S1,SKU002,2,2026-06-29 18:00:00,2026-06-29 14:00:00
O00952,ORD020S1,2026-06-29 10:00:00,S1,SKU003,3,2026-06-29 18:00:00,2026-06-29 14:00:00
O00953,ORD020S1,2026-06-29 10:00:00,S1,SKU004,1,2026-06-29 18:00:00,2026-06-29 14:00:00
O00954,ORD020S1,2026-06-29 10:00:00,S1,SKU006,4,2026-06-29 18:00:00,2026-06-29 14:00:00
O00955,ORD020S1,2026-06-29 10:00:00,S1,SKU009,4,2026-06-29 18:00:00,2026-06-29 14:00:00
O00956,ORD020S1,2026-06-29 10:00:00,S1,SKU011,1,2026-06-29 18:00:00,2026-06-29 14:00:00
O00957,ORD020S1,2026-06-29 10:00:00,S1,SKU014,2,2026-06-29 18:00:00,2026-06-29 14:00:00
O00958,ORD020S1,2026-06-29 10:00:00,S1,SKU017,2,2026-06-29 18:00:00,2026-06-29 14:00:00
O00959,ORD020S1,2026-06-29 10:00:00,S1,SKU021,4,2026-06-29 18:00:00,2026-06-29 14:00:00
O00960,ORD020S1,2026-06-29 10:00:00,S1,SKU023,1,2026-06-29 18:00:00,2026-06-29 14:00:00
O00961,ORD020S2,2026-06-29 10:00:00,S2,SKU001,4,2026-06-29 18:00:00,2026-06-29 14:00:00
O00962,ORD020S2,2026-06-29 10:00:00,S2,SKU002,1,2026-06-29 18:00:00,2026-06-29 14:00:00
O00963,ORD020S2,2026-06-29 10:00:00,S2,SKU003,5,2026-06-29 18:00:00,2026-06-29 14:00:00
O00964,ORD020S2,2026-06-29 10:00:00,S2,SKU005,1,2026-06-29 18:00:00,2026-06-29 14:00:00
O00965,ORD020S2,2026-06-29 10:00:00,S2,SKU006,2,2026-06-29 18:00:00,2026-06-29 14:00:00
O00966,ORD020S2,2026-06-29 10:00:00,S2,SKU008,2,2026-06-29 18:00:00,2026-06-29 14:00:00
O00967,ORD020S2,2026-06-29 10:00:00,S2,SKU012,1,2026-06-29 18:00:00,2026-06-29 14:00:00
O00968,ORD020S2,2026-06-29 10:00:00,S2,SKU017,1,2026-06-29 18:00:00,2026-06-29 14:00:00
O00969,ORD020S2,2026-06-29 10:00:00,S2,SKU020,5,2026-06-29 18:00:00,2026-06-29 14:00:00
O00970,ORD020S2,2026-06-29 10:00:00,S2,SKU021,2,2026-06-29 18:00:00,2026-06-29 14:00:00
O00971,ORD020S2,2026-06-29 10:00:00,S2,SKU027,3,2026-06-29 18:00:00,2026-06-29 14:00:00
O00972,ORD020S3,2026-06-29 10:00:00,S3,SKU019,4,2026-06-29 18:00:00,2026-06-29 14:00:00
O00973,ORD020S3,2026-06-29 10:00:00,S3,SKU022,1,2026-06-29 18:00:00,2026-06-29 14:00:00
O00974,ORD020S3,2026-06-29 10:00:00,S3,SKU028,4,2026-06-29 18:00:00,2026-06-29 14:00:00
O00975,ORD020S4,2026-06-29 10:00:00,S4,SKU001,1,2026-06-29 18:00:00,2026-06-29 14:00:00
O00976,ORD020S4,2026-06-29 10:00:00,S4,SKU002,7,2026-06-29 18:00:00,2026-06-29 14:00:00
O00977,ORD020S4,2026-06-29 10:00:00,S4,SKU003,6,2026-06-29 18:00:00,2026-06-29 14:00:00
O00978,ORD020S4,2026-06-29 10:00:00,S4,SKU011,6,2026-06-29 18:00:00,2026-06-29 14:00:00
O00979,ORD020S4,2026-06-29 10:00:00,S4,SKU012,1,2026-06-29 18:00:00,2026-06-29 14:00:00
O00980,ORD020S4,2026-06-29 10:00:00,S4,SKU013,6,2026-06-29 18:00:00,2026-06-29 14:00:00
O00981,ORD020S4,2026-06-29 10:00:00,S4,SKU015,6,2026-06-29 18:00:00,2026-06-29 14:00:00
O00982,ORD020S4,2026-06-29 10:00:00,S4,SKU016,1,2026-06-29 18:00:00,2026-06-29 14:00:00
O00983,ORD020S4,2026-06-29 10:00:00,S4,SKU017,1,2026-06-29 18:00:00,2026-06-29 14:00:00
O00984,ORD020S5,2026-06-29 10:00:00,S5,SKU001,1,2026-06-29 18:00:00,2026-06-29 14:00:00
O00985,ORD020S5,2026-06-29 10:00:00,S5,SKU005,2,2026-06-29 18:00:00,2026-06-29 14:00:00
O00986,ORD020S5,2026-06-29 10:00:00,S5,SKU006,2,2026-06-29 18:00:00,2026-06-29 14:00:00
O00987,ORD020S5,2026-06-29 10:00:00,S5,SKU007,4,2026-06-29 18:00:00,2026-06-29 14:00:00
O00988,ORD020S5,2026-06-29 10:00:00,S5,SKU008,4,2026-06-29 18:00:00,2026-06-29 14:00:00
O00989,ORD020S5,2026-06-29 10:00:00,S5,SKU014,2,2026-06-29 18:00:00,2026-06-29 14:00:00
O00990,ORD020S5,2026-06-29 10:00:00,S5,SKU015,3,2026-06-29 18:00:00,2026-06-29 14:00:00
O00991,ORD020S5,2026-06-29 10:00:00,S5,SKU018,3,2026-06-29 18:00:00,2026-06-29 14:00:00
O00992,ORD021S1,2026-06-30 10:00:00,S1,SKU001,4,2026-06-30 18:00:00,2026-06-30 14:00:00
O00993,ORD021S1,2026-06-30 10:00:00,S1,SKU002,4,2026-06-30 18:00:00,2026-06-30 14:00:00
O00994,ORD021S1,2026-06-30 10:00:00,S1,SKU003,3,2026-06-30 18:00:00,2026-06-30 14:00:00
O00995,ORD021S1,2026-06-30 10:00:00,S1,SKU004,3,2026-06-30 18:00:00,2026-06-30 14:00:00
O00996,ORD021S1,2026-06-30 10:00:00,S1,SKU005,3,2026-06-30 18:00:00,2026-06-30 14:00:00
O00997,ORD021S1,2026-06-30 10:00:00,S1,SKU006,4,2026-06-30 18:00:00,2026-06-30 14:00:00
O00998,ORD021S1,2026-06-30 10:00:00,S1,SKU012,3,2026-06-30 18:00:00,2026-06-30 14:00:00
O00999,ORD021S1,2026-06-30 10:00:00,S1,SKU014,2,2026-06-30 18:00:00,2026-06-30 14:00:00
O01000,ORD021S1,2026-06-30 10:00:00,S1,SKU027,4,2026-06-30 18:00:00,2026-06-30 14:00:00
O01001,ORD021S2,2026-06-30 10:00:00,S2,SKU001,1,2026-06-30 18:00:00,2026-06-30 14:00:00
O01002,ORD021S2,2026-06-30 10:00:00,S2,SKU002,4,2026-06-30 18:00:00,2026-06-30 14:00:00
O01003,ORD021S2,2026-06-30 10:00:00,S2,SKU003,4,2026-06-30 18:00:00,2026-06-30 14:00:00
O01004,ORD021S2,2026-06-30 10:00:00,S2,SKU005,3,2026-06-30 18:00:00,2026-06-30 14:00:00
O01005,ORD021S2,2026-06-30 10:00:00,S2,SKU006,2,2026-06-30 18:00:00,2026-06-30 14:00:00
O01006,ORD021S2,2026-06-30 10:00:00,S2,SKU009,4,2026-06-30 18:00:00,2026-06-30 14:00:00
O01007,ORD021S2,2026-06-30 10:00:00,S2,SKU014,1,2026-06-30 18:00:00,2026-06-30 14:00:00
O01008,ORD021S2,2026-06-30 10:00:00,S2,SKU019,1,2026-06-30 18:00:00,2026-06-30 14:00:00
O01009,ORD021S2,2026-06-30 10:00:00,S2,SKU020,2,2026-06-30 18:00:00,2026-06-30 14:00:00
O01010,ORD021S2,2026-06-30 10:00:00,S2,SKU025,5,2026-06-30 18:00:00,2026-06-30 14:00:00
O01011,ORD021S2,2026-06-30 10:00:00,S2,SKU026,2,2026-06-30 18:00:00,2026-06-30 14:00:00
O01012,ORD021S3,2026-06-30 10:00:00,S3,SKU001,1,2026-06-30 18:00:00,2026-06-30 14:00:00
O01013,ORD021S3,2026-06-30 10:00:00,S3,SKU002,1,2026-06-30 18:00:00,2026-06-30 14:00:00
O01014,ORD021S3,2026-06-30 10:00:00,S3,SKU004,6,2026-06-30 18:00:00,2026-06-30 14:00:00
O01015,ORD021S3,2026-06-30 10:00:00,S3,SKU006,5,2026-06-30 18:00:00,2026-06-30 14:00:00
O01016,ORD021S3,2026-06-30 10:00:00,S3,SKU012,2,2026-06-30 18:00:00,2026-06-30 14:00:00
O01017,ORD021S3,2026-06-30 10:00:00,S3,SKU013,2,2026-06-30 18:00:00,2026-06-30 14:00:00
O01018,ORD021S3,2026-06-30 10:00:00,S3,SKU022,5,2026-06-30 18:00:00,2026-06-30 14:00:00
O01019,ORD021S3,2026-06-30 10:00:00,S3,SKU027,5,2026-06-30 18:00:00,2026-06-30 14:00:00
O01020,ORD021S4,2026-06-30 10:00:00,S4,SKU001,6,2026-06-30 18:00:00,2026-06-30 14:00:00
O01021,ORD021S4,2026-06-30 10:00:00,S4,SKU002,4,2026-06-30 18:00:00,2026-06-30 14:00:00
O01022,ORD021S4,2026-06-30 10:00:00,S4,SKU003,6,2026-06-30 18:00:00,2026-06-30 14:00:00
O01023,ORD021S4,2026-06-30 10:00:00,S4,SKU005,4,2026-06-30 18:00:00,2026-06-30 14:00:00
O01024,ORD021S4,2026-06-30 10:00:00,S4,SKU006,4,2026-06-30 18:00:00,2026-06-30 14:00:00
O01025,ORD021S4,2026-06-30 10:00:00,S4,SKU007,7,2026-06-30 18:00:00,2026-06-30 14:00:00
O01026,ORD021S4,2026-06-30 10:00:00,S4,SKU014,7,2026-06-30 18:00:00,2026-06-30 14:00:00
O01027,ORD021S4,2026-06-30 10:00:00,S4,SKU020,7,2026-06-30 18:00:00,2026-06-30 14:00:00
O01028,ORD021S4,2026-06-30 10:00:00,S4,SKU026,3,2026-06-30 18:00:00,2026-06-30 14:00:00
O01029,ORD021S5,2026-06-30 10:00:00,S5,SKU001,1,2026-06-30 18:00:00,2026-06-30 14:00:00
O01030,ORD021S5,2026-06-30 10:00:00,S5,SKU008,2,2026-06-30 18:00:00,2026-06-30 14:00:00
O01031,ORD021S5,2026-06-30 10:00:00,S5,SKU009,4,2026-06-30 18:00:00,2026-06-30 14:00:00
O01032,ORD021S5,2026-06-30 10:00:00,S5,SKU011,4,2026-06-30 18:00:00,2026-06-30 14:00:00
O01033,ORD021S5,2026-06-30 10:00:00,S5,SKU014,1,2026-06-30 18:00:00,2026-06-30 14:00:00
O01034,ORD022S1,2026-07-01 10:00:00,S1,SKU001,4,2026-07-01 18:00:00,2026-07-01 14:00:00
O01035,ORD022S1,2026-07-01 10:00:00,S1,SKU002,1,2026-07-01 18:00:00,2026-07-01 14:00:00
O01036,ORD022S1,2026-07-01 10:00:00,S1,SKU006,2,2026-07-01 18:00:00,2026-07-01 14:00:00
O01037,ORD022S1,2026-07-01 10:00:00,S1,SKU007,2,2026-07-01 18:00:00,2026-07-01 14:00:00
O01038,ORD022S1,2026-07-01 10:00:00,S1,SKU008,2,2026-07-01 18:00:00,2026-07-01 14:00:00
O01039,ORD022S1,2026-07-01 10:00:00,S1,SKU013,2,2026-07-01 18:00:00,2026-07-01 14:00:00
O01040,ORD022S1,2026-07-01 10:00:00,S1,SKU021,3,2026-07-01 18:00:00,2026-07-01 14:00:00
O01041,ORD022S1,2026-07-01 10:00:00,S1,SKU027,2,2026-07-01 18:00:00,2026-07-01 14:00:00
O01042,ORD022S2,2026-07-01 10:00:00,S2,SKU001,5,2026-07-01 18:00:00,2026-07-01 14:00:00
O01043,ORD022S2,2026-07-01 10:00:00,S2,SKU002,5,2026-07-01 18:00:00,2026-07-01 14:00:00
O01044,ORD022S2,2026-07-01 10:00:00,S2,SKU003,4,2026-07-01 18:00:00,2026-07-01 14:00:00
O01045,ORD022S2,2026-07-01 10:00:00,S2,SKU004,4,2026-07-01 18:00:00,2026-07-01 14:00:00
O01046,ORD022S2,2026-07-01 10:00:00,S2,SKU006,4,2026-07-01 18:00:00,2026-07-01 14:00:00
O01047,ORD022S2,2026-07-01 10:00:00,S2,SKU007,1,2026-07-01 18:00:00,2026-07-01 14:00:00
O01048,ORD022S2,2026-07-01 10:00:00,S2,SKU009,3,2026-07-01 18:00:00,2026-07-01 14:00:00
O01049,ORD022S2,2026-07-01 10:00:00,S2,SKU011,2,2026-07-01 18:00:00,2026-07-01 14:00:00
O01050,ORD022S2,2026-07-01 10:00:00,S2,SKU017,5,2026-07-01 18:00:00,2026-07-01 14:00:00
O01051,ORD022S2,2026-07-01 10:00:00,S2,SKU018,3,2026-07-01 18:00:00,2026-07-01 14:00:00
O01052,ORD022S2,2026-07-01 10:00:00,S2,SKU021,3,2026-07-01 18:00:00,2026-07-01 14:00:00
O01053,ORD022S3,2026-07-01 10:00:00,S3,SKU001,1,2026-07-01 18:00:00,2026-07-01 14:00:00
O01054,ORD022S3,2026-07-01 10:00:00,S3,SKU002,6,2026-07-01 18:00:00,2026-07-01 14:00:00
O01055,ORD022S3,2026-07-01 10:00:00,S3,SKU003,5,2026-07-01 18:00:00,2026-07-01 14:00:00
O01056,ORD022S3,2026-07-01 10:00:00,S3,SKU006,5,2026-07-01 18:00:00,2026-07-01 14:00:00
O01057,ORD022S3,2026-07-01 10:00:00,S3,SKU007,4,2026-07-01 18:00:00,2026-07-01 14:00:00
O01058,ORD022S3,2026-07-01 10:00:00,S3,SKU008,5,2026-07-01 18:00:00,2026-07-01 14:00:00
O01059,ORD022S3,2026-07-01 10:00:00,S3,SKU016,4,2026-07-01 18:00:00,2026-07-01 14:00:00
O01060,ORD022S3,2026-07-01 10:00:00,S3,SKU017,1,2026-07-01 18:00:00,2026-07-01 14:00:00
O01061,ORD022S3,2026-07-01 10:00:00,S3,SKU018,1,2026-07-01 18:00:00,2026-07-01 14:00:00
O01062,ORD022S3,2026-07-01 10:00:00,S3,SKU019,2,2026-07-01 18:00:00,2026-07-01 14:00:00
O01063,ORD022S3,2026-07-01 10:00:00,S3,SKU023,6,2026-07-01 18:00:00,2026-07-01 14:00:00
O01064,ORD022S3,2026-07-01 10:00:00,S3,SKU024,2,2026-07-01 18:00:00,2026-07-01 14:00:00
O01065,ORD022S3,2026-07-01 10:00:00,S3,SKU027,4,2026-07-01 18:00:00,2026-07-01 14:00:00
O01066,ORD022S4,2026-07-01 10:00:00,S4,SKU002,1,2026-07-01 18:00:00,2026-07-01 14:00:00
O01067,ORD022S4,2026-07-01 10:00:00,S4,SKU003,6,2026-07-01 18:00:00,2026-07-01 14:00:00
O01068,ORD022S4,2026-07-01 10:00:00,S4,SKU004,1,2026-07-01 18:00:00,2026-07-01 14:00:00
O01069,ORD022S4,2026-07-01 10:00:00,S4,SKU006,6,2026-07-01 18:00:00,2026-07-01 14:00:00
O01070,ORD022S4,2026-07-01 10:00:00,S4,SKU013,1,2026-07-01 18:00:00,2026-07-01 14:00:00
O01071,ORD022S4,2026-07-01 10:00:00,S4,SKU017,3,2026-07-01 18:00:00,2026-07-01 14:00:00
O01072,ORD022S4,2026-07-01 10:00:00,S4,SKU019,1,2026-07-01 18:00:00,2026-07-01 14:00:00
O01073,ORD022S4,2026-07-01 10:00:00,S4,SKU020,6,2026-07-01 18:00:00,2026-07-01 14:00:00
O01074,ORD022S4,2026-07-01 10:00:00,S4,SKU021,7,2026-07-01 18:00:00,2026-07-01 14:00:00
O01075,ORD022S4,2026-07-01 10:00:00,S4,SKU022,7,2026-07-01 18:00:00,2026-07-01 14:00:00
O01076,ORD022S5,2026-07-01 10:00:00,S5,SKU001,4,2026-07-01 18:00:00,2026-07-01 14:00:00
O01077,ORD022S5,2026-07-01 10:00:00,S5,SKU003,3,2026-07-01 18:00:00,2026-07-01 14:00:00
O01078,ORD022S5,2026-07-01 10:00:00,S5,SKU004,1,2026-07-01 18:00:00,2026-07-01 14:00:00
O01079,ORD022S5,2026-07-01 10:00:00,S5,SKU005,3,2026-07-01 18:00:00,2026-07-01 14:00:00
O01080,ORD022S5,2026-07-01 10:00:00,S5,SKU006,1,2026-07-01 18:00:00,2026-07-01 14:00:00
O01081,ORD022S5,2026-07-01 10:00:00,S5,SKU009,3,2026-07-01 18:00:00,2026-07-01 14:00:00
O01082,ORD022S5,2026-07-01 10:00:00,S5,SKU011,4,2026-07-01 18:00:00,2026-07-01 14:00:00
O01083,ORD022S5,2026-07-01 10:00:00,S5,SKU013,4,2026-07-01 18:00:00,2026-07-01 14:00:00
O01084,ORD022S5,2026-07-01 10:00:00,S5,SKU017,4,2026-07-01 18:00:00,2026-07-01 14:00:00
O01085,ORD022S5,2026-07-01 10:00:00,S5,SKU021,4,2026-07-01 18:00:00,2026-07-01 14:00:00
O01086,ORD022S5,2026-07-01 10:00:00,S5,SKU025,1,2026-07-01 18:00:00,2026-07-01 14:00:00
O01087,ORD023S1,2026-07-02 10:00:00,S1,SKU001,2,2026-07-02 18:00:00,2026-07-02 14:00:00
O01088,ORD023S1,2026-07-02 10:00:00,S1,SKU002,4,2026-07-02 18:00:00,2026-07-02 14:00:00
O01089,ORD023S1,2026-07-02 10:00:00,S1,SKU003,2,2026-07-02 18:00:00,2026-07-02 14:00:00
O01090,ORD023S1,2026-07-02 10:00:00,S1,SKU004,1,2026-07-02 18:00:00,2026-07-02 14:00:00
O01091,ORD023S1,2026-07-02 10:00:00,S1,SKU005,3,2026-07-02 18:00:00,2026-07-02 14:00:00
O01092,ORD023S1,2026-07-02 10:00:00,S1,SKU006,2,2026-07-02 18:00:00,2026-07-02 14:00:00
O01093,ORD023S1,2026-07-02 10:00:00,S1,SKU007,3,2026-07-02 18:00:00,2026-07-02 14:00:00
O01094,ORD023S1,2026-07-02 10:00:00,S1,SKU009,2,2026-07-02 18:00:00,2026-07-02 14:00:00
O01095,ORD023S1,2026-07-02 10:00:00,S1,SKU011,2,2026-07-02 18:00:00,2026-07-02 14:00:00
O01096,ORD023S1,2026-07-02 10:00:00,S1,SKU013,2,2026-07-02 18:00:00,2026-07-02 14:00:00
O01097,ORD023S1,2026-07-02 10:00:00,S1,SKU016,2,2026-07-02 18:00:00,2026-07-02 14:00:00
O01098,ORD023S1,2026-07-02 10:00:00,S1,SKU017,1,2026-07-02 18:00:00,2026-07-02 14:00:00
O01099,ORD023S1,2026-07-02 10:00:00,S1,SKU024,1,2026-07-02 18:00:00,2026-07-02 14:00:00
O01100,ORD023S1,2026-07-02 10:00:00,S1,SKU026,4,2026-07-02 18:00:00,2026-07-02 14:00:00
O01101,ORD023S2,2026-07-02 10:00:00,S2,SKU003,4,2026-07-02 18:00:00,2026-07-02 14:00:00
O01102,ORD023S2,2026-07-02 10:00:00,S2,SKU005,1,2026-07-02 18:00:00,2026-07-02 14:00:00
O01103,ORD023S2,2026-07-02 10:00:00,S2,SKU006,5,2026-07-02 18:00:00,2026-07-02 14:00:00
O01104,ORD023S2,2026-07-02 10:00:00,S2,SKU009,2,2026-07-02 18:00:00,2026-07-02 14:00:00
O01105,ORD023S2,2026-07-02 10:00:00,S2,SKU012,5,2026-07-02 18:00:00,2026-07-02 14:00:00
O01106,ORD023S2,2026-07-02 10:00:00,S2,SKU014,3,2026-07-02 18:00:00,2026-07-02 14:00:00
O01107,ORD023S2,2026-07-02 10:00:00,S2,SKU015,5,2026-07-02 18:00:00,2026-07-02 14:00:00
O01108,ORD023S2,2026-07-02 10:00:00,S2,SKU026,1,2026-07-02 18:00:00,2026-07-02 14:00:00
O01109,ORD023S3,2026-07-02 10:00:00,S3,SKU002,2,2026-07-02 18:00:00,2026-07-02 14:00:00
O01110,ORD023S3,2026-07-02 10:00:00,S3,SKU003,2,2026-07-02 18:00:00,2026-07-02 14:00:00
O01111,ORD023S3,2026-07-02 10:00:00,S3,SKU004,6,2026-07-02 18:00:00,2026-07-02 14:00:00
O01112,ORD023S3,2026-07-02 10:00:00,S3,SKU005,4,2026-07-02 18:00:00,2026-07-02 14:00:00
O01113,ORD023S3,2026-07-02 10:00:00,S3,SKU006,5,2026-07-02 18:00:00,2026-07-02 14:00:00
O01114,ORD023S3,2026-07-02 10:00:00,S3,SKU007,4,2026-07-02 18:00:00,2026-07-02 14:00:00
O01115,ORD023S3,2026-07-02 10:00:00,S3,SKU013,5,2026-07-02 18:00:00,2026-07-02 14:00:00
O01116,ORD023S3,2026-07-02 10:00:00,S3,SKU018,1,2026-07-02 18:00:00,2026-07-02 14:00:00
O01117,ORD023S3,2026-07-02 10:00:00,S3,SKU019,2,2026-07-02 18:00:00,2026-07-02 14:00:00
O01118,ORD023S3,2026-07-02 10:00:00,S3,SKU028,4,2026-07-02 18:00:00,2026-07-02 14:00:00
O01119,ORD023S4,2026-07-02 10:00:00,S4,SKU001,3,2026-07-02 18:00:00,2026-07-02 14:00:00
O01120,ORD023S4,2026-07-02 10:00:00,S4,SKU002,1,2026-07-02 18:00:00,2026-07-02 14:00:00
O01121,ORD023S4,2026-07-02 10:00:00,S4,SKU003,6,2026-07-02 18:00:00,2026-07-02 14:00:00
O01122,ORD023S4,2026-07-02 10:00:00,S4,SKU005,3,2026-07-02 18:00:00,2026-07-02 14:00:00
O01123,ORD023S4,2026-07-02 10:00:00,S4,SKU017,1,2026-07-02 18:00:00,2026-07-02 14:00:00
O01124,ORD023S4,2026-07-02 10:00:00,S4,SKU020,6,2026-07-02 18:00:00,2026-07-02 14:00:00
O01125,ORD023S4,2026-07-02 10:00:00,S4,SKU021,1,2026-07-02 18:00:00,2026-07-02 14:00:00
O01126,ORD023S4,2026-07-02 10:00:00,S4,SKU028,1,2026-07-02 18:00:00,2026-07-02 14:00:00
O01127,ORD023S5,2026-07-02 10:00:00,S5,SKU001,4,2026-07-02 18:00:00,2026-07-02 14:00:00
O01128,ORD023S5,2026-07-02 10:00:00,S5,SKU002,4,2026-07-02 18:00:00,2026-07-02 14:00:00
O01129,ORD023S5,2026-07-02 10:00:00,S5,SKU004,4,2026-07-02 18:00:00,2026-07-02 14:00:00
O01130,ORD023S5,2026-07-02 10:00:00,S5,SKU006,4,2026-07-02 18:00:00,2026-07-02 14:00:00
O01131,ORD023S5,2026-07-02 10:00:00,S5,SKU007,2,2026-07-02 18:00:00,2026-07-02 14:00:00
O01132,ORD023S5,2026-07-02 10:00:00,S5,SKU008,3,2026-07-02 18:00:00,2026-07-02 14:00:00
O01133,ORD023S5,2026-07-02 10:00:00,S5,SKU011,4,2026-07-02 18:00:00,2026-07-02 14:00:00
O01134,ORD023S5,2026-07-02 10:00:00,S5,SKU014,4,2026-07-02 18:00:00,2026-07-02 14:00:00
O01135,ORD023S5,2026-07-02 10:00:00,S5,SKU019,4,2026-07-02 18:00:00,2026-07-02 14:00:00
O01136,ORD023S5,2026-07-02 10:00:00,S5,SKU023,3,2026-07-02 18:00:00,2026-07-02 14:00:00
O01137,ORD023S5,2026-07-02 10:00:00,S5,SKU024,2,2026-07-02 18:00:00,2026-07-02 14:00:00
O01138,ORD023S5,2026-07-02 10:00:00,S5,SKU027,1,2026-07-02 18:00:00,2026-07-02 14:00:00
O01139,ORD023S5,2026-07-02 10:00:00,S5,SKU028,3,2026-07-02 18:00:00,2026-07-02 14:00:00
O01140,ORD024S1,2026-07-03 10:00:00,S1,SKU002,2,2026-07-03 18:00:00,2026-07-03 14:00:00
O01141,ORD024S1,2026-07-03 10:00:00,S1,SKU003,2,2026-07-03 18:00:00,2026-07-03 14:00:00
O01142,ORD024S1,2026-07-03 10:00:00,S1,SKU004,2,2026-07-03 18:00:00,2026-07-03 14:00:00
O01143,ORD024S1,2026-07-03 10:00:00,S1,SKU006,3,2026-07-03 18:00:00,2026-07-03 14:00:00
O01144,ORD024S1,2026-07-03 10:00:00,S1,SKU012,2,2026-07-03 18:00:00,2026-07-03 14:00:00
O01145,ORD024S1,2026-07-03 10:00:00,S1,SKU014,1,2026-07-03 18:00:00,2026-07-03 14:00:00
O01146,ORD024S2,2026-07-03 10:00:00,S2,SKU001,1,2026-07-03 18:00:00,2026-07-03 14:00:00
O01147,ORD024S2,2026-07-03 10:00:00,S2,SKU002,3,2026-07-03 18:00:00,2026-07-03 14:00:00
O01148,ORD024S2,2026-07-03 10:00:00,S2,SKU005,1,2026-07-03 18:00:00,2026-07-03 14:00:00
O01149,ORD024S2,2026-07-03 10:00:00,S2,SKU006,5,2026-07-03 18:00:00,2026-07-03 14:00:00
O01150,ORD024S2,2026-07-03 10:00:00,S2,SKU011,2,2026-07-03 18:00:00,2026-07-03 14:00:00
O01151,ORD024S2,2026-07-03 10:00:00,S2,SKU014,3,2026-07-03 18:00:00,2026-07-03 14:00:00
O01152,ORD024S2,2026-07-03 10:00:00,S2,SKU015,4,2026-07-03 18:00:00,2026-07-03 14:00:00
O01153,ORD024S2,2026-07-03 10:00:00,S2,SKU024,1,2026-07-03 18:00:00,2026-07-03 14:00:00
O01154,ORD024S3,2026-07-03 10:00:00,S3,SKU001,5,2026-07-03 18:00:00,2026-07-03 14:00:00
O01155,ORD024S3,2026-07-03 10:00:00,S3,SKU002,4,2026-07-03 18:00:00,2026-07-03 14:00:00
O01156,ORD024S3,2026-07-03 10:00:00,S3,SKU003,2,2026-07-03 18:00:00,2026-07-03 14:00:00
O01157,ORD024S3,2026-07-03 10:00:00,S3,SKU004,6,2026-07-03 18:00:00,2026-07-03 14:00:00
O01158,ORD024S3,2026-07-03 10:00:00,S3,SKU008,1,2026-07-03 18:00:00,2026-07-03 14:00:00
O01159,ORD024S3,2026-07-03 10:00:00,S3,SKU011,2,2026-07-03 18:00:00,2026-07-03 14:00:00
O01160,ORD024S3,2026-07-03 10:00:00,S3,SKU013,4,2026-07-03 18:00:00,2026-07-03 14:00:00
O01161,ORD024S3,2026-07-03 10:00:00,S3,SKU015,1,2026-07-03 18:00:00,2026-07-03 14:00:00
O01162,ORD024S3,2026-07-03 10:00:00,S3,SKU019,5,2026-07-03 18:00:00,2026-07-03 14:00:00
O01163,ORD024S3,2026-07-03 10:00:00,S3,SKU021,6,2026-07-03 18:00:00,2026-07-03 14:00:00
O01164,ORD024S3,2026-07-03 10:00:00,S3,SKU027,5,2026-07-03 18:00:00,2026-07-03 14:00:00
O01165,ORD024S3,2026-07-03 10:00:00,S3,SKU028,5,2026-07-03 18:00:00,2026-07-03 14:00:00
O01166,ORD024S4,2026-07-03 10:00:00,S4,SKU002,6,2026-07-03 18:00:00,2026-07-03 14:00:00
O01167,ORD024S4,2026-07-03 10:00:00,S4,SKU004,6,2026-07-03 18:00:00,2026-07-03 14:00:00
O01168,ORD024S4,2026-07-03 10:00:00,S4,SKU005,1,2026-07-03 18:00:00,2026-07-03 14:00:00
O01169,ORD024S4,2026-07-03 10:00:00,S4,SKU006,1,2026-07-03 18:00:00,2026-07-03 14:00:00
O01170,ORD024S4,2026-07-03 10:00:00,S4,SKU007,4,2026-07-03 18:00:00,2026-07-03 14:00:00
O01171,ORD024S4,2026-07-03 10:00:00,S4,SKU011,1,2026-07-03 18:00:00,2026-07-03 14:00:00
O01172,ORD024S4,2026-07-03 10:00:00,S4,SKU013,4,2026-07-03 18:00:00,2026-07-03 14:00:00
O01173,ORD024S4,2026-07-03 10:00:00,S4,SKU016,1,2026-07-03 18:00:00,2026-07-03 14:00:00
O01174,ORD024S4,2026-07-03 10:00:00,S4,SKU021,4,2026-07-03 18:00:00,2026-07-03 14:00:00
O01175,ORD024S4,2026-07-03 10:00:00,S4,SKU025,6,2026-07-03 18:00:00,2026-07-03 14:00:00
O01176,ORD024S4,2026-07-03 10:00:00,S4,SKU026,7,2026-07-03 18:00:00,2026-07-03 14:00:00
O01177,ORD024S4,2026-07-03 10:00:00,S4,SKU028,7,2026-07-03 18:00:00,2026-07-03 14:00:00
O01178,ORD024S5,2026-07-03 10:00:00,S5,SKU002,2,2026-07-03 18:00:00,2026-07-03 14:00:00
O01179,ORD024S5,2026-07-03 10:00:00,S5,SKU003,3,2026-07-03 18:00:00,2026-07-03 14:00:00
O01180,ORD024S5,2026-07-03 10:00:00,S5,SKU006,2,2026-07-03 18:00:00,2026-07-03 14:00:00
O01181,ORD024S5,2026-07-03 10:00:00,S5,SKU007,4,2026-07-03 18:00:00,2026-07-03 14:00:00
O01182,ORD024S5,2026-07-03 10:00:00,S5,SKU020,1,2026-07-03 18:00:00,2026-07-03 14:00:00
O01183,ORD024S5,2026-07-03 10:00:00,S5,SKU021,2,2026-07-03 18:00:00,2026-07-03 14:00:00
O01184,ORD024S5,2026-07-03 10:00:00,S5,SKU026,4,2026-07-03 18:00:00,2026-07-03 14:00:00
O01185,ORD024S5,2026-07-03 10:00:00,S5,SKU028,2,2026-07-03 18:00:00,2026-07-03 14:00:00
O01186,ORD025S1,2026-07-04 10:00:00,S1,SKU004,4,2026-07-04 18:00:00,2026-07-04 14:00:00
O01187,ORD025S1,2026-07-04 10:00:00,S1,SKU006,1,2026-07-04 18:00:00,2026-07-04 14:00:00
O01188,ORD025S1,2026-07-04 10:00:00,S1,SKU009,2,2026-07-04 18:00:00,2026-07-04 14:00:00
O01189,ORD025S1,2026-07-04 10:00:00,S1,SKU015,3,2026-07-04 18:00:00,2026-07-04 14:00:00
O01190,ORD025S1,2026-07-04 10:00:00,S1,SKU018,3,2026-07-04 18:00:00,2026-07-04 14:00:00
O01191,ORD025S1,2026-07-04 10:00:00,S1,SKU022,5,2026-07-04 18:00:00,2026-07-04 14:00:00
O01192,ORD025S1,2026-07-04 10:00:00,S1,SKU023,5,2026-07-04 18:00:00,2026-07-04 14:00:00
O01193,ORD025S1,2026-07-04 10:00:00,S1,SKU025,3,2026-07-04 18:00:00,2026-07-04 14:00:00
O01194,ORD025S2,2026-07-04 10:00:00,S2,SKU001,6,2026-07-04 18:00:00,2026-07-04 14:00:00
O01195,ORD025S2,2026-07-04 10:00:00,S2,SKU003,1,2026-07-04 18:00:00,2026-07-04 14:00:00
O01196,ORD025S2,2026-07-04 10:00:00,S2,SKU015,3,2026-07-04 18:00:00,2026-07-04 14:00:00
O01197,ORD025S2,2026-07-04 10:00:00,S2,SKU019,1,2026-07-04 18:00:00,2026-07-04 14:00:00
O01198,ORD025S3,2026-07-04 10:00:00,S3,SKU001,8,2026-07-04 18:00:00,2026-07-04 14:00:00
O01199,ORD025S3,2026-07-04 10:00:00,S3,SKU002,8,2026-07-04 18:00:00,2026-07-04 14:00:00
O01200,ORD025S3,2026-07-04 10:00:00,S3,SKU003,6,2026-07-04 18:00:00,2026-07-04 14:00:00
O01201,ORD025S3,2026-07-04 10:00:00,S3,SKU004,3,2026-07-04 18:00:00,2026-07-04 14:00:00
O01202,ORD025S3,2026-07-04 10:00:00,S3,SKU006,6,2026-07-04 18:00:00,2026-07-04 14:00:00
O01203,ORD025S3,2026-07-04 10:00:00,S3,SKU012,3,2026-07-04 18:00:00,2026-07-04 14:00:00
O01204,ORD025S3,2026-07-04 10:00:00,S3,SKU019,2,2026-07-04 18:00:00,2026-07-04 14:00:00
O01205,ORD025S3,2026-07-04 10:00:00,S3,SKU022,6,2026-07-04 18:00:00,2026-07-04 14:00:00
O01206,ORD025S3,2026-07-04 10:00:00,S3,SKU024,3,2026-07-04 18:00:00,2026-07-04 14:00:00
O01207,ORD025S3,2026-07-04 10:00:00,S3,SKU028,5,2026-07-04 18:00:00,2026-07-04 14:00:00
O01208,ORD025S4,2026-07-04 10:00:00,S4,SKU001,5,2026-07-04 18:00:00,2026-07-04 14:00:00
O01209,ORD025S4,2026-07-04 10:00:00,S4,SKU003,9,2026-07-04 18:00:00,2026-07-04 14:00:00
O01210,ORD025S4,2026-07-04 10:00:00,S4,SKU006,2,2026-07-04 18:00:00,2026-07-04 14:00:00
O01211,ORD025S4,2026-07-04 10:00:00,S4,SKU009,5,2026-07-04 18:00:00,2026-07-04 14:00:00
O01212,ORD025S4,2026-07-04 10:00:00,S4,SKU018,2,2026-07-04 18:00:00,2026-07-04 14:00:00
O01213,ORD025S5,2026-07-04 10:00:00,S5,SKU001,5,2026-07-04 18:00:00,2026-07-04 14:00:00
O01214,ORD025S5,2026-07-04 10:00:00,S5,SKU013,1,2026-07-04 18:00:00,2026-07-04 14:00:00
O01215,ORD025S5,2026-07-04 10:00:00,S5,SKU015,4,2026-07-04 18:00:00,2026-07-04 14:00:00
O01216,ORD025S5,2026-07-04 10:00:00,S5,SKU025,1,2026-07-04 18:00:00,2026-07-04 14:00:00
O01217,ORD025S5,2026-07-04 10:00:00,S5,SKU027,5,2026-07-04 18:00:00,2026-07-04 14:00:00
O01218,ORD025S5,2026-07-04 10:00:00,S5,SKU028,1,2026-07-04 18:00:00,2026-07-04 14:00:00
O01219,ORD026S1,2026-07-05 10:00:00,S1,SKU003,2,2026-07-05 18:00:00,2026-07-05 14:00:00
O01220,ORD026S1,2026-07-05 10:00:00,S1,SKU005,2,2026-07-05 18:00:00,2026-07-05 14:00:00
O01221,ORD026S1,2026-07-05 10:00:00,S1,SKU006,5,2026-07-05 18:00:00,2026-07-05 14:00:00
O01222,ORD026S1,2026-07-05 10:00:00,S1,SKU007,5,2026-07-05 18:00:00,2026-07-05 14:00:00
O01223,ORD026S1,2026-07-05 10:00:00,S1,SKU008,4,2026-07-05 18:00:00,2026-07-05 14:00:00
O01224,ORD026S1,2026-07-05 10:00:00,S1,SKU012,1,2026-07-05 18:00:00,2026-07-05 14:00:00
O01225,ORD026S1,2026-07-05 10:00:00,S1,SKU014,2,2026-07-05 18:00:00,2026-07-05 14:00:00
O01226,ORD026S1,2026-07-05 10:00:00,S1,SKU015,3,2026-07-05 18:00:00,2026-07-05 14:00:00
O01227,ORD026S1,2026-07-05 10:00:00,S1,SKU018,5,2026-07-05 18:00:00,2026-07-05 14:00:00
O01228,ORD026S1,2026-07-05 10:00:00,S1,SKU020,5,2026-07-05 18:00:00,2026-07-05 14:00:00
O01229,ORD026S1,2026-07-05 10:00:00,S1,SKU025,3,2026-07-05 18:00:00,2026-07-05 14:00:00
O01230,ORD026S1,2026-07-05 10:00:00,S1,SKU027,5,2026-07-05 18:00:00,2026-07-05 14:00:00
O01231,ORD026S2,2026-07-05 10:00:00,S2,SKU003,4,2026-07-05 18:00:00,2026-07-05 14:00:00
O01232,ORD026S2,2026-07-05 10:00:00,S2,SKU005,3,2026-07-05 18:00:00,2026-07-05 14:00:00
O01233,ORD026S2,2026-07-05 10:00:00,S2,SKU008,3,2026-07-05 18:00:00,2026-07-05 14:00:00
O01234,ORD026S2,2026-07-05 10:00:00,S2,SKU011,6,2026-07-05 18:00:00,2026-07-05 14:00:00
O01235,ORD026S2,2026-07-05 10:00:00,S2,SKU020,6,2026-07-05 18:00:00,2026-07-05 14:00:00
O01236,ORD026S2,2026-07-05 10:00:00,S2,SKU021,6,2026-07-05 18:00:00,2026-07-05 14:00:00
O01237,ORD026S3,2026-07-05 10:00:00,S3,SKU005,3,2026-07-05 18:00:00,2026-07-05 14:00:00
O01238,ORD026S3,2026-07-05 10:00:00,S3,SKU006,5,2026-07-05 18:00:00,2026-07-05 14:00:00
O01239,ORD026S3,2026-07-05 10:00:00,S3,SKU009,3,2026-07-05 18:00:00,2026-07-05 14:00:00
O01240,ORD026S3,2026-07-05 10:00:00,S3,SKU016,8,2026-07-05 18:00:00,2026-07-05 14:00:00
O01241,ORD026S3,2026-07-05 10:00:00,S3,SKU019,2,2026-07-05 18:00:00,2026-07-05 14:00:00
O01242,ORD026S3,2026-07-05 10:00:00,S3,SKU025,6,2026-07-05 18:00:00,2026-07-05 14:00:00
O01243,ORD026S4,2026-07-05 10:00:00,S4,SKU003,9,2026-07-05 18:00:00,2026-07-05 14:00:00
O01244,ORD026S4,2026-07-05 10:00:00,S4,SKU004,4,2026-07-05 18:00:00,2026-07-05 14:00:00
O01245,ORD026S4,2026-07-05 10:00:00,S4,SKU005,5,2026-07-05 18:00:00,2026-07-05 14:00:00
O01246,ORD026S4,2026-07-05 10:00:00,S4,SKU006,7,2026-07-05 18:00:00,2026-07-05 14:00:00
O01247,ORD026S4,2026-07-05 10:00:00,S4,SKU007,4,2026-07-05 18:00:00,2026-07-05 14:00:00
O01248,ORD026S4,2026-07-05 10:00:00,S4,SKU009,7,2026-07-05 18:00:00,2026-07-05 14:00:00
O01249,ORD026S4,2026-07-05 10:00:00,S4,SKU011,4,2026-07-05 18:00:00,2026-07-05 14:00:00
O01250,ORD026S4,2026-07-05 10:00:00,S4,SKU015,7,2026-07-05 18:00:00,2026-07-05 14:00:00
O01251,ORD026S4,2026-07-05 10:00:00,S4,SKU018,2,2026-07-05 18:00:00,2026-07-05 14:00:00
O01252,ORD026S4,2026-07-05 10:00:00,S4,SKU021,5,2026-07-05 18:00:00,2026-07-05 14:00:00
O01253,ORD026S4,2026-07-05 10:00:00,S4,SKU023,9,2026-07-05 18:00:00,2026-07-05 14:00:00
O01254,ORD026S4,2026-07-05 10:00:00,S4,SKU024,5,2026-07-05 18:00:00,2026-07-05 14:00:00
O01255,ORD026S4,2026-07-05 10:00:00,S4,SKU027,2,2026-07-05 18:00:00,2026-07-05 14:00:00
O01256,ORD026S5,2026-07-05 10:00:00,S5,SKU001,6,2026-07-05 18:00:00,2026-07-05 14:00:00
O01257,ORD026S5,2026-07-05 10:00:00,S5,SKU002,4,2026-07-05 18:00:00,2026-07-05 14:00:00
O01258,ORD026S5,2026-07-05 10:00:00,S5,SKU004,5,2026-07-05 18:00:00,2026-07-05 14:00:00
O01259,ORD026S5,2026-07-05 10:00:00,S5,SKU006,6,2026-07-05 18:00:00,2026-07-05 14:00:00
O01260,ORD026S5,2026-07-05 10:00:00,S5,SKU007,4,2026-07-05 18:00:00,2026-07-05 14:00:00
O01261,ORD026S5,2026-07-05 10:00:00,S5,SKU009,2,2026-07-05 18:00:00,2026-07-05 14:00:00
O01262,ORD026S5,2026-07-05 10:00:00,S5,SKU013,2,2026-07-05 18:00:00,2026-07-05 14:00:00
O01263,ORD026S5,2026-07-05 10:00:00,S5,SKU014,1,2026-07-05 18:00:00,2026-07-05 14:00:00
O01264,ORD026S5,2026-07-05 10:00:00,S5,SKU017,4,2026-07-05 18:00:00,2026-07-05 14:00:00
O01265,ORD026S5,2026-07-05 10:00:00,S5,SKU022,5,2026-07-05 18:00:00,2026-07-05 14:00:00
O01266,ORD026S5,2026-07-05 10:00:00,S5,SKU026,6,2026-07-05 18:00:00,2026-07-05 14:00:00
O01267,ORD026S5,2026-07-05 10:00:00,S5,SKU028,5,2026-07-05 18:00:00,2026-07-05 14:00:00
O01268,ORD027S1,2026-07-06 10:00:00,S1,SKU001,4,2026-07-06 18:00:00,2026-07-06 14:00:00
O01269,ORD027S1,2026-07-06 10:00:00,S1,SKU005,2,2026-07-06 18:00:00,2026-07-06 14:00:00
O01270,ORD027S1,2026-07-06 10:00:00,S1,SKU007,2,2026-07-06 18:00:00,2026-07-06 14:00:00
O01271,ORD027S1,2026-07-06 10:00:00,S1,SKU009,4,2026-07-06 18:00:00,2026-07-06 14:00:00
O01272,ORD027S1,2026-07-06 10:00:00,S1,SKU013,2,2026-07-06 18:00:00,2026-07-06 14:00:00
O01273,ORD027S1,2026-07-06 10:00:00,S1,SKU014,1,2026-07-06 18:00:00,2026-07-06 14:00:00
O01274,ORD027S1,2026-07-06 10:00:00,S1,SKU018,4,2026-07-06 18:00:00,2026-07-06 14:00:00
O01275,ORD027S1,2026-07-06 10:00:00,S1,SKU020,2,2026-07-06 18:00:00,2026-07-06 14:00:00
O01276,ORD027S1,2026-07-06 10:00:00,S1,SKU023,4,2026-07-06 18:00:00,2026-07-06 14:00:00
O01277,ORD027S2,2026-07-06 10:00:00,S2,SKU001,4,2026-07-06 18:00:00,2026-07-06 14:00:00
O01278,ORD027S2,2026-07-06 10:00:00,S2,SKU002,1,2026-07-06 18:00:00,2026-07-06 14:00:00
O01279,ORD027S2,2026-07-06 10:00:00,S2,SKU004,1,2026-07-06 18:00:00,2026-07-06 14:00:00
O01280,ORD027S2,2026-07-06 10:00:00,S2,SKU005,3,2026-07-06 18:00:00,2026-07-06 14:00:00
O01281,ORD027S2,2026-07-06 10:00:00,S2,SKU009,1,2026-07-06 18:00:00,2026-07-06 14:00:00
O01282,ORD027S2,2026-07-06 10:00:00,S2,SKU018,4,2026-07-06 18:00:00,2026-07-06 14:00:00
O01283,ORD027S2,2026-07-06 10:00:00,S2,SKU022,2,2026-07-06 18:00:00,2026-07-06 14:00:00
O01284,ORD027S2,2026-07-06 10:00:00,S2,SKU023,1,2026-07-06 18:00:00,2026-07-06 14:00:00
O01285,ORD027S2,2026-07-06 10:00:00,S2,SKU025,4,2026-07-06 18:00:00,2026-07-06 14:00:00
O01286,ORD027S3,2026-07-06 10:00:00,S3,SKU003,6,2026-07-06 18:00:00,2026-07-06 14:00:00
O01287,ORD027S3,2026-07-06 10:00:00,S3,SKU007,4,2026-07-06 18:00:00,2026-07-06 14:00:00
O01288,ORD027S3,2026-07-06 10:00:00,S3,SKU012,5,2026-07-06 18:00:00,2026-07-06 14:00:00
O01289,ORD027S3,2026-07-06 10:00:00,S3,SKU014,5,2026-07-06 18:00:00,2026-07-06 14:00:00
O01290,ORD027S3,2026-07-06 10:00:00,S3,SKU015,6,2026-07-06 18:00:00,2026-07-06 14:00:00
O01291,ORD027S3,2026-07-06 10:00:00,S3,SKU017,1,2026-07-06 18:00:00,2026-07-06 14:00:00
O01292,ORD027S3,2026-07-06 10:00:00,S3,SKU024,4,2026-07-06 18:00:00,2026-07-06 14:00:00
O01293,ORD027S3,2026-07-06 10:00:00,S3,SKU026,2,2026-07-06 18:00:00,2026-07-06 14:00:00
O01294,ORD027S4,2026-07-06 10:00:00,S4,SKU003,4,2026-07-06 18:00:00,2026-07-06 14:00:00
O01295,ORD027S4,2026-07-06 10:00:00,S4,SKU006,4,2026-07-06 18:00:00,2026-07-06 14:00:00
O01296,ORD027S4,2026-07-06 10:00:00,S4,SKU008,6,2026-07-06 18:00:00,2026-07-06 14:00:00
O01297,ORD027S4,2026-07-06 10:00:00,S4,SKU009,7,2026-07-06 18:00:00,2026-07-06 14:00:00
O01298,ORD027S4,2026-07-06 10:00:00,S4,SKU013,3,2026-07-06 18:00:00,2026-07-06 14:00:00
O01299,ORD027S4,2026-07-06 10:00:00,S4,SKU018,1,2026-07-06 18:00:00,2026-07-06 14:00:00
O01300,ORD027S4,2026-07-06 10:00:00,S4,SKU019,7,2026-07-06 18:00:00,2026-07-06 14:00:00
O01301,ORD027S4,2026-07-06 10:00:00,S4,SKU021,3,2026-07-06 18:00:00,2026-07-06 14:00:00
O01302,ORD027S4,2026-07-06 10:00:00,S4,SKU024,7,2026-07-06 18:00:00,2026-07-06 14:00:00
O01303,ORD027S4,2026-07-06 10:00:00,S4,SKU027,7,2026-07-06 18:00:00,2026-07-06 14:00:00
O01304,ORD027S5,2026-07-06 10:00:00,S5,SKU001,4,2026-07-06 18:00:00,2026-07-06 14:00:00
O01305,ORD027S5,2026-07-06 10:00:00,S5,SKU002,2,2026-07-06 18:00:00,2026-07-06 14:00:00
O01306,ORD027S5,2026-07-06 10:00:00,S5,SKU005,4,2026-07-06 18:00:00,2026-07-06 14:00:00
O01307,ORD027S5,2026-07-06 10:00:00,S5,SKU006,4,2026-07-06 18:00:00,2026-07-06 14:00:00
O01308,ORD027S5,2026-07-06 10:00:00,S5,SKU007,4,2026-07-06 18:00:00,2026-07-06 14:00:00
O01309,ORD027S5,2026-07-06 10:00:00,S5,SKU008,1,2026-07-06 18:00:00,2026-07-06 14:00:00
O01310,ORD027S5,2026-07-06 10:00:00,S5,SKU016,1,2026-07-06 18:00:00,2026-07-06 14:00:00
O01311,ORD027S5,2026-07-06 10:00:00,S5,SKU017,1,2026-07-06 18:00:00,2026-07-06 14:00:00
O01312,ORD027S5,2026-07-06 10:00:00,S5,SKU023,3,2026-07-06 18:00:00,2026-07-06 14:00:00
O01313,ORD027S5,2026-07-06 10:00:00,S5,SKU026,3,2026-07-06 18:00:00,2026-07-06 14:00:00
O01314,ORD027S5,2026-07-06 10:00:00,S5,SKU028,3,2026-07-06 18:00:00,2026-07-06 14:00:00
O01315,ORD028S1,2026-07-07 10:00:00,S1,SKU001,2,2026-07-07 18:00:00,2026-07-07 14:00:00
O01316,ORD028S1,2026-07-07 10:00:00,S1,SKU003,1,2026-07-07 18:00:00,2026-07-07 14:00:00
O01317,ORD028S1,2026-07-07 10:00:00,S1,SKU005,2,2026-07-07 18:00:00,2026-07-07 14:00:00
O01318,ORD028S1,2026-07-07 10:00:00,S1,SKU006,2,2026-07-07 18:00:00,2026-07-07 14:00:00
O01319,ORD028S1,2026-07-07 10:00:00,S1,SKU007,2,2026-07-07 18:00:00,2026-07-07 14:00:00
O01320,ORD028S1,2026-07-07 10:00:00,S1,SKU014,4,2026-07-07 18:00:00,2026-07-07 14:00:00
O01321,ORD028S1,2026-07-07 10:00:00,S1,SKU018,2,2026-07-07 18:00:00,2026-07-07 14:00:00
O01322,ORD028S1,2026-07-07 10:00:00,S1,SKU019,2,2026-07-07 18:00:00,2026-07-07 14:00:00
O01323,ORD028S1,2026-07-07 10:00:00,S1,SKU022,3,2026-07-07 18:00:00,2026-07-07 14:00:00
O01324,ORD028S2,2026-07-07 10:00:00,S2,SKU001,2,2026-07-07 18:00:00,2026-07-07 14:00:00
O01325,ORD028S2,2026-07-07 10:00:00,S2,SKU003,1,2026-07-07 18:00:00,2026-07-07 14:00:00
O01326,ORD028S2,2026-07-07 10:00:00,S2,SKU004,4,2026-07-07 18:00:00,2026-07-07 14:00:00
O01327,ORD028S2,2026-07-07 10:00:00,S2,SKU005,5,2026-07-07 18:00:00,2026-07-07 14:00:00
O01328,ORD028S2,2026-07-07 10:00:00,S2,SKU006,3,2026-07-07 18:00:00,2026-07-07 14:00:00
O01329,ORD028S2,2026-07-07 10:00:00,S2,SKU012,5,2026-07-07 18:00:00,2026-07-07 14:00:00
O01330,ORD028S2,2026-07-07 10:00:00,S2,SKU015,3,2026-07-07 18:00:00,2026-07-07 14:00:00
O01331,ORD028S2,2026-07-07 10:00:00,S2,SKU024,4,2026-07-07 18:00:00,2026-07-07 14:00:00
O01332,ORD028S2,2026-07-07 10:00:00,S2,SKU029,1,2026-07-07 18:00:00,2026-07-07 14:00:00
O01333,ORD028S3,2026-07-07 10:00:00,S3,SKU001,6,2026-07-07 18:00:00,2026-07-07 14:00:00
O01334,ORD028S3,2026-07-07 10:00:00,S3,SKU003,6,2026-07-07 18:00:00,2026-07-07 14:00:00
O01335,ORD028S3,2026-07-07 10:00:00,S3,SKU004,6,2026-07-07 18:00:00,2026-07-07 14:00:00
O01336,ORD028S3,2026-07-07 10:00:00,S3,SKU007,6,2026-07-07 18:00:00,2026-07-07 14:00:00
O01337,ORD028S3,2026-07-07 10:00:00,S3,SKU009,4,2026-07-07 18:00:00,2026-07-07 14:00:00
O01338,ORD028S3,2026-07-07 10:00:00,S3,SKU012,5,2026-07-07 18:00:00,2026-07-07 14:00:00
O01339,ORD028S3,2026-07-07 10:00:00,S3,SKU013,6,2026-07-07 18:00:00,2026-07-07 14:00:00
O01340,ORD028S3,2026-07-07 10:00:00,S3,SKU020,6,2026-07-07 18:00:00,2026-07-07 14:00:00
O01341,ORD028S4,2026-07-07 10:00:00,S4,SKU001,4,2026-07-07 18:00:00,2026-07-07 14:00:00
O01342,ORD028S4,2026-07-07 10:00:00,S4,SKU002,7,2026-07-07 18:00:00,2026-07-07 14:00:00
O01343,ORD028S4,2026-07-07 10:00:00,S4,SKU004,6,2026-07-07 18:00:00,2026-07-07 14:00:00
O01344,ORD028S4,2026-07-07 10:00:00,S4,SKU006,7,2026-07-07 18:00:00,2026-07-07 14:00:00
O01345,ORD028S4,2026-07-07 10:00:00,S4,SKU008,3,2026-07-07 18:00:00,2026-07-07 14:00:00
O01346,ORD028S4,2026-07-07 10:00:00,S4,SKU021,3,2026-07-07 18:00:00,2026-07-07 14:00:00
O01347,ORD028S4,2026-07-07 10:00:00,S4,SKU026,1,2026-07-07 18:00:00,2026-07-07 14:00:00
O01348,ORD028S4,2026-07-07 10:00:00,S4,SKU028,4,2026-07-07 18:00:00,2026-07-07 14:00:00
O01349,ORD028S5,2026-07-07 10:00:00,S5,SKU001,2,2026-07-07 18:00:00,2026-07-07 14:00:00
O01350,ORD028S5,2026-07-07 10:00:00,S5,SKU002,1,2026-07-07 18:00:00,2026-07-07 14:00:00
O01351,ORD028S5,2026-07-07 10:00:00,S5,SKU003,2,2026-07-07 18:00:00,2026-07-07 14:00:00
O01352,ORD028S5,2026-07-07 10:00:00,S5,SKU004,1,2026-07-07 18:00:00,2026-07-07 14:00:00
O01353,ORD028S5,2026-07-07 10:00:00,S5,SKU007,4,2026-07-07 18:00:00,2026-07-07 14:00:00
O01354,ORD028S5,2026-07-07 10:00:00,S5,SKU022,4,2026-07-07 18:00:00,2026-07-07 14:00:00
O01355,ORD028S5,2026-07-07 10:00:00,S5,SKU026,4,2026-07-07 18:00:00,2026-07-07 14:00:00
O01356,ORD028S5,2026-07-07 10:00:00,S5,SKU027,1,2026-07-07 18:00:00,2026-07-07 14:00:00
O01357,ORD029S1,2026-07-08 10:00:00,S1,SKU001,3,2026-07-08 18:00:00,2026-07-08 14:00:00
O01358,ORD029S1,2026-07-08 10:00:00,S1,SKU002,1,2026-07-08 18:00:00,2026-07-08 14:00:00
O01359,ORD029S1,2026-07-08 10:00:00,S1,SKU004,2,2026-07-08 18:00:00,2026-07-08 14:00:00
O01360,ORD029S1,2026-07-08 10:00:00,S1,SKU006,3,2026-07-08 18:00:00,
O01361,ORD029S1,2026-07-08 10:00:00,S1,SKU007,4,2026-07-08 18:00:00,2026-07-08 14:00:00
O01362,ORD029S1,2026-07-08 10:00:00,S1,SKU013,2,2026-07-08 18:00:00,2026-07-08 14:00:00
O01363,ORD029S1,2026-07-08 10:00:00,S1,SKU015,2,2026-07-08 18:00:00,2026-07-08 14:00:00
O01364,ORD029S1,2026-07-08 10:00:00,S1,SKU016,2,2026-07-08 18:00:00,2026-07-08 14:00:00
O01365,ORD029S1,2026-07-08 10:00:00,S1,SKU021,1,2026-07-08 18:00:00,2026-07-08 14:00:00
O01366,ORD029S1,2026-07-08 10:00:00,S1,SKU025,4,2026-07-08 18:00:00,2026-07-08 14:00:00
O01367,ORD029S1,2026-07-08 10:00:00,S1,SKU027,1,2026-07-08 18:00:00,2026-07-08 14:00:00
O01368,ORD029S2,2026-07-08 10:00:00,S2,SKU002,1,2026-07-08 18:00:00,2026-07-08 14:00:00
O01369,ORD029S2,2026-07-08 10:00:00,S2,SKU003,3,2026-07-08 18:00:00,2026-07-08 14:00:00
O01370,ORD029S2,2026-07-08 10:00:00,S2,SKU004,1,2026-07-08 18:00:00,2026-07-08 14:00:00
O01371,ORD029S2,2026-07-08 10:00:00,S2,SKU005,1,2026-07-08 18:00:00,2026-07-08 14:00:00
O01372,ORD029S2,2026-07-08 10:00:00,S2,SKU006,2,2026-07-08 18:00:00,
O01373,ORD029S2,2026-07-08 10:00:00,S2,SKU007,2,2026-07-08 18:00:00,2026-07-08 14:00:00
O01374,ORD029S2,2026-07-08 10:00:00,S2,SKU009,5,2026-07-08 18:00:00,2026-07-08 14:00:00
O01375,ORD029S2,2026-07-08 10:00:00,S2,SKU016,2,2026-07-08 18:00:00,2026-07-08 14:00:00
O01376,ORD029S2,2026-07-08 10:00:00,S2,SKU023,4,2026-07-08 18:00:00,2026-07-08 14:00:00
O01377,ORD029S2,2026-07-08 10:00:00,S2,SKU025,5,2026-07-08 18:00:00,2026-07-08 14:00:00
O01378,ORD029S3,2026-07-08 10:00:00,S3,SKU001,5,2026-07-08 18:00:00,2026-07-08 14:00:00
O01379,ORD029S3,2026-07-08 10:00:00,S3,SKU002,1,2026-07-08 18:00:00,2026-07-08 14:00:00
O01380,ORD029S3,2026-07-08 10:00:00,S3,SKU004,1,2026-07-08 18:00:00,2026-07-08 14:00:00
O01381,ORD029S3,2026-07-08 10:00:00,S3,SKU005,6,2026-07-08 18:00:00,2026-07-08 14:00:00
O01382,ORD029S3,2026-07-08 10:00:00,S3,SKU006,1,2026-07-08 18:00:00,
O01383,ORD029S3,2026-07-08 10:00:00,S3,SKU007,6,2026-07-08 18:00:00,2026-07-08 14:00:00
O01384,ORD029S3,2026-07-08 10:00:00,S3,SKU012,1,2026-07-08 18:00:00,2026-07-08 14:00:00
O01385,ORD029S3,2026-07-08 10:00:00,S3,SKU018,5,2026-07-08 18:00:00,2026-07-08 14:00:00
O01386,ORD029S3,2026-07-08 10:00:00,S3,SKU022,6,2026-07-08 18:00:00,2026-07-08 14:00:00
O01387,ORD029S3,2026-07-08 10:00:00,S3,SKU024,6,2026-07-08 18:00:00,2026-07-08 14:00:00
O01388,ORD029S3,2026-07-08 10:00:00,S3,SKU026,6,2026-07-08 18:00:00,2026-07-08 14:00:00
O01389,ORD029S4,2026-07-08 10:00:00,S4,SKU004,3,2026-07-08 18:00:00,2026-07-08 14:00:00
O01390,ORD029S4,2026-07-08 10:00:00,S4,SKU005,6,2026-07-08 18:00:00,2026-07-08 14:00:00
O01391,ORD029S4,2026-07-08 10:00:00,S4,SKU006,1,2026-07-08 18:00:00,
O01392,ORD029S4,2026-07-08 10:00:00,S4,SKU007,4,2026-07-08 18:00:00,2026-07-08 14:00:00
O01393,ORD029S4,2026-07-08 10:00:00,S4,SKU013,3,2026-07-08 18:00:00,2026-07-08 14:00:00
O01394,ORD029S4,2026-07-08 10:00:00,S4,SKU022,6,2026-07-08 18:00:00,2026-07-08 14:00:00
O01395,ORD029S4,2026-07-08 10:00:00,S4,SKU026,7,2026-07-08 18:00:00,2026-07-08 14:00:00
O01396,ORD029S4,2026-07-08 10:00:00,S4,SKU028,4,2026-07-08 18:00:00,2026-07-08 14:00:00
O01397,ORD029S5,2026-07-08 10:00:00,S5,SKU003,2,2026-07-08 18:00:00,2026-07-08 14:00:00
O01398,ORD029S5,2026-07-08 10:00:00,S5,SKU005,4,2026-07-08 18:00:00,2026-07-08 14:00:00
O01399,ORD029S5,2026-07-08 10:00:00,S5,SKU007,4,2026-07-08 18:00:00,2026-07-08 14:00:00
O01400,ORD029S5,2026-07-08 10:00:00,S5,SKU008,4,2026-07-08 18:00:00,2026-07-08 14:00:00
O01401,ORD029S5,2026-07-08 10:00:00,S5,SKU009,1,2026-07-08 18:00:00,2026-07-08 14:00:00
O01402,ORD029S5,2026-07-08 10:00:00,S5,SKU012,2,2026-07-08 18:00:00,2026-07-08 14:00:00
O01403,ORD029S5,2026-07-08 10:00:00,S5,SKU016,4,2026-07-08 18:00:00,2026-07-08 14:00:00
O01404,ORD029S5,2026-07-08 10:00:00,S5,SKU022,3,2026-07-08 18:00:00,2026-07-08 14:00:00
O01405,ORD029S5,2026-07-08 10:00:00,S5,SKU023,2,2026-07-08 18:00:00,2026-07-08 14:00:00
O01406,ORD030S1,2026-07-09 10:00:00,S1,SKU002,2,2026-07-09 18:00:00,2026-07-09 14:00:00
O01407,ORD030S1,2026-07-09 10:00:00,S1,SKU003,3,2026-07-09 18:00:00,2026-07-09 14:00:00
O01408,ORD030S1,2026-07-09 10:00:00,S1,SKU004,4,2026-07-09 18:00:00,2026-07-09 14:00:00
O01409,ORD030S1,2026-07-09 10:00:00,S1,SKU005,1,2026-07-09 18:00:00,2026-07-09 14:00:00
O01410,ORD030S1,2026-07-09 10:00:00,S1,SKU006,1,2026-07-09 18:00:00,
O01411,ORD030S1,2026-07-09 10:00:00,S1,SKU012,3,2026-07-09 18:00:00,2026-07-09 14:00:00
O01412,ORD030S1,2026-07-09 10:00:00,S1,SKU016,2,2026-07-09 18:00:00,2026-07-09 14:00:00
O01413,ORD030S2,2026-07-09 10:00:00,S2,SKU001,5,2026-07-09 18:00:00,2026-07-09 14:00:00
O01414,ORD030S2,2026-07-09 10:00:00,S2,SKU002,4,2026-07-09 18:00:00,2026-07-09 14:00:00
O01415,ORD030S2,2026-07-09 10:00:00,S2,SKU007,3,2026-07-09 18:00:00,2026-07-09 14:00:00
O01416,ORD030S2,2026-07-09 10:00:00,S2,SKU014,3,2026-07-09 18:00:00,2026-07-09 14:00:00
O01417,ORD030S2,2026-07-09 10:00:00,S2,SKU016,2,2026-07-09 18:00:00,2026-07-09 14:00:00
O01418,ORD030S2,2026-07-09 10:00:00,S2,SKU025,5,2026-07-09 18:00:00,2026-07-09 14:00:00
O01419,ORD030S3,2026-07-09 10:00:00,S3,SKU001,1,2026-07-09 18:00:00,2026-07-09 14:00:00
O01420,ORD030S3,2026-07-09 10:00:00,S3,SKU002,4,2026-07-09 18:00:00,2026-07-09 14:00:00
O01421,ORD030S3,2026-07-09 10:00:00,S3,SKU004,6,2026-07-09 18:00:00,2026-07-09 14:00:00
O01422,ORD030S3,2026-07-09 10:00:00,S3,SKU008,5,2026-07-09 18:00:00,2026-07-09 14:00:00
O01423,ORD030S3,2026-07-09 10:00:00,S3,SKU011,4,2026-07-09 18:00:00,2026-07-09 14:00:00
O01424,ORD030S3,2026-07-09 10:00:00,S3,SKU013,6,2026-07-09 18:00:00,2026-07-09 14:00:00
O01425,ORD030S3,2026-07-09 10:00:00,S3,SKU014,5,2026-07-09 18:00:00,2026-07-09 14:00:00
O01426,ORD030S3,2026-07-09 10:00:00,S3,SKU021,2,2026-07-09 18:00:00,2026-07-09 14:00:00
O01427,ORD030S3,2026-07-09 10:00:00,S3,SKU023,4,2026-07-09 18:00:00,2026-07-09 14:00:00
O01428,ORD030S4,2026-07-09 10:00:00,S4,SKU003,1,2026-07-09 18:00:00,2026-07-09 14:00:00
O01429,ORD030S4,2026-07-09 10:00:00,S4,SKU004,3,2026-07-09 18:00:00,2026-07-09 14:00:00
O01430,ORD030S4,2026-07-09 10:00:00,S4,SKU005,3,2026-07-09 18:00:00,2026-07-09 14:00:00
O01431,ORD030S4,2026-07-09 10:00:00,S4,SKU006,1,2026-07-09 18:00:00,
O01432,ORD030S4,2026-07-09 10:00:00,S4,SKU008,4,2026-07-09 18:00:00,2026-07-09 14:00:00
O01433,ORD030S4,2026-07-09 10:00:00,S4,SKU009,1,2026-07-09 18:00:00,2026-07-09 14:00:00
O01434,ORD030S4,2026-07-09 10:00:00,S4,SKU014,1,2026-07-09 18:00:00,2026-07-09 14:00:00
O01435,ORD030S4,2026-07-09 10:00:00,S4,SKU016,4,2026-07-09 18:00:00,2026-07-09 14:00:00
O01436,ORD030S4,2026-07-09 10:00:00,S4,SKU020,6,2026-07-09 18:00:00,2026-07-09 14:00:00
O01437,ORD030S4,2026-07-09 10:00:00,S4,SKU024,6,2026-07-09 18:00:00,2026-07-09 14:00:00
O01438,ORD030S4,2026-07-09 10:00:00,S4,SKU028,1,2026-07-09 18:00:00,2026-07-09 14:00:00
O01439,ORD030S5,2026-07-09 10:00:00,S5,SKU002,2,2026-07-09 18:00:00,2026-07-09 14:00:00
O01440,ORD030S5,2026-07-09 10:00:00,S5,SKU005,1,2026-07-09 18:00:00,2026-07-09 14:00:00
O01441,ORD030S5,2026-07-09 10:00:00,S5,SKU006,1,2026-07-09 18:00:00,
O01442,ORD030S5,2026-07-09 10:00:00,S5,SKU007,4,2026-07-09 18:00:00,2026-07-09 14:00:00
O01443,ORD030S5,2026-07-09 10:00:00,S5,SKU012,1,2026-07-09 18:00:00,2026-07-09 14:00:00
O01444,ORD030S5,2026-07-09 10:00:00,S5,SKU015,4,2026-07-09 18:00:00,2026-07-09 14:00:00
O01445,ORD030S5,2026-07-09 10:00:00,S5,SKU021,1,2026-07-09 18:00:00,2026-07-09 14:00:00
O01446,ORD030S5,2026-07-09 10:00:00,S5,SKU024,3,2026-07-09 18:00:00,2026-07-09 14:00:00
O01447,ORD031S1,2026-07-10 10:00:00,S1,SKU004,2,2026-07-10 18:00:00,2026-07-10 14:00:00
O01448,ORD031S1,2026-07-10 10:00:00,S1,SKU005,2,2026-07-10 18:00:00,2026-07-10 14:00:00
O01449,ORD031S1,2026-07-10 10:00:00,S1,SKU006,1,2026-07-10 18:00:00,
O01450,ORD031S1,2026-07-10 10:00:00,S1,SKU009,3,2026-07-10 18:00:00,2026-07-10 14:00:00
O01451,ORD031S1,2026-07-10 10:00:00,S1,SKU013,2,2026-07-10 18:00:00,2026-07-10 14:00:00
O01452,ORD031S1,2026-07-10 10:00:00,S1,SKU016,4,2026-07-10 18:00:00,2026-07-10 14:00:00
O01453,ORD031S1,2026-07-10 10:00:00,S1,SKU021,2,2026-07-10 18:00:00,2026-07-10 14:00:00
O01454,ORD031S1,2026-07-10 10:00:00,S1,SKU024,2,2026-07-10 18:00:00,2026-07-10 14:00:00
O01455,ORD031S1,2026-07-10 10:00:00,S1,SKU025,4,2026-07-10 18:00:00,2026-07-10 14:00:00
O01456,ORD031S1,2026-07-10 10:00:00,S1,SKU028,3,2026-07-10 18:00:00,2026-07-10 14:00:00
O01457,ORD031S2,2026-07-10 10:00:00,S2,SKU003,1,2026-07-10 18:00:00,2026-07-10 14:00:00
O01458,ORD031S2,2026-07-10 10:00:00,S2,SKU005,1,2026-07-10 18:00:00,2026-07-10 14:00:00
O01459,ORD031S2,2026-07-10 10:00:00,S2,SKU006,4,2026-07-10 18:00:00,
O01460,ORD031S2,2026-07-10 10:00:00,S2,SKU019,1,2026-07-10 18:00:00,2026-07-10 14:00:00
O01461,ORD031S2,2026-07-10 10:00:00,S2,SKU022,5,2026-07-10 18:00:00,2026-07-10 14:00:00
O01462,ORD031S2,2026-07-10 10:00:00,S2,SKU024,2,2026-07-10 18:00:00,2026-07-10 14:00:00
O01463,ORD031S2,2026-07-10 10:00:00,S2,SKU027,3,2026-07-10 18:00:00,2026-07-10 14:00:00
O01464,ORD031S3,2026-07-10 10:00:00,S3,SKU001,1,2026-07-10 18:00:00,2026-07-10 14:00:00
O01465,ORD031S3,2026-07-10 10:00:00,S3,SKU002,2,2026-07-10 18:00:00,2026-07-10 14:00:00
O01466,ORD031S3,2026-07-10 10:00:00,S3,SKU003,5,2026-07-10 18:00:00,2026-07-10 14:00:00
O01467,ORD031S3,2026-07-10 10:00:00,S3,SKU005,2,2026-07-10 18:00:00,2026-07-10 14:00:00
O01468,ORD031S3,2026-07-10 10:00:00,S3,SKU006,6,2026-07-10 18:00:00,
O01469,ORD031S3,2026-07-10 10:00:00,S3,SKU011,5,2026-07-10 18:00:00,2026-07-10 14:00:00
O01470,ORD031S3,2026-07-10 10:00:00,S3,SKU016,4,2026-07-10 18:00:00,2026-07-10 14:00:00
O01471,ORD031S3,2026-07-10 10:00:00,S3,SKU017,6,2026-07-10 18:00:00,2026-07-10 14:00:00
O01472,ORD031S3,2026-07-10 10:00:00,S3,SKU018,5,2026-07-10 18:00:00,2026-07-10 14:00:00
O01473,ORD031S3,2026-07-10 10:00:00,S3,SKU025,4,2026-07-10 18:00:00,2026-07-10 14:00:00
O01474,ORD031S3,2026-07-10 10:00:00,S3,SKU027,6,2026-07-10 18:00:00,2026-07-10 14:00:00
O01475,ORD031S4,2026-07-10 10:00:00,S4,SKU001,7,2026-07-10 18:00:00,2026-07-10 14:00:00
O01476,ORD031S4,2026-07-10 10:00:00,S4,SKU002,6,2026-07-10 18:00:00,2026-07-10 14:00:00
O01477,ORD031S4,2026-07-10 10:00:00,S4,SKU003,1,2026-07-10 18:00:00,2026-07-10 14:00:00
O01478,ORD031S4,2026-07-10 10:00:00,S4,SKU005,6,2026-07-10 18:00:00,2026-07-10 14:00:00
O01479,ORD031S4,2026-07-10 10:00:00,S4,SKU006,4,2026-07-10 18:00:00,
O01480,ORD031S4,2026-07-10 10:00:00,S4,SKU009,7,2026-07-10 18:00:00,2026-07-10 14:00:00
O01481,ORD031S4,2026-07-10 10:00:00,S4,SKU015,1,2026-07-10 18:00:00,2026-07-10 14:00:00
O01482,ORD031S4,2026-07-10 10:00:00,S4,SKU020,1,2026-07-10 18:00:00,2026-07-10 14:00:00
O01483,ORD031S4,2026-07-10 10:00:00,S4,SKU023,1,2026-07-10 18:00:00,2026-07-10 14:00:00
O01484,ORD031S4,2026-07-10 10:00:00,S4,SKU024,4,2026-07-10 18:00:00,2026-07-10 14:00:00
O01485,ORD031S4,2026-07-10 10:00:00,S4,SKU026,4,2026-07-10 18:00:00,2026-07-10 14:00:00
O01486,ORD031S4,2026-07-10 10:00:00,S4,SKU028,6,2026-07-10 18:00:00,2026-07-10 14:00:00
O01487,ORD031S5,2026-07-10 10:00:00,S5,SKU002,2,2026-07-10 18:00:00,2026-07-10 14:00:00
O01488,ORD031S5,2026-07-10 10:00:00,S5,SKU003,4,2026-07-10 18:00:00,2026-07-10 14:00:00
O01489,ORD031S5,2026-07-10 10:00:00,S5,SKU004,4,2026-07-10 18:00:00,2026-07-10 14:00:00
O01490,ORD031S5,2026-07-10 10:00:00,S5,SKU006,4,2026-07-10 18:00:00,
O01491,ORD031S5,2026-07-10 10:00:00,S5,SKU012,3,2026-07-10 18:00:00,2026-07-10 14:00:00
O01492,ORD031S5,2026-07-10 10:00:00,S5,SKU013,3,2026-07-10 18:00:00,2026-07-10 14:00:00
O01493,ORD031S5,2026-07-10 10:00:00,S5,SKU014,4,2026-07-10 18:00:00,2026-07-10 14:00:00
O01494,ORD031S5,2026-07-10 10:00:00,S5,SKU019,2,2026-07-10 18:00:00,2026-07-10 14:00:00
O01495,ORD031S5,2026-07-10 10:00:00,S5,SKU022,1,2026-07-10 18:00:00,2026-07-10 14:00:00
O01496,ORD031S5,2026-07-10 10:00:00,S5,SKU024,3,2026-07-10 18:00:00,2026-07-10 14:00:00
O01497,ORD031S5,2026-07-10 10:00:00,S5,SKU028,4,2026-07-10 18:00:00,2026-07-10 14:00:00
O01498,ORD032S1,2026-07-11 10:00:00,S1,SKU001,4,2026-07-11 18:00:00,2026-07-11 14:00:00
O01499,ORD032S1,2026-07-11 10:00:00,S1,SKU002,5,2026-07-11 18:00:00,2026-07-11 14:00:00
O01500,ORD032S1,2026-07-11 10:00:00,S1,SKU003,2,2026-07-11 18:00:00,2026-07-11 14:00:00
O01501,ORD032S1,2026-07-11 10:00:00,S1,SKU004,3,2026-07-11 18:00:00,2026-07-11 14:00:00
O01502,ORD032S1,2026-07-11 10:00:00,S1,SKU005,4,2026-07-11 18:00:00,2026-07-11 14:00:00
O01503,ORD032S1,2026-07-11 10:00:00,S1,SKU006,2,2026-07-11 18:00:00,
O01504,ORD032S1,2026-07-11 10:00:00,S1,SKU014,2,2026-07-11 18:00:00,2026-07-11 14:00:00
O01505,ORD032S1,2026-07-11 10:00:00,S1,SKU022,5,2026-07-11 18:00:00,2026-07-11 14:00:00
O01506,ORD032S1,2026-07-11 10:00:00,S1,SKU023,2,2026-07-11 18:00:00,2026-07-11 14:00:00
O01507,ORD032S1,2026-07-11 10:00:00,S1,SKU027,1,2026-07-11 18:00:00,2026-07-11 14:00:00
O01508,ORD032S1,2026-07-11 10:00:00,S1,SKU028,5,2026-07-11 18:00:00,2026-07-11 14:00:00
O01509,ORD032S2,2026-07-11 10:00:00,S2,SKU003,4,2026-07-11 18:00:00,2026-07-11 14:00:00
O01510,ORD032S2,2026-07-11 10:00:00,S2,SKU005,6,2026-07-11 18:00:00,2026-07-11 14:00:00
O01511,ORD032S2,2026-07-11 10:00:00,S2,SKU006,3,2026-07-11 18:00:00,
O01512,ORD032S2,2026-07-11 10:00:00,S2,SKU008,4,2026-07-11 18:00:00,2026-07-11 14:00:00
O01513,ORD032S2,2026-07-11 10:00:00,S2,SKU013,5,2026-07-11 18:00:00,2026-07-11 14:00:00
O01514,ORD032S2,2026-07-11 10:00:00,S2,SKU015,1,2026-07-11 18:00:00,2026-07-11 14:00:00
O01515,ORD032S2,2026-07-11 10:00:00,S2,SKU016,5,2026-07-11 18:00:00,2026-07-11 14:00:00
O01516,ORD032S2,2026-07-11 10:00:00,S2,SKU017,3,2026-07-11 18:00:00,2026-07-11 14:00:00
O01517,ORD032S2,2026-07-11 10:00:00,S2,SKU022,3,2026-07-11 18:00:00,2026-07-11 14:00:00
O01518,ORD032S3,2026-07-11 10:00:00,S3,SKU001,8,2026-07-11 18:00:00,2026-07-11 14:00:00
O01519,ORD032S3,2026-07-11 10:00:00,S3,SKU002,2,2026-07-11 18:00:00,2026-07-11 14:00:00
O01520,ORD032S3,2026-07-11 10:00:00,S3,SKU004,6,2026-07-11 18:00:00,2026-07-11 14:00:00
O01521,ORD032S3,2026-07-11 10:00:00,S3,SKU005,6,2026-07-11 18:00:00,2026-07-11 14:00:00
O01522,ORD032S3,2026-07-11 10:00:00,S3,SKU006,6,2026-07-11 18:00:00,
O01523,ORD032S3,2026-07-11 10:00:00,S3,SKU011,5,2026-07-11 18:00:00,2026-07-11 14:00:00
O01524,ORD032S3,2026-07-11 10:00:00,S3,SKU014,5,2026-07-11 18:00:00,2026-07-11 14:00:00
O01525,ORD032S3,2026-07-11 10:00:00,S3,SKU017,5,2026-07-11 18:00:00,2026-07-11 14:00:00
O01526,ORD032S3,2026-07-11 10:00:00,S3,SKU019,2,2026-07-11 18:00:00,2026-07-11 14:00:00
O01527,ORD032S3,2026-07-11 10:00:00,S3,SKU022,6,2026-07-11 18:00:00,2026-07-11 14:00:00
O01528,ORD032S3,2026-07-11 10:00:00,S3,SKU025,2,2026-07-11 18:00:00,2026-07-11 14:00:00
O01529,ORD032S4,2026-07-11 10:00:00,S4,SKU001,9,2026-07-11 18:00:00,2026-07-11 14:00:00
O01530,ORD032S4,2026-07-11 10:00:00,S4,SKU004,2,2026-07-11 18:00:00,2026-07-11 14:00:00
O01531,ORD032S4,2026-07-11 10:00:00,S4,SKU005,9,2026-07-11 18:00:00,2026-07-11 14:00:00
O01532,ORD032S4,2026-07-11 10:00:00,S4,SKU006,7,2026-07-11 18:00:00,
O01533,ORD032S4,2026-07-11 10:00:00,S4,SKU008,5,2026-07-11 18:00:00,2026-07-11 14:00:00
O01534,ORD032S4,2026-07-11 10:00:00,S4,SKU015,5,2026-07-11 18:00:00,2026-07-11 14:00:00
O01535,ORD032S4,2026-07-11 10:00:00,S4,SKU017,2,2026-07-11 18:00:00,2026-07-11 14:00:00
O01536,ORD032S4,2026-07-11 10:00:00,S4,SKU020,9,2026-07-11 18:00:00,2026-07-11 14:00:00
O01537,ORD032S4,2026-07-11 10:00:00,S4,SKU027,5,2026-07-11 18:00:00,2026-07-11 14:00:00
O01538,ORD032S5,2026-07-11 10:00:00,S5,SKU001,2,2026-07-11 18:00:00,2026-07-11 14:00:00
O01539,ORD032S5,2026-07-11 10:00:00,S5,SKU003,5,2026-07-11 18:00:00,2026-07-11 14:00:00
O01540,ORD032S5,2026-07-11 10:00:00,S5,SKU005,5,2026-07-11 18:00:00,2026-07-11 14:00:00
O01541,ORD032S5,2026-07-11 10:00:00,S5,SKU015,1,2026-07-11 18:00:00,2026-07-11 14:00:00
O01542,ORD032S5,2026-07-11 10:00:00,S5,SKU019,2,2026-07-11 18:00:00,2026-07-11 14:00:00
O01543,ORD032S5,2026-07-11 10:00:00,S5,SKU023,2,2026-07-11 18:00:00,2026-07-11 14:00:00
O01544,ORD032S5,2026-07-11 10:00:00,S5,SKU026,1,2026-07-11 18:00:00,2026-07-11 14:00:00
O01545,ORD033S1,2026-07-12 10:00:00,S1,SKU001,5,2026-07-12 18:00:00,2026-07-12 14:00:00
O01546,ORD033S1,2026-07-12 10:00:00,S1,SKU002,2,2026-07-12 18:00:00,2026-07-12 14:00:00
O01547,ORD033S1,2026-07-12 10:00:00,S1,SKU003,3,2026-07-12 18:00:00,2026-07-12 14:00:00
O01548,ORD033S1,2026-07-12 10:00:00,S1,SKU004,3,2026-07-12 18:00:00,2026-07-12 14:00:00
O01549,ORD033S1,2026-07-12 10:00:00,S1,SKU009,5,2026-07-12 18:00:00,2026-07-12 14:00:00
O01550,ORD033S1,2026-07-12 10:00:00,S1,SKU012,4,2026-07-12 18:00:00,2026-07-12 14:00:00
O01551,ORD033S1,2026-07-12 10:00:00,S1,SKU018,5,2026-07-12 18:00:00,2026-07-12 14:00:00
O01552,ORD033S1,2026-07-12 10:00:00,S1,SKU022,2,2026-07-12 18:00:00,2026-07-12 14:00:00
O01553,ORD033S1,2026-07-12 10:00:00,S1,SKU026,2,2026-07-12 18:00:00,2026-07-12 14:00:00
O01554,ORD033S1,2026-07-12 10:00:00,S1,SKU027,3,2026-07-12 18:00:00,2026-07-12 14:00:00
O01555,ORD033S1,2026-07-12 10:00:00,S1,SKU028,4,2026-07-12 18:00:00,2026-07-12 14:00:00
O01556,ORD033S2,2026-07-12 10:00:00,S2,SKU001,3,2026-07-12 18:00:00,2026-07-12 14:00:00
O01557,ORD033S2,2026-07-12 10:00:00,S2,SKU002,5,2026-07-12 18:00:00,2026-07-12 14:00:00
O01558,ORD033S2,2026-07-12 10:00:00,S2,SKU004,1,2026-07-12 18:00:00,2026-07-12 14:00:00
O01559,ORD033S2,2026-07-12 10:00:00,S2,SKU005,4,2026-07-12 18:00:00,2026-07-12 14:00:00
O01560,ORD033S2,2026-07-12 10:00:00,S2,SKU009,1,2026-07-12 18:00:00,2026-07-12 14:00:00
O01561,ORD033S2,2026-07-12 10:00:00,S2,SKU016,3,2026-07-12 18:00:00,2026-07-12 14:00:00
O01562,ORD033S2,2026-07-12 10:00:00,S2,SKU017,4,2026-07-12 18:00:00,2026-07-12 14:00:00
O01563,ORD033S2,2026-07-12 10:00:00,S2,SKU018,4,2026-07-12 18:00:00,2026-07-12 14:00:00
O01564,ORD033S2,2026-07-12 10:00:00,S2,SKU021,5,2026-07-12 18:00:00,2026-07-12 14:00:00
O01565,ORD033S2,2026-07-12 10:00:00,S2,SKU022,4,2026-07-12 18:00:00,2026-07-12 14:00:00
O01566,ORD033S2,2026-07-12 10:00:00,S2,SKU024,4,2026-07-12 18:00:00,2026-07-12 14:00:00
O01567,ORD033S3,2026-07-12 10:00:00,S3,SKU003,3,2026-07-12 18:00:00,2026-07-12 14:00:00
O01568,ORD033S3,2026-07-12 10:00:00,S3,SKU004,5,2026-07-12 18:00:00,2026-07-12 14:00:00
O01569,ORD033S3,2026-07-12 10:00:00,S3,SKU005,6,2026-07-12 18:00:00,2026-07-12 14:00:00
O01570,ORD033S3,2026-07-12 10:00:00,S3,SKU006,2,2026-07-12 18:00:00,
O01571,ORD033S3,2026-07-12 10:00:00,S3,SKU007,6,2026-07-12 18:00:00,2026-07-12 14:00:00
O01572,ORD033S3,2026-07-12 10:00:00,S3,SKU015,5,2026-07-12 18:00:00,2026-07-12 14:00:00
O01573,ORD033S3,2026-07-12 10:00:00,S3,SKU022,2,2026-07-12 18:00:00,2026-07-12 14:00:00
O01574,ORD033S3,2026-07-12 10:00:00,S3,SKU023,5,2026-07-12 18:00:00,2026-07-12 14:00:00
O01575,ORD033S3,2026-07-12 10:00:00,S3,SKU024,6,2026-07-12 18:00:00,2026-07-12 14:00:00
O01576,ORD033S3,2026-07-12 10:00:00,S3,SKU026,5,2026-07-12 18:00:00,2026-07-12 14:00:00
O01577,ORD033S3,2026-07-12 10:00:00,S3,SKU028,6,2026-07-12 18:00:00,2026-07-12 14:00:00
O01578,ORD033S4,2026-07-12 10:00:00,S4,SKU001,5,2026-07-12 18:00:00,2026-07-12 14:00:00
O01579,ORD033S4,2026-07-12 10:00:00,S4,SKU005,5,2026-07-12 18:00:00,2026-07-12 14:00:00
O01580,ORD033S4,2026-07-12 10:00:00,S4,SKU006,2,2026-07-12 18:00:00,
O01581,ORD033S4,2026-07-12 10:00:00,S4,SKU014,7,2026-07-12 18:00:00,2026-07-12 14:00:00
O01582,ORD033S4,2026-07-12 10:00:00,S4,SKU019,9,2026-07-12 18:00:00,2026-07-12 14:00:00
O01583,ORD033S4,2026-07-12 10:00:00,S4,SKU021,5,2026-07-12 18:00:00,2026-07-12 14:00:00
O01584,ORD033S4,2026-07-12 10:00:00,S4,SKU022,9,2026-07-12 18:00:00,2026-07-12 14:00:00
O01585,ORD033S5,2026-07-12 10:00:00,S5,SKU001,1,2026-07-12 18:00:00,2026-07-12 14:00:00
O01586,ORD033S5,2026-07-12 10:00:00,S5,SKU003,1,2026-07-12 18:00:00,2026-07-12 14:00:00
O01587,ORD033S5,2026-07-12 10:00:00,S5,SKU004,4,2026-07-12 18:00:00,2026-07-12 14:00:00
O01588,ORD033S5,2026-07-12 10:00:00,S5,SKU005,6,2026-07-12 18:00:00,2026-07-12 14:00:00
O01589,ORD033S5,2026-07-12 10:00:00,S5,SKU012,4,2026-07-12 18:00:00,2026-07-12 14:00:00
O01590,ORD033S5,2026-07-12 10:00:00,S5,SKU013,6,2026-07-12 18:00:00,2026-07-12 14:00:00
O01591,ORD033S5,2026-07-12 10:00:00,S5,SKU015,5,2026-07-12 18:00:00,2026-07-12 14:00:00
O01592,ORD033S5,2026-07-12 10:00:00,S5,SKU018,1,2026-07-12 18:00:00,2026-07-12 14:00:00
O01593,ORD033S5,2026-07-12 10:00:00,S5,SKU019,1,2026-07-12 18:00:00,2026-07-12 14:00:00
O01594,ORD033S5,2026-07-12 10:00:00,S5,SKU022,2,2026-07-12 18:00:00,2026-07-12 14:00:00
O01595,ORD034S1,2026-07-13 10:00:00,S1,SKU003,3,2026-07-13 18:00:00,2026-07-13 14:00:00
O01596,ORD034S1,2026-07-13 10:00:00,S1,SKU004,3,2026-07-13 18:00:00,2026-07-13 14:00:00
O01597,ORD034S1,2026-07-13 10:00:00,S1,SKU008,3,2026-07-13 18:00:00,2026-07-13 14:00:00
O01598,ORD034S1,2026-07-13 10:00:00,S1,SKU011,1,2026-07-13 18:00:00,2026-07-13 14:00:00
O01599,ORD034S1,2026-07-13 10:00:00,S1,SKU024,4,2026-07-13 18:00:00,2026-07-13 14:00:00
O01600,ORD034S1,2026-07-13 10:00:00,S1,SKU027,2,2026-07-13 18:00:00,2026-07-13 14:00:00
O01601,ORD034S2,2026-07-13 10:00:00,S2,SKU001,4,2026-07-13 18:00:00,2026-07-13 14:00:00
O01602,ORD034S2,2026-07-13 10:00:00,S2,SKU004,4,2026-07-13 18:00:00,2026-07-13 14:00:00
O01603,ORD034S2,2026-07-13 10:00:00,S2,SKU007,5,2026-07-13 18:00:00,2026-07-13 14:00:00
O01604,ORD034S2,2026-07-13 10:00:00,S2,SKU009,4,2026-07-13 18:00:00,2026-07-13 14:00:00
O01605,ORD034S2,2026-07-13 10:00:00,S2,SKU011,3,2026-07-13 18:00:00,2026-07-13 14:00:00
O01606,ORD034S2,2026-07-13 10:00:00,S2,SKU014,3,2026-07-13 18:00:00,2026-07-13 14:00:00
O01607,ORD034S2,2026-07-13 10:00:00,S2,SKU015,1,2026-07-13 18:00:00,2026-07-13 14:00:00
O01608,ORD034S2,2026-07-13 10:00:00,S2,SKU018,2,2026-07-13 18:00:00,2026-07-13 14:00:00
O01609,ORD034S2,2026-07-13 10:00:00,S2,SKU020,2,2026-07-13 18:00:00,2026-07-13 14:00:00
O01610,ORD034S2,2026-07-13 10:00:00,S2,SKU025,3,2026-07-13 18:00:00,2026-07-13 14:00:00
O01611,ORD034S3,2026-07-13 10:00:00,S3,SKU003,1,2026-07-13 18:00:00,2026-07-13 14:00:00
O01612,ORD034S3,2026-07-13 10:00:00,S3,SKU005,5,2026-07-13 18:00:00,2026-07-13 14:00:00
O01613,ORD034S3,2026-07-13 10:00:00,S3,SKU006,6,2026-07-13 18:00:00,
O01614,ORD034S3,2026-07-13 10:00:00,S3,SKU008,2,2026-07-13 18:00:00,2026-07-13 14:00:00
O01615,ORD034S3,2026-07-13 10:00:00,S3,SKU013,1,2026-07-13 18:00:00,2026-07-13 14:00:00
O01616,ORD034S3,2026-07-13 10:00:00,S3,SKU018,2,2026-07-13 18:00:00,2026-07-13 14:00:00
O01617,ORD034S3,2026-07-13 10:00:00,S3,SKU023,4,2026-07-13 18:00:00,2026-07-13 14:00:00
O01618,ORD034S4,2026-07-13 10:00:00,S4,SKU001,6,2026-07-13 18:00:00,2026-07-13 14:00:00
O01619,ORD034S4,2026-07-13 10:00:00,S4,SKU002,7,2026-07-13 18:00:00,2026-07-13 14:00:00
O01620,ORD034S4,2026-07-13 10:00:00,S4,SKU003,4,2026-07-13 18:00:00,2026-07-13 14:00:00
O01621,ORD034S4,2026-07-13 10:00:00,S4,SKU004,6,2026-07-13 18:00:00,2026-07-13 14:00:00
O01622,ORD034S4,2026-07-13 10:00:00,S4,SKU006,6,2026-07-13 18:00:00,
O01623,ORD034S4,2026-07-13 10:00:00,S4,SKU011,6,2026-07-13 18:00:00,2026-07-13 14:00:00
O01624,ORD034S4,2026-07-13 10:00:00,S4,SKU012,4,2026-07-13 18:00:00,2026-07-13 14:00:00
O01625,ORD034S4,2026-07-13 10:00:00,S4,SKU013,3,2026-07-13 18:00:00,2026-07-13 14:00:00
O01626,ORD034S4,2026-07-13 10:00:00,S4,SKU019,3,2026-07-13 18:00:00,2026-07-13 14:00:00
O01627,ORD034S4,2026-07-13 10:00:00,S4,SKU028,7,2026-07-13 18:00:00,2026-07-13 14:00:00
O01628,ORD034S5,2026-07-13 10:00:00,S5,SKU001,2,2026-07-13 18:00:00,2026-07-13 14:00:00
O01629,ORD034S5,2026-07-13 10:00:00,S5,SKU003,4,2026-07-13 18:00:00,2026-07-13 14:00:00
O01630,ORD034S5,2026-07-13 10:00:00,S5,SKU004,3,2026-07-13 18:00:00,2026-07-13 14:00:00
O01631,ORD034S5,2026-07-13 10:00:00,S5,SKU014,2,2026-07-13 18:00:00,2026-07-13 14:00:00
O01632,ORD034S5,2026-07-13 10:00:00,S5,SKU021,3,2026-07-13 18:00:00,2026-07-13 14:00:00
O01633,ORD034S5,2026-07-13 10:00:00,S5,SKU024,4,2026-07-13 18:00:00,2026-07-13 14:00:00
O01634,ORD035S1,2026-07-14 10:00:00,S1,SKU001,2,2026-07-14 18:00:00,2026-07-14 14:00:00
O01635,ORD035S1,2026-07-14 10:00:00,S1,SKU002,4,2026-07-14 18:00:00,2026-07-14 14:00:00
O01636,ORD035S1,2026-07-14 10:00:00,S1,SKU003,4,2026-07-14 18:00:00,2026-07-14 14:00:00
O01637,ORD035S1,2026-07-14 10:00:00,S1,SKU004,2,2026-07-14 18:00:00,2026-07-14 14:00:00
O01638,ORD035S1,2026-07-14 10:00:00,S1,SKU005,1,2026-07-14 18:00:00,2026-07-14 14:00:00
O01639,ORD035S1,2026-07-14 10:00:00,S1,SKU006,2,2026-07-14 18:00:00,2026-07-14 14:00:00
O01640,ORD035S1,2026-07-14 10:00:00,S1,SKU007,2,2026-07-14 18:00:00,2026-07-14 14:00:00
O01641,ORD035S1,2026-07-14 10:00:00,S1,SKU013,2,2026-07-14 18:00:00,2026-07-14 14:00:00
O01642,ORD035S1,2026-07-14 10:00:00,S1,SKU015,3,2026-07-14 18:00:00,2026-07-14 14:00:00
O01643,ORD035S1,2026-07-14 10:00:00,S1,SKU022,2,2026-07-14 18:00:00,2026-07-14 14:00:00
O01644,ORD035S1,2026-07-14 10:00:00,S1,SKU023,4,2026-07-14 18:00:00,2026-07-14 14:00:00
O01645,ORD035S1,2026-07-14 10:00:00,S1,SKU027,1,2026-07-14 18:00:00,2026-07-14 14:00:00
O01646,ORD035S2,2026-07-14 10:00:00,S2,SKU004,3,2026-07-14 18:00:00,2026-07-14 14:00:00
O01647,ORD035S2,2026-07-14 10:00:00,S2,SKU005,2,2026-07-14 18:00:00,2026-07-14 14:00:00
O01648,ORD035S2,2026-07-14 10:00:00,S2,SKU006,1,2026-07-14 18:00:00,2026-07-14 14:00:00
O01649,ORD035S2,2026-07-14 10:00:00,S2,SKU013,2,2026-07-14 18:00:00,2026-07-14 14:00:00
O01650,ORD035S2,2026-07-14 10:00:00,S2,SKU022,2,2026-07-14 18:00:00,2026-07-14 14:00:00
O01651,ORD035S2,2026-07-14 10:00:00,S2,SKU023,5,2026-07-14 18:00:00,2026-07-14 14:00:00
O01652,ORD035S2,2026-07-14 10:00:00,S2,SKU025,4,2026-07-14 18:00:00,2026-07-14 14:00:00
O01653,ORD035S2,2026-07-14 10:00:00,S2,SKU027,1,2026-07-14 18:00:00,2026-07-14 14:00:00
O01654,ORD035S3,2026-07-14 10:00:00,S3,SKU002,6,2026-07-14 18:00:00,2026-07-14 14:00:00
O01655,ORD035S3,2026-07-14 10:00:00,S3,SKU004,4,2026-07-14 18:00:00,2026-07-14 14:00:00
O01656,ORD035S3,2026-07-14 10:00:00,S3,SKU006,1,2026-07-14 18:00:00,2026-07-14 14:00:00
O01657,ORD035S3,2026-07-14 10:00:00,S3,SKU007,4,2026-07-14 18:00:00,2026-07-14 14:00:00
O01658,ORD035S3,2026-07-14 10:00:00,S3,SKU019,6,2026-07-14 18:00:00,2026-07-14 14:00:00
O01659,ORD035S3,2026-07-14 10:00:00,S3,SKU020,1,2026-07-14 18:00:00,2026-07-14 14:00:00
O01660,ORD035S3,2026-07-14 10:00:00,S3,SKU021,6,2026-07-14 18:00:00,2026-07-14 14:00:00
O01661,ORD035S3,2026-07-14 10:00:00,S3,SKU024,5,2026-07-14 18:00:00,2026-07-14 14:00:00
O01662,ORD035S3,2026-07-14 10:00:00,S3,SKU028,6,2026-07-14 18:00:00,2026-07-14 14:00:00
O01663,ORD035S4,2026-07-14 10:00:00,S4,SKU001,6,2026-07-14 18:00:00,2026-07-14 14:00:00
O01664,ORD035S4,2026-07-14 10:00:00,S4,SKU003,6,2026-07-14 18:00:00,2026-07-14 14:00:00
O01665,ORD035S4,2026-07-14 10:00:00,S4,SKU004,3,2026-07-14 18:00:00,2026-07-14 14:00:00
O01666,ORD035S4,2026-07-14 10:00:00,S4,SKU006,3,2026-07-14 18:00:00,2026-07-14 14:00:00
O01667,ORD035S4,2026-07-14 10:00:00,S4,SKU012,3,2026-07-14 18:00:00,2026-07-14 14:00:00
O01668,ORD035S4,2026-07-14 10:00:00,S4,SKU019,1,2026-07-14 18:00:00,2026-07-14 14:00:00
O01669,ORD035S4,2026-07-14 10:00:00,S4,SKU021,6,2026-07-14 18:00:00,2026-07-14 14:00:00
O01670,ORD035S4,2026-07-14 10:00:00,S4,SKU024,3,2026-07-14 18:00:00,2026-07-14 14:00:00
O01671,ORD035S4,2026-07-14 10:00:00,S4,SKU025,3,2026-07-14 18:00:00,2026-07-14 14:00:00
O01672,ORD035S5,2026-07-14 10:00:00,S5,SKU002,1,2026-07-14 18:00:00,2026-07-14 14:00:00
O01673,ORD035S5,2026-07-14 10:00:00,S5,SKU003,1,2026-07-14 18:00:00,2026-07-14 14:00:00
O01674,ORD035S5,2026-07-14 10:00:00,S5,SKU006,2,2026-07-14 18:00:00,2026-07-14 14:00:00
O01675,ORD035S5,2026-07-14 10:00:00,S5,SKU008,4,2026-07-14 18:00:00,2026-07-14 14:00:00
O01676,ORD035S5,2026-07-14 10:00:00,S5,SKU012,4,2026-07-14 18:00:00,2026-07-14 14:00:00
O01677,ORD035S5,2026-07-14 10:00:00,S5,SKU017,2,2026-07-14 18:00:00,2026-07-14 14:00:00
O01678,ORD035S5,2026-07-14 10:00:00,S5,SKU023,4,2026-07-14 18:00:00,2026-07-14 14:00:00
O01679,ORD035S5,2026-07-14 10:00:00,S5,SKU027,3,2026-07-14 18:00:00,2026-07-14 14:00:00
O01680,ORD036S1,2026-07-15 10:00:00,S1,SKU001,3,2026-07-15 18:00:00,2026-07-15 14:00:00
O01681,ORD036S1,2026-07-15 10:00:00,S1,SKU002,3,2026-07-15 18:00:00,2026-07-15 14:00:00
O01682,ORD036S1,2026-07-15 10:00:00,S1,SKU003,2,2026-07-15 18:00:00,2026-07-15 14:00:00
O01683,ORD036S1,2026-07-15 10:00:00,S1,SKU005,2,2026-07-15 18:00:00,2026-07-15 14:00:00
O01684,ORD036S1,2026-07-15 10:00:00,S1,SKU006,4,2026-07-15 18:00:00,2026-07-15 14:00:00
O01685,ORD036S1,2026-07-15 10:00:00,S1,SKU007,3,2026-07-15 18:00:00,2026-07-15 14:00:00
O01686,ORD036S1,2026-07-15 10:00:00,S1,SKU012,2,2026-07-15 18:00:00,2026-07-15 14:00:00
O01687,ORD036S1,2026-07-15 10:00:00,S1,SKU013,2,2026-07-15 18:00:00,2026-07-15 14:00:00
O01688,ORD036S1,2026-07-15 10:00:00,S1,SKU019,2,2026-07-15 18:00:00,2026-07-15 14:00:00
O01689,ORD036S1,2026-07-15 10:00:00,S1,SKU024,3,2026-07-15 18:00:00,2026-07-15 14:00:00
O01690,ORD036S1,2026-07-15 10:00:00,S1,SKU026,2,2026-07-15 18:00:00,2026-07-15 14:00:00
O01691,ORD036S2,2026-07-15 10:00:00,S2,SKU002,5,2026-07-15 18:00:00,2026-07-15 14:00:00
O01692,ORD036S2,2026-07-15 10:00:00,S2,SKU003,4,2026-07-15 18:00:00,2026-07-15 14:00:00
O01693,ORD036S2,2026-07-15 10:00:00,S2,SKU005,3,2026-07-15 18:00:00,2026-07-15 14:00:00
O01694,ORD036S2,2026-07-15 10:00:00,S2,SKU006,5,2026-07-15 18:00:00,2026-07-15 14:00:00
O01695,ORD036S2,2026-07-15 10:00:00,S2,SKU013,1,2026-07-15 18:00:00,2026-07-15 14:00:00
O01696,ORD036S2,2026-07-15 10:00:00,S2,SKU016,1,2026-07-15 18:00:00,2026-07-15 14:00:00
O01697,ORD036S2,2026-07-15 10:00:00,S2,SKU018,4,2026-07-15 18:00:00,2026-07-15 14:00:00
O01698,ORD036S2,2026-07-15 10:00:00,S2,SKU019,4,2026-07-15 18:00:00,2026-07-15 14:00:00
O01699,ORD036S2,2026-07-15 10:00:00,S2,SKU021,2,2026-07-15 18:00:00,2026-07-15 14:00:00
O01700,ORD036S2,2026-07-15 10:00:00,S2,SKU026,3,2026-07-15 18:00:00,2026-07-15 14:00:00
O01701,ORD036S2,2026-07-15 10:00:00,S2,SKU027,3,2026-07-15 18:00:00,2026-07-15 14:00:00
O01702,ORD036S3,2026-07-15 10:00:00,S3,SKU001,2,2026-07-15 18:00:00,2026-07-15 14:00:00
O01703,ORD036S3,2026-07-15 10:00:00,S3,SKU002,4,2026-07-15 18:00:00,2026-07-15 14:00:00
O01704,ORD036S3,2026-07-15 10:00:00,S3,SKU003,2,2026-07-15 18:00:00,2026-07-15 14:00:00
O01705,ORD036S3,2026-07-15 10:00:00,S3,SKU005,4,2026-07-15 18:00:00,2026-07-15 14:00:00
O01706,ORD036S3,2026-07-15 10:00:00,S3,SKU006,6,2026-07-15 18:00:00,2026-07-15 14:00:00
O01707,ORD036S3,2026-07-15 10:00:00,S3,SKU015,6,2026-07-15 18:00:00,2026-07-15 14:00:00
O01708,ORD036S3,2026-07-15 10:00:00,S3,SKU019,4,2026-07-15 18:00:00,2026-07-15 14:00:00
O01709,ORD036S3,2026-07-15 10:00:00,S3,SKU021,6,2026-07-15 18:00:00,2026-07-15 14:00:00
O01710,ORD036S3,2026-07-15 10:00:00,S3,SKU025,4,2026-07-15 18:00:00,2026-07-15 14:00:00
O01711,ORD036S4,2026-07-15 10:00:00,S4,SKU001,4,2026-07-15 18:00:00,2026-07-15 14:00:00
O01712,ORD036S4,2026-07-15 10:00:00,S4,SKU003,4,2026-07-15 18:00:00,2026-07-15 14:00:00
O01713,ORD036S4,2026-07-15 10:00:00,S4,SKU005,3,2026-07-15 18:00:00,2026-07-15 14:00:00
O01714,ORD036S4,2026-07-15 10:00:00,S4,SKU006,3,2026-07-15 18:00:00,2026-07-15 14:00:00
O01715,ORD036S4,2026-07-15 10:00:00,S4,SKU009,1,2026-07-15 18:00:00,2026-07-15 14:00:00
O01716,ORD036S4,2026-07-15 10:00:00,S4,SKU011,4,2026-07-15 18:00:00,2026-07-15 14:00:00
O01717,ORD036S4,2026-07-15 10:00:00,S4,SKU013,1,2026-07-15 18:00:00,2026-07-15 14:00:00
O01718,ORD036S4,2026-07-15 10:00:00,S4,SKU016,6,2026-07-15 18:00:00,2026-07-15 14:00:00
O01719,ORD036S4,2026-07-15 10:00:00,S4,SKU019,1,2026-07-15 18:00:00,2026-07-15 14:00:00
O01720,ORD036S4,2026-07-15 10:00:00,S4,SKU021,1,2026-07-15 18:00:00,2026-07-15 14:00:00
O01721,ORD036S5,2026-07-15 10:00:00,S5,SKU001,4,2026-07-15 18:00:00,2026-07-15 14:00:00
O01722,ORD036S5,2026-07-15 10:00:00,S5,SKU003,4,2026-07-15 18:00:00,2026-07-15 14:00:00
O01723,ORD036S5,2026-07-15 10:00:00,S5,SKU005,3,2026-07-15 18:00:00,2026-07-15 14:00:00
O01724,ORD036S5,2026-07-15 10:00:00,S5,SKU006,2,2026-07-15 18:00:00,2026-07-15 14:00:00
O01725,ORD036S5,2026-07-15 10:00:00,S5,SKU014,2,2026-07-15 18:00:00,2026-07-15 14:00:00
O01726,ORD036S5,2026-07-15 10:00:00,S5,SKU016,4,2026-07-15 18:00:00,2026-07-15 14:00:00
O01727,ORD036S5,2026-07-15 10:00:00,S5,SKU024,4,2026-07-15 18:00:00,2026-07-15 14:00:00
O01728,ORD036S5,2026-07-15 10:00:00,S5,SKU027,4,2026-07-15 18:00:00,2026-07-15 14:00:00
O01729,ORD036S5,2026-07-15 10:00:00,S5,SKU028,1,2026-07-15 18:00:00,2026-07-15 14:00:00
O01730,ORD037S1,2026-07-16 10:00:00,S1,SKU001,4,2026-07-16 18:00:00,
O01731,ORD037S1,2026-07-16 10:00:00,S1,SKU002,2,2026-07-16 18:00:00,2026-07-16 14:00:00
O01732,ORD037S1,2026-07-16 10:00:00,S1,SKU004,4,2026-07-16 18:00:00,2026-07-16 14:00:00
O01733,ORD037S1,2026-07-16 10:00:00,S1,SKU006,2,2026-07-16 18:00:00,2026-07-16 14:00:00
O01734,ORD037S1,2026-07-16 10:00:00,S1,SKU007,4,2026-07-16 18:00:00,2026-07-16 14:00:00
O01735,ORD037S1,2026-07-16 10:00:00,S1,SKU008,3,2026-07-16 18:00:00,2026-07-16 14:00:00
O01736,ORD037S1,2026-07-16 10:00:00,S1,SKU011,4,2026-07-16 18:00:00,2026-07-16 14:00:00
O01737,ORD037S1,2026-07-16 10:00:00,S1,SKU013,2,2026-07-16 18:00:00,2026-07-16 14:00:00
O01738,ORD037S1,2026-07-16 10:00:00,S1,SKU014,2,2026-07-16 18:00:00,2026-07-16 14:00:00
O01739,ORD037S1,2026-07-16 10:00:00,S1,SKU016,3,2026-07-16 18:00:00,2026-07-16 14:00:00
O01740,ORD037S1,2026-07-16 10:00:00,S1,SKU025,1,2026-07-16 18:00:00,2026-07-16 14:00:00
O01741,ORD037S1,2026-07-16 10:00:00,S1,SKU028,1,2026-07-16 18:00:00,2026-07-16 14:00:00
O01742,ORD037S2,2026-07-16 10:00:00,S2,SKU001,5,2026-07-16 18:00:00,
O01743,ORD037S2,2026-07-16 10:00:00,S2,SKU003,3,2026-07-16 18:00:00,2026-07-16 14:00:00
O01744,ORD037S2,2026-07-16 10:00:00,S2,SKU006,5,2026-07-16 18:00:00,2026-07-16 14:00:00
O01745,ORD037S2,2026-07-16 10:00:00,S2,SKU008,3,2026-07-16 18:00:00,2026-07-16 14:00:00
O01746,ORD037S2,2026-07-16 10:00:00,S2,SKU009,3,2026-07-16 18:00:00,2026-07-16 14:00:00
O01747,ORD037S2,2026-07-16 10:00:00,S2,SKU016,2,2026-07-16 18:00:00,2026-07-16 14:00:00
O01748,ORD037S2,2026-07-16 10:00:00,S2,SKU017,2,2026-07-16 18:00:00,2026-07-16 14:00:00
O01749,ORD037S2,2026-07-16 10:00:00,S2,SKU022,2,2026-07-16 18:00:00,2026-07-16 14:00:00
O01750,ORD037S2,2026-07-16 10:00:00,S2,SKU023,5,2026-07-16 18:00:00,2026-07-16 14:00:00
O01751,ORD037S2,2026-07-16 10:00:00,S2,SKU024,4,2026-07-16 18:00:00,2026-07-16 14:00:00
O01752,ORD037S2,2026-07-16 10:00:00,S2,SKU027,5,2026-07-16 18:00:00,2026-07-16 14:00:00
O01753,ORD037S3,2026-07-16 10:00:00,S3,SKU001,6,2026-07-16 18:00:00,
O01754,ORD037S3,2026-07-16 10:00:00,S3,SKU002,4,2026-07-16 18:00:00,2026-07-16 14:00:00
O01755,ORD037S3,2026-07-16 10:00:00,S3,SKU003,2,2026-07-16 18:00:00,2026-07-16 14:00:00
O01756,ORD037S3,2026-07-16 10:00:00,S3,SKU004,1,2026-07-16 18:00:00,2026-07-16 14:00:00
O01757,ORD037S3,2026-07-16 10:00:00,S3,SKU005,1,2026-07-16 18:00:00,2026-07-16 14:00:00
O01758,ORD037S3,2026-07-16 10:00:00,S3,SKU006,1,2026-07-16 18:00:00,2026-07-16 14:00:00
O01759,ORD037S3,2026-07-16 10:00:00,S3,SKU009,5,2026-07-16 18:00:00,2026-07-16 14:00:00
O01760,ORD037S3,2026-07-16 10:00:00,S3,SKU013,5,2026-07-16 18:00:00,2026-07-16 14:00:00
O01761,ORD037S3,2026-07-16 10:00:00,S3,SKU022,5,2026-07-16 18:00:00,2026-07-16 14:00:00
O01762,ORD037S3,2026-07-16 10:00:00,S3,SKU027,2,2026-07-16 18:00:00,2026-07-16 14:00:00
O01763,ORD037S4,2026-07-16 10:00:00,S4,SKU001,1,2026-07-16 18:00:00,
O01764,ORD037S4,2026-07-16 10:00:00,S4,SKU002,1,2026-07-16 18:00:00,2026-07-16 14:00:00
O01765,ORD037S4,2026-07-16 10:00:00,S4,SKU006,4,2026-07-16 18:00:00,2026-07-16 14:00:00
O01766,ORD037S4,2026-07-16 10:00:00,S4,SKU007,3,2026-07-16 18:00:00,2026-07-16 14:00:00
O01767,ORD037S4,2026-07-16 10:00:00,S4,SKU009,3,2026-07-16 18:00:00,2026-07-16 14:00:00
O01768,ORD037S4,2026-07-16 10:00:00,S4,SKU012,6,2026-07-16 18:00:00,2026-07-16 14:00:00
O01769,ORD037S4,2026-07-16 10:00:00,S4,SKU016,7,2026-07-16 18:00:00,2026-07-16 14:00:00
O01770,ORD037S4,2026-07-16 10:00:00,S4,SKU024,3,2026-07-16 18:00:00,2026-07-16 14:00:00
O01771,ORD037S4,2026-07-16 10:00:00,S4,SKU027,6,2026-07-16 18:00:00,2026-07-16 14:00:00
O01772,ORD037S5,2026-07-16 10:00:00,S5,SKU002,3,2026-07-16 18:00:00,2026-07-16 14:00:00
O01773,ORD037S5,2026-07-16 10:00:00,S5,SKU003,3,2026-07-16 18:00:00,2026-07-16 14:00:00
O01774,ORD037S5,2026-07-16 10:00:00,S5,SKU006,4,2026-07-16 18:00:00,2026-07-16 14:00:00
O01775,ORD037S5,2026-07-16 10:00:00,S5,SKU009,4,2026-07-16 18:00:00,2026-07-16 14:00:00
O01776,ORD037S5,2026-07-16 10:00:00,S5,SKU014,1,2026-07-16 18:00:00,2026-07-16 14:00:00
O01777,ORD037S5,2026-07-16 10:00:00,S5,SKU022,2,2026-07-16 18:00:00,2026-07-16 14:00:00
O01778,ORD037S5,2026-07-16 10:00:00,S5,SKU024,3,2026-07-16 18:00:00,2026-07-16 14:00:00
O01779,ORD037S5,2026-07-16 10:00:00,S5,SKU026,4,2026-07-16 18:00:00,2026-07-16 14:00:00
O01780,ORD038S1,2026-07-17 10:00:00,S1,SKU001,1,2026-07-17 18:00:00,
O01781,ORD038S1,2026-07-17 10:00:00,S1,SKU002,2,2026-07-17 18:00:00,2026-07-17 14:00:00
O01782,ORD038S1,2026-07-17 10:00:00,S1,SKU003,3,2026-07-17 18:00:00,2026-07-17 14:00:00
O01783,ORD038S1,2026-07-17 10:00:00,S1,SKU004,2,2026-07-17 18:00:00,2026-07-17 14:00:00
O01784,ORD038S1,2026-07-17 10:00:00,S1,SKU005,1,2026-07-17 18:00:00,2026-07-17 14:00:00
O01785,ORD038S1,2026-07-17 10:00:00,S1,SKU006,2,2026-07-17 18:00:00,2026-07-17 14:00:00
O01786,ORD038S1,2026-07-17 10:00:00,S1,SKU007,2,2026-07-17 18:00:00,2026-07-17 14:00:00
O01787,ORD038S1,2026-07-17 10:00:00,S1,SKU012,4,2026-07-17 18:00:00,2026-07-17 14:00:00
O01788,ORD038S1,2026-07-17 10:00:00,S1,SKU013,2,2026-07-17 18:00:00,2026-07-17 14:00:00
O01789,ORD038S1,2026-07-17 10:00:00,S1,SKU018,2,2026-07-17 18:00:00,2026-07-17 14:00:00
O01790,ORD038S1,2026-07-17 10:00:00,S1,SKU019,1,2026-07-17 18:00:00,2026-07-17 14:00:00
O01791,ORD038S1,2026-07-17 10:00:00,S1,SKU021,4,2026-07-17 18:00:00,2026-07-17 14:00:00
O01792,ORD038S1,2026-07-17 10:00:00,S1,SKU028,2,2026-07-17 18:00:00,2026-07-17 14:00:00
O01793,ORD038S2,2026-07-17 10:00:00,S2,SKU001,3,2026-07-17 18:00:00,
O01794,ORD038S2,2026-07-17 10:00:00,S2,SKU002,5,2026-07-17 18:00:00,2026-07-17 14:00:00
O01795,ORD038S2,2026-07-17 10:00:00,S2,SKU003,3,2026-07-17 18:00:00,2026-07-17 14:00:00
O01796,ORD038S2,2026-07-17 10:00:00,S2,SKU004,5,2026-07-17 18:00:00,2026-07-17 14:00:00
O01797,ORD038S2,2026-07-17 10:00:00,S2,SKU005,4,2026-07-17 18:00:00,2026-07-17 14:00:00
O01798,ORD038S2,2026-07-17 10:00:00,S2,SKU006,1,2026-07-17 18:00:00,2026-07-17 14:00:00
O01799,ORD038S2,2026-07-17 10:00:00,S2,SKU013,1,2026-07-17 18:00:00,2026-07-17 14:00:00
O01800,ORD038S2,2026-07-17 10:00:00,S2,SKU016,2,2026-07-17 18:00:00,2026-07-17 14:00:00
O01801,ORD038S2,2026-07-17 10:00:00,S2,SKU019,1,2026-07-17 18:00:00,2026-07-17 14:00:00
O01802,ORD038S3,2026-07-17 10:00:00,S3,SKU002,6,2026-07-17 18:00:00,2026-07-17 14:00:00
O01803,ORD038S3,2026-07-17 10:00:00,S3,SKU003,4,2026-07-17 18:00:00,2026-07-17 14:00:00
O01804,ORD038S3,2026-07-17 10:00:00,S3,SKU004,1,2026-07-17 18:00:00,2026-07-17 14:00:00
O01805,ORD038S3,2026-07-17 10:00:00,S3,SKU005,1,2026-07-17 18:00:00,2026-07-17 14:00:00
O01806,ORD038S3,2026-07-17 10:00:00,S3,SKU011,2,2026-07-17 18:00:00,2026-07-17 14:00:00
O01807,ORD038S3,2026-07-17 10:00:00,S3,SKU017,6,2026-07-17 18:00:00,2026-07-17 14:00:00
O01808,ORD038S3,2026-07-17 10:00:00,S3,SKU019,2,2026-07-17 18:00:00,2026-07-17 14:00:00
O01809,ORD038S3,2026-07-17 10:00:00,S3,SKU020,6,2026-07-17 18:00:00,2026-07-17 14:00:00
O01810,ORD038S3,2026-07-17 10:00:00,S3,SKU022,1,2026-07-17 18:00:00,2026-07-17 14:00:00
O01811,ORD038S3,2026-07-17 10:00:00,S3,SKU025,2,2026-07-17 18:00:00,2026-07-17 14:00:00
O01812,ORD038S3,2026-07-17 10:00:00,S3,SKU026,2,2026-07-17 18:00:00,2026-07-17 14:00:00
O01813,ORD038S4,2026-07-17 10:00:00,S4,SKU001,6,2026-07-17 18:00:00,
O01814,ORD038S4,2026-07-17 10:00:00,S4,SKU002,6,2026-07-17 18:00:00,2026-07-17 14:00:00
O01815,ORD038S4,2026-07-17 10:00:00,S4,SKU003,7,2026-07-17 18:00:00,2026-07-17 14:00:00
O01816,ORD038S4,2026-07-17 10:00:00,S4,SKU005,1,2026-07-17 18:00:00,2026-07-17 14:00:00
O01817,ORD038S4,2026-07-17 10:00:00,S4,SKU006,1,2026-07-17 18:00:00,2026-07-17 14:00:00
O01818,ORD038S4,2026-07-17 10:00:00,S4,SKU009,3,2026-07-17 18:00:00,2026-07-17 14:00:00
O01819,ORD038S4,2026-07-17 10:00:00,S4,SKU014,1,2026-07-17 18:00:00,2026-07-17 14:00:00
O01820,ORD038S4,2026-07-17 10:00:00,S4,SKU015,4,2026-07-17 18:00:00,2026-07-17 14:00:00
O01821,ORD038S4,2026-07-17 10:00:00,S4,SKU019,1,2026-07-17 18:00:00,2026-07-17 14:00:00
O01822,ORD038S4,2026-07-17 10:00:00,S4,SKU023,3,2026-07-17 18:00:00,2026-07-17 14:00:00
O01823,ORD038S4,2026-07-17 10:00:00,S4,SKU025,1,2026-07-17 18:00:00,2026-07-17 14:00:00
O01824,ORD038S4,2026-07-17 10:00:00,S4,SKU028,7,2026-07-17 18:00:00,2026-07-17 14:00:00
O01825,ORD038S5,2026-07-17 10:00:00,S5,SKU002,1,2026-07-17 18:00:00,2026-07-17 14:00:00
O01826,ORD038S5,2026-07-17 10:00:00,S5,SKU003,4,2026-07-17 18:00:00,2026-07-17 14:00:00
O01827,ORD038S5,2026-07-17 10:00:00,S5,SKU004,4,2026-07-17 18:00:00,2026-07-17 14:00:00
O01828,ORD038S5,2026-07-17 10:00:00,S5,SKU005,2,2026-07-17 18:00:00,2026-07-17 14:00:00
O01829,ORD038S5,2026-07-17 10:00:00,S5,SKU006,1,2026-07-17 18:00:00,2026-07-17 14:00:00
O01830,ORD038S5,2026-07-17 10:00:00,S5,SKU008,2,2026-07-17 18:00:00,2026-07-17 14:00:00
O01831,ORD038S5,2026-07-17 10:00:00,S5,SKU015,4,2026-07-17 18:00:00,2026-07-17 14:00:00
O01832,ORD038S5,2026-07-17 10:00:00,S5,SKU016,1,2026-07-17 18:00:00,2026-07-17 14:00:00
O01833,ORD038S5,2026-07-17 10:00:00,S5,SKU020,3,2026-07-17 18:00:00,2026-07-17 14:00:00
O01834,ORD039S1,2026-07-18 10:00:00,S1,SKU001,4,2026-07-18 18:00:00,
O01835,ORD039S1,2026-07-18 10:00:00,S1,SKU002,5,2026-07-18 18:00:00,2026-07-18 14:00:00
O01836,ORD039S1,2026-07-18 10:00:00,S1,SKU006,1,2026-07-18 18:00:00,2026-07-18 14:00:00
O01837,ORD039S1,2026-07-18 10:00:00,S1,SKU011,5,2026-07-18 18:00:00,2026-07-18 14:00:00
O01838,ORD039S1,2026-07-18 10:00:00,S1,SKU013,2,2026-07-18 18:00:00,2026-07-18 14:00:00
O01839,ORD039S1,2026-07-18 10:00:00,S1,SKU016,5,2026-07-18 18:00:00,2026-07-18 14:00:00
O01840,ORD039S1,2026-07-18 10:00:00,S1,SKU018,3,2026-07-18 18:00:00,2026-07-18 14:00:00
O01841,ORD039S1,2026-07-18 10:00:00,S1,SKU020,2,2026-07-18 18:00:00,2026-07-18 14:00:00
O01842,ORD039S1,2026-07-18 10:00:00,S1,SKU026,4,2026-07-18 18:00:00,2026-07-18 14:00:00
O01843,ORD039S2,2026-07-18 10:00:00,S2,SKU001,3,2026-07-18 18:00:00,
O01844,ORD039S2,2026-07-18 10:00:00,S2,SKU002,3,2026-07-18 18:00:00,2026-07-18 14:00:00
O01845,ORD039S2,2026-07-18 10:00:00,S2,SKU004,1,2026-07-18 18:00:00,2026-07-18 14:00:00
O01846,ORD039S2,2026-07-18 10:00:00,S2,SKU006,6,2026-07-18 18:00:00,2026-07-18 14:00:00
O01847,ORD039S2,2026-07-18 10:00:00,S2,SKU009,4,2026-07-18 18:00:00,2026-07-18 14:00:00
O01848,ORD039S2,2026-07-18 10:00:00,S2,SKU013,3,2026-07-18 18:00:00,2026-07-18 14:00:00
O01849,ORD039S2,2026-07-18 10:00:00,S2,SKU019,4,2026-07-18 18:00:00,2026-07-18 14:00:00
O01850,ORD039S2,2026-07-18 10:00:00,S2,SKU024,6,2026-07-18 18:00:00,2026-07-18 14:00:00
O01851,ORD039S2,2026-07-18 10:00:00,S2,SKU027,6,2026-07-18 18:00:00,2026-07-18 14:00:00
O01852,ORD039S2,2026-07-18 10:00:00,S2,SKU028,3,2026-07-18 18:00:00,2026-07-18 14:00:00
O01853,ORD039S3,2026-07-18 10:00:00,S3,SKU002,8,2026-07-18 18:00:00,2026-07-18 14:00:00
O01854,ORD039S3,2026-07-18 10:00:00,S3,SKU003,2,2026-07-18 18:00:00,2026-07-18 14:00:00
O01855,ORD039S3,2026-07-18 10:00:00,S3,SKU004,6,2026-07-18 18:00:00,2026-07-18 14:00:00
O01856,ORD039S3,2026-07-18 10:00:00,S3,SKU005,8,2026-07-18 18:00:00,2026-07-18 14:00:00
O01857,ORD039S3,2026-07-18 10:00:00,S3,SKU009,3,2026-07-18 18:00:00,2026-07-18 14:00:00
O01858,ORD039S3,2026-07-18 10:00:00,S3,SKU015,5,2026-07-18 18:00:00,2026-07-18 14:00:00
O01859,ORD039S3,2026-07-18 10:00:00,S3,SKU017,2,2026-07-18 18:00:00,2026-07-18 14:00:00
O01860,ORD039S3,2026-07-18 10:00:00,S3,SKU024,3,2026-07-18 18:00:00,2026-07-18 14:00:00
O01861,ORD039S4,2026-07-18 10:00:00,S4,SKU001,5,2026-07-18 18:00:00,
O01862,ORD039S4,2026-07-18 10:00:00,S4,SKU002,5,2026-07-18 18:00:00,2026-07-18 14:00:00
O01863,ORD039S4,2026-07-18 10:00:00,S4,SKU005,7,2026-07-18 18:00:00,2026-07-18 14:00:00
O01864,ORD039S4,2026-07-18 10:00:00,S4,SKU006,9,2026-07-18 18:00:00,2026-07-18 14:00:00
O01865,ORD039S4,2026-07-18 10:00:00,S4,SKU012,2,2026-07-18 18:00:00,2026-07-18 14:00:00
O01866,ORD039S4,2026-07-18 10:00:00,S4,SKU014,5,2026-07-18 18:00:00,2026-07-18 14:00:00
O01867,ORD039S4,2026-07-18 10:00:00,S4,SKU017,5,2026-07-18 18:00:00,2026-07-18 14:00:00
O01868,ORD039S4,2026-07-18 10:00:00,S4,SKU021,5,2026-07-18 18:00:00,2026-07-18 14:00:00
O01869,ORD039S4,2026-07-18 10:00:00,S4,SKU023,7,2026-07-18 18:00:00,2026-07-18 14:00:00
O01870,ORD039S5,2026-07-18 10:00:00,S5,SKU002,4,2026-07-18 18:00:00,2026-07-18 14:00:00
O01871,ORD039S5,2026-07-18 10:00:00,S5,SKU003,4,2026-07-18 18:00:00,2026-07-18 14:00:00
O01872,ORD039S5,2026-07-18 10:00:00,S5,SKU006,6,2026-07-18 18:00:00,2026-07-18 14:00:00
O01873,ORD039S5,2026-07-18 10:00:00,S5,SKU009,6,2026-07-18 18:00:00,2026-07-18 14:00:00
O01874,ORD039S5,2026-07-18 10:00:00,S5,SKU011,1,2026-07-18 18:00:00,2026-07-18 14:00:00
O01875,ORD039S5,2026-07-18 10:00:00,S5,SKU017,4,2026-07-18 18:00:00,2026-07-18 14:00:00
O01876,ORD039S5,2026-07-18 10:00:00,S5,SKU025,6,2026-07-18 18:00:00,2026-07-18 14:00:00
O01877,ORD040S1,2026-07-19 10:00:00,S1,SKU001,120,2026-07-19 18:00:00,
O01878,ORD040S1,2026-07-19 10:00:00,S1,SKU003,1,2026-07-19 18:00:00,2026-07-19 14:00:00
O01879,ORD040S1,2026-07-19 10:00:00,S1,SKU004,2,2026-07-19 18:00:00,2026-07-19 14:00:00
O01880,ORD040S1,2026-07-19 10:00:00,S1,SKU005,3,2026-07-19 18:00:00,2026-07-19 14:00:00
O01881,ORD040S1,2026-07-19 10:00:00,S1,SKU006,5,2026-07-19 18:00:00,2026-07-19 14:00:00
O01882,ORD040S1,2026-07-19 10:00:00,S1,SKU008,2,2026-07-19 18:00:00,2026-07-19 14:00:00
O01883,ORD040S1,2026-07-19 10:00:00,S1,SKU014,3,2026-07-19 18:00:00,2026-07-19 14:00:00
O01884,ORD040S2,2026-07-19 10:00:00,S2,SKU001,6,2026-07-19 18:00:00,
O01885,ORD040S2,2026-07-19 10:00:00,S2,SKU002,3,2026-07-19 18:00:00,2026-07-19 14:00:00
O01886,ORD040S2,2026-07-19 10:00:00,S2,SKU005,4,2026-07-19 18:00:00,2026-07-19 14:00:00
O01887,ORD040S2,2026-07-19 10:00:00,S2,SKU006,6,2026-07-19 18:00:00,2026-07-19 14:00:00
O01888,ORD040S2,2026-07-19 10:00:00,S2,SKU015,5,2026-07-19 18:00:00,2026-07-19 14:00:00
O01889,ORD040S2,2026-07-19 10:00:00,S2,SKU021,5,2026-07-19 18:00:00,2026-07-19 14:00:00
O01890,ORD040S2,2026-07-19 10:00:00,S2,SKU027,4,2026-07-19 18:00:00,2026-07-19 14:00:00
O01891,ORD040S3,2026-07-19 10:00:00,S3,SKU003,8,2026-07-19 18:00:00,2026-07-19 14:00:00
O01892,ORD040S3,2026-07-19 10:00:00,S3,SKU004,5,2026-07-19 18:00:00,2026-07-19 14:00:00
O01893,ORD040S3,2026-07-19 10:00:00,S3,SKU005,5,2026-07-19 18:00:00,2026-07-19 14:00:00
O01894,ORD040S3,2026-07-19 10:00:00,S3,SKU006,2,2026-07-19 18:00:00,
O01895,ORD040S3,2026-07-19 10:00:00,S3,SKU007,2,2026-07-19 18:00:00,2026-07-19 14:00:00
O01896,ORD040S3,2026-07-19 10:00:00,S3,SKU013,3,2026-07-19 18:00:00,2026-07-19 14:00:00
O01897,ORD040S3,2026-07-19 10:00:00,S3,SKU022,2,2026-07-19 18:00:00,2026-07-19 14:00:00
O01898,ORD040S3,2026-07-19 10:00:00,S3,SKU024,2,2026-07-19 18:00:00,2026-07-19 14:00:00
O01899,ORD040S3,2026-07-19 10:00:00,S3,SKU025,8,2026-07-19 18:00:00,2026-07-19 14:00:00
O01900,ORD040S4,2026-07-19 10:00:00,S4,SKU002,9,2026-07-19 18:00:00,2026-07-19 14:00:00
O01901,ORD040S4,2026-07-19 10:00:00,S4,SKU004,7,2026-07-19 18:00:00,2026-07-19 14:00:00
O01902,ORD040S4,2026-07-19 10:00:00,S4,SKU005,9,2026-07-19 18:00:00,2026-07-19 14:00:00
O01903,ORD040S4,2026-07-19 10:00:00,S4,SKU008,4,2026-07-19 18:00:00,2026-07-19 14:00:00
O01904,ORD040S4,2026-07-19 10:00:00,S4,SKU014,7,2026-07-19 18:00:00,2026-07-19 14:00:00
O01905,ORD040S4,2026-07-19 10:00:00,S4,SKU017,4,2026-07-19 18:00:00,2026-07-19 14:00:00
O01906,ORD040S4,2026-07-19 10:00:00,S4,SKU019,9,2026-07-19 18:00:00,2026-07-19 14:00:00
O01907,ORD040S4,2026-07-19 10:00:00,S4,SKU020,9,2026-07-19 18:00:00,2026-07-19 14:00:00
O01908,ORD040S4,2026-07-19 10:00:00,S4,SKU023,2,2026-07-19 18:00:00,2026-07-19 14:00:00
O01909,ORD040S4,2026-07-19 10:00:00,S4,SKU024,9,2026-07-19 18:00:00,2026-07-19 14:00:00
O01910,ORD040S5,2026-07-19 10:00:00,S5,SKU001,1,2026-07-19 18:00:00,
O01911,ORD040S5,2026-07-19 10:00:00,S5,SKU003,5,2026-07-19 18:00:00,2026-07-19 14:00:00
O01912,ORD040S5,2026-07-19 10:00:00,S5,SKU004,6,2026-07-19 18:00:00,2026-07-19 14:00:00
O01913,ORD040S5,2026-07-19 10:00:00,S5,SKU005,1,2026-07-19 18:00:00,2026-07-19 14:00:00
O01914,ORD040S5,2026-07-19 10:00:00,S5,SKU013,4,2026-07-19 18:00:00,2026-07-19 14:00:00
O01915,ORD040S5,2026-07-19 10:00:00,S5,SKU020,1,2026-07-19 18:00:00,2026-07-19 14:00:00
O01916,ORD040S5,2026-07-19 10:00:00,S5,SKU022,6,2026-07-19 18:00:00,2026-07-19 14:00:00
O01917,ORD040S5,2026-07-19 10:00:00,S5,SKU023,4,2026-07-19 18:00:00,2026-07-19 14:00:00
O01918,ORD041S1,2026-07-20 10:00:00,S1,SKU001,3,2026-07-20 18:00:00,
O01919,ORD041S1,2026-07-20 10:00:00,S1,SKU002,2,2026-07-20 18:00:00,2026-07-20 14:00:00
O01920,ORD041S1,2026-07-20 10:00:00,S1,SKU003,2,2026-07-20 18:00:00,
O01921,ORD041S1,2026-07-20 10:00:00,S1,SKU004,1,2026-07-20 18:00:00,2026-07-20 14:00:00
O01922,ORD041S1,2026-07-20 10:00:00,S1,SKU027,4,2026-07-20 18:00:00,2026-07-20 14:00:00
O01923,ORD041S2,2026-07-20 10:00:00,S2,SKU003,5,2026-07-20 18:00:00,
O01924,ORD041S2,2026-07-20 10:00:00,S2,SKU004,2,2026-07-20 18:00:00,2026-07-20 14:00:00
O01925,ORD041S2,2026-07-20 10:00:00,S2,SKU005,1,2026-07-20 18:00:00,2026-07-20 14:00:00
O01926,ORD041S2,2026-07-20 10:00:00,S2,SKU006,4,2026-07-20 18:00:00,
O01927,ORD041S2,2026-07-20 10:00:00,S2,SKU011,2,2026-07-20 18:00:00,2026-07-20 14:00:00
O01928,ORD041S2,2026-07-20 10:00:00,S2,SKU014,1,2026-07-20 18:00:00,2026-07-20 14:00:00
O01929,ORD041S2,2026-07-20 10:00:00,S2,SKU015,1,2026-07-20 18:00:00,2026-07-20 14:00:00
O01930,ORD041S2,2026-07-20 10:00:00,S2,SKU022,2,2026-07-20 18:00:00,2026-07-20 14:00:00
O01931,ORD041S2,2026-07-20 10:00:00,S2,SKU024,3,2026-07-20 18:00:00,2026-07-20 14:00:00
O01932,ORD041S2,2026-07-20 10:00:00,S2,SKU026,1,2026-07-20 18:00:00,2026-07-20 14:00:00
O01933,ORD041S2,2026-07-20 10:00:00,S2,SKU028,4,2026-07-20 18:00:00,2026-07-20 14:00:00
O01934,ORD041S2,2026-07-20 10:00:00,S2,SKU029,4,2026-07-20 18:00:00,2026-07-20 14:00:00
O01935,ORD041S3,2026-07-20 10:00:00,S3,SKU001,4,2026-07-20 18:00:00,
O01936,ORD041S3,2026-07-20 10:00:00,S3,SKU006,4,2026-07-20 18:00:00,
O01937,ORD041S3,2026-07-20 10:00:00,S3,SKU007,4,2026-07-20 18:00:00,2026-07-20 14:00:00
O01938,ORD041S3,2026-07-20 10:00:00,S3,SKU009,4,2026-07-20 18:00:00,2026-07-20 14:00:00
O01939,ORD041S3,2026-07-20 10:00:00,S3,SKU013,5,2026-07-20 18:00:00,2026-07-20 14:00:00
O01940,ORD041S3,2026-07-20 10:00:00,S3,SKU014,2,2026-07-20 18:00:00,2026-07-20 14:00:00
O01941,ORD041S3,2026-07-20 10:00:00,S3,SKU019,2,2026-07-20 18:00:00,2026-07-20 14:00:00
O01942,ORD041S3,2026-07-20 10:00:00,S3,SKU020,6,2026-07-20 18:00:00,2026-07-20 14:00:00
O01943,ORD041S3,2026-07-20 10:00:00,S3,SKU021,1,2026-07-20 18:00:00,2026-07-20 14:00:00
O01944,ORD041S3,2026-07-20 10:00:00,S3,SKU022,5,2026-07-20 18:00:00,2026-07-20 14:00:00
O01945,ORD041S3,2026-07-20 10:00:00,S3,SKU025,5,2026-07-20 18:00:00,2026-07-20 14:00:00
O01946,ORD041S4,2026-07-20 10:00:00,S4,SKU001,3,2026-07-20 18:00:00,
O01947,ORD041S4,2026-07-20 10:00:00,S4,SKU004,4,2026-07-20 18:00:00,2026-07-20 14:00:00
O01948,ORD041S4,2026-07-20 10:00:00,S4,SKU007,3,2026-07-20 18:00:00,2026-07-20 14:00:00
O01949,ORD041S4,2026-07-20 10:00:00,S4,SKU009,6,2026-07-20 18:00:00,2026-07-20 14:00:00
O01950,ORD041S4,2026-07-20 10:00:00,S4,SKU015,6,2026-07-20 18:00:00,2026-07-20 14:00:00
O01951,ORD041S4,2026-07-20 10:00:00,S4,SKU017,1,2026-07-20 18:00:00,2026-07-20 14:00:00
O01952,ORD041S4,2026-07-20 10:00:00,S4,SKU018,6,2026-07-20 18:00:00,2026-07-20 14:00:00
O01953,ORD041S4,2026-07-20 10:00:00,S4,SKU020,7,2026-07-20 18:00:00,2026-07-20 14:00:00
O01954,ORD041S4,2026-07-20 10:00:00,S4,SKU023,7,2026-07-20 18:00:00,2026-07-20 14:00:00
O01955,ORD041S4,2026-07-20 10:00:00,S4,SKU027,3,2026-07-20 18:00:00,2026-07-20 14:00:00
O01956,ORD041S5,2026-07-20 10:00:00,S5,SKU002,2,2026-07-20 18:00:00,2026-07-20 14:00:00
O01957,ORD041S5,2026-07-20 10:00:00,S5,SKU004,1,2026-07-20 18:00:00,2026-07-20 14:00:00
O01958,ORD041S5,2026-07-20 10:00:00,S5,SKU006,3,2026-07-20 18:00:00,
O01959,ORD041S5,2026-07-20 10:00:00,S5,SKU011,1,2026-07-20 18:00:00,2026-07-20 14:00:00
O01960,ORD041S5,2026-07-20 10:00:00,S5,SKU017,4,2026-07-20 18:00:00,2026-07-20 14:00:00
O01961,ORD041S5,2026-07-20 10:00:00,S5,SKU019,4,2026-07-20 18:00:00,2026-07-20 14:00:00
O01962,ORD041S5,2026-07-20 10:00:00,S5,SKU025,3,2026-07-20 18:00:00,2026-07-20 14:00:00
O01963,ORD041S5,2026-07-20 10:00:00,S5,SKU027,2,2026-07-20 18:00:00,2026-07-20 14:00:00
O01964,ORD042S1,2026-07-21 10:00:00,S1,SKU003,1,2026-07-21 18:00:00,2026-07-21 14:00:00
O01965,ORD042S1,2026-07-21 10:00:00,S1,SKU004,1,2026-07-21 18:00:00,2026-07-21 14:00:00
O01966,ORD042S1,2026-07-21 10:00:00,S1,SKU005,3,2026-07-21 18:00:00,2026-07-21 14:00:00
O01967,ORD042S1,2026-07-21 10:00:00,S1,SKU006,4,2026-07-21 18:00:00,2026-07-21 14:00:00
O01968,ORD042S1,2026-07-21 10:00:00,S1,SKU017,2,2026-07-21 18:00:00,2026-07-21 14:00:00
O01969,ORD042S1,2026-07-21 10:00:00,S1,SKU021,2,2026-07-21 18:00:00,2026-07-21 14:00:00
O01970,ORD042S1,2026-07-21 10:00:00,S1,SKU022,2,2026-07-21 18:00:00,2026-07-21 14:00:00
O01971,ORD042S2,2026-07-21 10:00:00,S2,SKU004,4,2026-07-21 18:00:00,2026-07-21 14:00:00
O01972,ORD042S2,2026-07-21 10:00:00,S2,SKU005,4,2026-07-21 18:00:00,2026-07-21 14:00:00
O01973,ORD042S2,2026-07-21 10:00:00,S2,SKU006,2,2026-07-21 18:00:00,2026-07-21 14:00:00
O01974,ORD042S2,2026-07-21 10:00:00,S2,SKU008,2,2026-07-21 18:00:00,2026-07-21 14:00:00
O01975,ORD042S2,2026-07-21 10:00:00,S2,SKU013,4,2026-07-21 18:00:00,2026-07-21 14:00:00
O01976,ORD042S2,2026-07-21 10:00:00,S2,SKU023,4,2026-07-21 18:00:00,2026-07-21 14:00:00
O01977,ORD042S2,2026-07-21 10:00:00,S2,SKU028,3,2026-07-21 18:00:00,2026-07-21 14:00:00
O01978,ORD042S3,2026-07-21 10:00:00,S3,SKU001,2,2026-07-21 18:00:00,
O01979,ORD042S3,2026-07-21 10:00:00,S3,SKU002,6,2026-07-21 18:00:00,2026-07-21 14:00:00
O01980,ORD042S3,2026-07-21 10:00:00,S3,SKU004,5,2026-07-21 18:00:00,2026-07-21 14:00:00
O01981,ORD042S3,2026-07-21 10:00:00,S3,SKU009,1,2026-07-21 18:00:00,2026-07-21 14:00:00
O01982,ORD042S3,2026-07-21 10:00:00,S3,SKU019,2,2026-07-21 18:00:00,2026-07-21 14:00:00
O01983,ORD042S3,2026-07-21 10:00:00,S3,SKU021,4,2026-07-21 18:00:00,2026-07-21 14:00:00
O01984,ORD042S3,2026-07-21 10:00:00,S3,SKU022,2,2026-07-21 18:00:00,2026-07-21 14:00:00
O01985,ORD042S3,2026-07-21 10:00:00,S3,SKU028,1,2026-07-21 18:00:00,2026-07-21 14:00:00
O01986,ORD042S4,2026-07-21 10:00:00,S4,SKU002,6,2026-07-21 18:00:00,2026-07-21 14:00:00
O01987,ORD042S4,2026-07-21 10:00:00,S4,SKU003,7,2026-07-21 18:00:00,2026-07-21 14:00:00
O01988,ORD042S4,2026-07-21 10:00:00,S4,SKU004,7,2026-07-21 18:00:00,2026-07-21 14:00:00
O01989,ORD042S4,2026-07-21 10:00:00,S4,SKU006,4,2026-07-21 18:00:00,2026-07-21 14:00:00
O01990,ORD042S4,2026-07-21 10:00:00,S4,SKU015,1,2026-07-21 18:00:00,2026-07-21 14:00:00
O01991,ORD042S4,2026-07-21 10:00:00,S4,SKU016,7,2026-07-21 18:00:00,2026-07-21 14:00:00
O01992,ORD042S4,2026-07-21 10:00:00,S4,SKU026,3,2026-07-21 18:00:00,2026-07-21 14:00:00
O01993,ORD042S5,2026-07-21 10:00:00,S5,SKU001,1,2026-07-21 18:00:00,
O01994,ORD042S5,2026-07-21 10:00:00,S5,SKU002,4,2026-07-21 18:00:00,2026-07-21 14:00:00
O01995,ORD042S5,2026-07-21 10:00:00,S5,SKU003,2,2026-07-21 18:00:00,2026-07-21 14:00:00
O01996,ORD042S5,2026-07-21 10:00:00,S5,SKU005,1,2026-07-21 18:00:00,2026-07-21 14:00:00
O01997,ORD042S5,2026-07-21 10:00:00,S5,SKU006,3,2026-07-21 18:00:00,2026-07-21 14:00:00
O01998,ORD042S5,2026-07-21 10:00:00,S5,SKU008,3,2026-07-21 18:00:00,2026-07-21 14:00:00
O01999,ORD042S5,2026-07-21 10:00:00,S5,SKU012,4,2026-07-21 18:00:00,2026-07-21 14:00:00
O02000,ORD042S5,2026-07-21 10:00:00,S5,SKU019,1,2026-07-21 18:00:00,2026-07-21 14:00:00
O02001,ORD042S5,2026-07-21 10:00:00,S5,SKU020,1,2026-07-21 18:00:00,2026-07-21 14:00:00
O02002,ORD042S5,2026-07-21 10:00:00,S5,SKU021,2,2026-07-21 18:00:00,2026-07-21 14:00:00
O02003,ORD042S5,2026-07-21 10:00:00,S5,SKU023,1,2026-07-21 18:00:00,2026-07-21 14:00:00
O02004,ORD042S5,2026-07-21 10:00:00,S5,SKU028,4,2026-07-21 18:00:00,2026-07-21 14:00:00
O02005,ORD043S1,2026-07-22 10:00:00,S1,SKU001,2,2026-07-22 18:00:00,
O02006,ORD043S1,2026-07-22 10:00:00,S1,SKU002,2,2026-07-22 18:00:00,2026-07-22 14:00:00
O02007,ORD043S1,2026-07-22 10:00:00,S1,SKU003,4,2026-07-22 18:00:00,2026-07-22 14:00:00
O02008,ORD043S1,2026-07-22 10:00:00,S1,SKU004,2,2026-07-22 18:00:00,2026-07-22 14:00:00
O02009,ORD043S1,2026-07-22 10:00:00,S1,SKU005,3,2026-07-22 18:00:00,2026-07-22 14:00:00
O02010,ORD043S1,2026-07-22 10:00:00,S1,SKU012,1,2026-07-22 18:00:00,2026-07-22 14:00:00
O02011,ORD043S1,2026-07-22 10:00:00,S1,SKU019,4,2026-07-22 18:00:00,2026-07-22 14:00:00
O02012,ORD043S1,2026-07-22 10:00:00,S1,SKU024,4,2026-07-22 18:00:00,2026-07-22 14:00:00
O02013,ORD043S2,2026-07-22 10:00:00,S2,SKU001,5,2026-07-22 18:00:00,
O02014,ORD043S2,2026-07-22 10:00:00,S2,SKU002,3,2026-07-22 18:00:00,2026-07-22 14:00:00
O02015,ORD043S2,2026-07-22 10:00:00,S2,SKU003,2,2026-07-22 18:00:00,2026-07-22 14:00:00
O02016,ORD043S2,2026-07-22 10:00:00,S2,SKU004,4,2026-07-22 18:00:00,2026-07-22 14:00:00
O02017,ORD043S2,2026-07-22 10:00:00,S2,SKU005,1,2026-07-22 18:00:00,2026-07-22 14:00:00
O02018,ORD043S2,2026-07-22 10:00:00,S2,SKU006,5,2026-07-22 18:00:00,2026-07-22 14:00:00
O02019,ORD043S2,2026-07-22 10:00:00,S2,SKU014,3,2026-07-22 18:00:00,2026-07-22 14:00:00
O02020,ORD043S2,2026-07-22 10:00:00,S2,SKU015,2,2026-07-22 18:00:00,2026-07-22 14:00:00
O02021,ORD043S2,2026-07-22 10:00:00,S2,SKU016,2,2026-07-22 18:00:00,2026-07-22 14:00:00
O02022,ORD043S2,2026-07-22 10:00:00,S2,SKU021,3,2026-07-22 18:00:00,2026-07-22 14:00:00
O02023,ORD043S2,2026-07-22 10:00:00,S2,SKU023,1,2026-07-22 18:00:00,2026-07-22 14:00:00
O02024,ORD043S3,2026-07-22 10:00:00,S3,SKU001,5,2026-07-22 18:00:00,
O02025,ORD043S3,2026-07-22 10:00:00,S3,SKU003,4,2026-07-22 18:00:00,2026-07-22 14:00:00
O02026,ORD043S3,2026-07-22 10:00:00,S3,SKU004,2,2026-07-22 18:00:00,2026-07-22 14:00:00
O02027,ORD043S3,2026-07-22 10:00:00,S3,SKU005,5,2026-07-22 18:00:00,2026-07-22 14:00:00
O02028,ORD043S3,2026-07-22 10:00:00,S3,SKU006,6,2026-07-22 18:00:00,2026-07-22 14:00:00
O02029,ORD043S3,2026-07-22 10:00:00,S3,SKU014,2,2026-07-22 18:00:00,2026-07-22 14:00:00
O02030,ORD043S3,2026-07-22 10:00:00,S3,SKU017,6,2026-07-22 18:00:00,2026-07-22 14:00:00
O02031,ORD043S3,2026-07-22 10:00:00,S3,SKU018,2,2026-07-22 18:00:00,2026-07-22 14:00:00
O02032,ORD043S3,2026-07-22 10:00:00,S3,SKU021,1,2026-07-22 18:00:00,2026-07-22 14:00:00
O02033,ORD043S3,2026-07-22 10:00:00,S3,SKU023,6,2026-07-22 18:00:00,2026-07-22 14:00:00
O02034,ORD043S3,2026-07-22 10:00:00,S3,SKU028,6,2026-07-22 18:00:00,2026-07-22 14:00:00
O02035,ORD043S4,2026-07-22 10:00:00,S4,SKU002,3,2026-07-22 18:00:00,2026-07-22 14:00:00
O02036,ORD043S4,2026-07-22 10:00:00,S4,SKU003,6,2026-07-22 18:00:00,2026-07-22 14:00:00
O02037,ORD043S4,2026-07-22 10:00:00,S4,SKU004,7,2026-07-22 18:00:00,2026-07-22 14:00:00
O02038,ORD043S4,2026-07-22 10:00:00,S4,SKU005,3,2026-07-22 18:00:00,2026-07-22 14:00:00
O02039,ORD043S4,2026-07-22 10:00:00,S4,SKU006,6,2026-07-22 18:00:00,2026-07-22 14:00:00
O02040,ORD043S4,2026-07-22 10:00:00,S4,SKU009,6,2026-07-22 18:00:00,2026-07-22 14:00:00
O02041,ORD043S4,2026-07-22 10:00:00,S4,SKU014,4,2026-07-22 18:00:00,2026-07-22 14:00:00
O02042,ORD043S4,2026-07-22 10:00:00,S4,SKU015,6,2026-07-22 18:00:00,2026-07-22 14:00:00
O02043,ORD043S4,2026-07-22 10:00:00,S4,SKU022,7,2026-07-22 18:00:00,2026-07-22 14:00:00
O02044,ORD043S5,2026-07-22 10:00:00,S5,SKU002,4,2026-07-22 18:00:00,2026-07-22 14:00:00
O02045,ORD043S5,2026-07-22 10:00:00,S5,SKU003,4,2026-07-22 18:00:00,2026-07-22 14:00:00
O02046,ORD043S5,2026-07-22 10:00:00,S5,SKU004,4,2026-07-22 18:00:00,2026-07-22 14:00:00
O02047,ORD043S5,2026-07-22 10:00:00,S5,SKU005,2,2026-07-22 18:00:00,2026-07-22 14:00:00
O02048,ORD043S5,2026-07-22 10:00:00,S5,SKU006,4,2026-07-22 18:00:00,2026-07-22 14:00:00
O02049,ORD043S5,2026-07-22 10:00:00,S5,SKU011,1,2026-07-22 18:00:00,2026-07-22 14:00:00
O02050,ORD043S5,2026-07-22 10:00:00,S5,SKU016,1,2026-07-22 18:00:00,2026-07-22 14:00:00
O02051,ORD043S5,2026-07-22 10:00:00,S5,SKU028,4,2026-07-22 18:00:00,2026-07-22 14:00:00
O02052,ORD044S1,2026-07-23 10:00:00,S1,SKU001,4,2026-07-23 18:00:00,
O02053,ORD044S1,2026-07-23 10:00:00,S1,SKU004,1,2026-07-23 18:00:00,2026-07-23 14:00:00
O02054,ORD044S1,2026-07-23 10:00:00,S1,SKU005,2,2026-07-23 18:00:00,2026-07-23 14:00:00
O02055,ORD044S1,2026-07-23 10:00:00,S1,SKU006,2,2026-07-23 18:00:00,2026-07-23 14:00:00
O02056,ORD044S1,2026-07-23 10:00:00,S1,SKU008,2,2026-07-23 18:00:00,2026-07-23 14:00:00
O02057,ORD044S1,2026-07-23 10:00:00,S1,SKU009,3,2026-07-23 18:00:00,2026-07-23 14:00:00
O02058,ORD044S1,2026-07-23 10:00:00,S1,SKU011,3,2026-07-23 18:00:00,2026-07-23 14:00:00
O02059,ORD044S1,2026-07-23 10:00:00,S1,SKU012,3,2026-07-23 18:00:00,2026-07-23 14:00:00
O02060,ORD044S1,2026-07-23 10:00:00,S1,SKU025,2,2026-07-23 18:00:00,2026-07-23 14:00:00
O02061,ORD044S1,2026-07-23 10:00:00,S1,SKU026,1,2026-07-23 18:00:00,2026-07-23 14:00:00
O02062,ORD044S1,2026-07-23 10:00:00,S1,SKU028,2,2026-07-23 18:00:00,2026-07-23 14:00:00
O02063,ORD044S2,2026-07-23 10:00:00,S2,SKU001,2,2026-07-23 18:00:00,
O02064,ORD044S2,2026-07-23 10:00:00,S2,SKU002,5,2026-07-23 18:00:00,2026-07-23 14:00:00
O02065,ORD044S2,2026-07-23 10:00:00,S2,SKU003,3,2026-07-23 18:00:00,2026-07-23 14:00:00
O02066,ORD044S2,2026-07-23 10:00:00,S2,SKU004,4,2026-07-23 18:00:00,2026-07-23 14:00:00
O02067,ORD044S2,2026-07-23 10:00:00,S2,SKU005,1,2026-07-23 18:00:00,2026-07-23 14:00:00
O02068,ORD044S2,2026-07-23 10:00:00,S2,SKU006,5,2026-07-23 18:00:00,2026-07-23 14:00:00
O02069,ORD044S2,2026-07-23 10:00:00,S2,SKU007,5,2026-07-23 18:00:00,2026-07-23 14:00:00
O02070,ORD044S2,2026-07-23 10:00:00,S2,SKU013,2,2026-07-23 18:00:00,2026-07-23 14:00:00
O02071,ORD044S2,2026-07-23 10:00:00,S2,SKU014,1,2026-07-23 18:00:00,2026-07-23 14:00:00
O02072,ORD044S2,2026-07-23 10:00:00,S2,SKU024,5,2026-07-23 18:00:00,2026-07-23 14:00:00
O02073,ORD044S3,2026-07-23 10:00:00,S3,SKU002,5,2026-07-23 18:00:00,2026-07-23 14:00:00
O02074,ORD044S3,2026-07-23 10:00:00,S3,SKU003,5,2026-07-23 18:00:00,2026-07-23 14:00:00
O02075,ORD044S3,2026-07-23 10:00:00,S3,SKU004,1,2026-07-23 18:00:00,2026-07-23 14:00:00
O02076,ORD044S3,2026-07-23 10:00:00,S3,SKU005,2,2026-07-23 18:00:00,2026-07-23 14:00:00
O02077,ORD044S3,2026-07-23 10:00:00,S3,SKU006,4,2026-07-23 18:00:00,2026-07-23 14:00:00
O02078,ORD044S3,2026-07-23 10:00:00,S3,SKU008,1,2026-07-23 18:00:00,2026-07-23 14:00:00
O02079,ORD044S3,2026-07-23 10:00:00,S3,SKU014,4,2026-07-23 18:00:00,2026-07-23 14:00:00
O02080,ORD044S3,2026-07-23 10:00:00,S3,SKU025,4,2026-07-23 18:00:00,2026-07-23 14:00:00
O02081,ORD044S3,2026-07-23 10:00:00,S3,SKU026,2,2026-07-23 18:00:00,2026-07-23 14:00:00
O02082,ORD044S4,2026-07-23 10:00:00,S4,SKU001,3,2026-07-23 18:00:00,
O02083,ORD044S4,2026-07-23 10:00:00,S4,SKU002,3,2026-07-23 18:00:00,2026-07-23 14:00:00
O02084,ORD044S4,2026-07-23 10:00:00,S4,SKU004,7,2026-07-23 18:00:00,2026-07-23 14:00:00
O02085,ORD044S4,2026-07-23 10:00:00,S4,SKU005,6,2026-07-23 18:00:00,2026-07-23 14:00:00
O02086,ORD044S4,2026-07-23 10:00:00,S4,SKU006,4,2026-07-23 18:00:00,2026-07-23 14:00:00
O02087,ORD044S4,2026-07-23 10:00:00,S4,SKU011,4,2026-07-23 18:00:00,2026-07-23 14:00:00
O02088,ORD044S4,2026-07-23 10:00:00,S4,SKU015,7,2026-07-23 18:00:00,2026-07-23 14:00:00
O02089,ORD044S4,2026-07-23 10:00:00,S4,SKU019,4,2026-07-23 18:00:00,2026-07-23 14:00:00
O02090,ORD044S4,2026-07-23 10:00:00,S4,SKU021,3,2026-07-23 18:00:00,2026-07-23 14:00:00
O02091,ORD044S4,2026-07-23 10:00:00,S4,SKU022,1,2026-07-23 18:00:00,2026-07-23 14:00:00
O02092,ORD044S4,2026-07-23 10:00:00,S4,SKU025,1,2026-07-23 18:00:00,2026-07-23 14:00:00
O02093,ORD044S4,2026-07-23 10:00:00,S4,SKU027,4,2026-07-23 18:00:00,2026-07-23 14:00:00
O02094,ORD044S5,2026-07-23 10:00:00,S5,SKU001,3,2026-07-23 18:00:00,
O02095,ORD044S5,2026-07-23 10:00:00,S5,SKU002,4,2026-07-23 18:00:00,2026-07-23 14:00:00
O02096,ORD044S5,2026-07-23 10:00:00,S5,SKU003,2,2026-07-23 18:00:00,2026-07-23 14:00:00
O02097,ORD044S5,2026-07-23 10:00:00,S5,SKU005,4,2026-07-23 18:00:00,2026-07-23 14:00:00
O02098,ORD044S5,2026-07-23 10:00:00,S5,SKU006,3,2026-07-23 18:00:00,2026-07-23 14:00:00
O02099,ORD044S5,2026-07-23 10:00:00,S5,SKU009,4,2026-07-23 18:00:00,2026-07-23 14:00:00
O02100,ORD044S5,2026-07-23 10:00:00,S5,SKU012,4,2026-07-23 18:00:00,2026-07-23 14:00:00
O02101,ORD044S5,2026-07-23 10:00:00,S5,SKU013,3,2026-07-23 18:00:00,2026-07-23 14:00:00
O02102,ORD044S5,2026-07-23 10:00:00,S5,SKU015,3,2026-07-23 18:00:00,2026-07-23 14:00:00
O02103,ORD044S5,2026-07-23 10:00:00,S5,SKU016,4,2026-07-23 18:00:00,2026-07-23 14:00:00
O02104,ORD044S5,2026-07-23 10:00:00,S5,SKU018,4,2026-07-23 18:00:00,2026-07-23 14:00:00
O02105,ORD044S5,2026-07-23 10:00:00,S5,SKU021,4,2026-07-23 18:00:00,2026-07-23 14:00:00
O02106,ORD044S5,2026-07-23 10:00:00,S5,SKU023,3,2026-07-23 18:00:00,2026-07-23 14:00:00
O02107,ORD044S5,2026-07-23 10:00:00,S5,SKU027,3,2026-07-23 18:00:00,2026-07-23 14:00:00
O02108,ORD045S1,2026-07-24 10:00:00,S1,SKU002,1,2026-07-24 18:00:00,2026-07-24 14:00:00
O02109,ORD045S1,2026-07-24 10:00:00,S1,SKU003,2,2026-07-24 18:00:00,2026-07-24 14:00:00
O02110,ORD045S1,2026-07-24 10:00:00,S1,SKU004,3,2026-07-24 18:00:00,2026-07-24 14:00:00
O02111,ORD045S1,2026-07-24 10:00:00,S1,SKU007,2,2026-07-24 18:00:00,2026-07-24 14:00:00
O02112,ORD045S1,2026-07-24 10:00:00,S1,SKU011,2,2026-07-24 18:00:00,2026-07-24 14:00:00
O02113,ORD045S1,2026-07-24 10:00:00,S1,SKU012,3,2026-07-24 18:00:00,2026-07-24 14:00:00
O02114,ORD045S1,2026-07-24 10:00:00,S1,SKU016,1,2026-07-24 18:00:00,2026-07-24 14:00:00
O02115,ORD045S1,2026-07-24 10:00:00,S1,SKU023,4,2026-07-24 18:00:00,2026-07-24 14:00:00
O02116,ORD045S1,2026-07-24 10:00:00,S1,SKU027,3,2026-07-24 18:00:00,2026-07-24 14:00:00
O02117,ORD045S2,2026-07-24 10:00:00,S2,SKU001,5,2026-07-24 18:00:00,
O02118,ORD045S2,2026-07-24 10:00:00,S2,SKU002,1,2026-07-24 18:00:00,2026-07-24 14:00:00
O02119,ORD045S2,2026-07-24 10:00:00,S2,SKU003,4,2026-07-24 18:00:00,2026-07-24 14:00:00
O02120,ORD045S2,2026-07-24 10:00:00,S2,SKU004,4,2026-07-24 18:00:00,2026-07-24 14:00:00
O02121,ORD045S2,2026-07-24 10:00:00,S2,SKU011,1,2026-07-24 18:00:00,2026-07-24 14:00:00
O02122,ORD045S2,2026-07-24 10:00:00,S2,SKU014,1,2026-07-24 18:00:00,2026-07-24 14:00:00
O02123,ORD045S2,2026-07-24 10:00:00,S2,SKU015,5,2026-07-24 18:00:00,2026-07-24 14:00:00
O02124,ORD045S2,2026-07-24 10:00:00,S2,SKU016,3,2026-07-24 18:00:00,2026-07-24 14:00:00
O02125,ORD045S2,2026-07-24 10:00:00,S2,SKU018,3,2026-07-24 18:00:00,2026-07-24 14:00:00
O02126,ORD045S2,2026-07-24 10:00:00,S2,SKU021,3,2026-07-24 18:00:00,2026-07-24 14:00:00
O02127,ORD045S2,2026-07-24 10:00:00,S2,SKU022,3,2026-07-24 18:00:00,2026-07-24 14:00:00
O02128,ORD045S2,2026-07-24 10:00:00,S2,SKU024,2,2026-07-24 18:00:00,2026-07-24 14:00:00
O02129,ORD045S2,2026-07-24 10:00:00,S2,SKU027,1,2026-07-24 18:00:00,2026-07-24 14:00:00
O02130,ORD045S2,2026-07-24 10:00:00,S2,SKU028,4,2026-07-24 18:00:00,2026-07-24 14:00:00
O02131,ORD045S3,2026-07-24 10:00:00,S3,SKU001,6,2026-07-24 18:00:00,
O02132,ORD045S3,2026-07-24 10:00:00,S3,SKU002,1,2026-07-24 18:00:00,2026-07-24 14:00:00
O02133,ORD045S3,2026-07-24 10:00:00,S3,SKU004,4,2026-07-24 18:00:00,2026-07-24 14:00:00
O02134,ORD045S3,2026-07-24 10:00:00,S3,SKU005,6,2026-07-24 18:00:00,2026-07-24 14:00:00
O02135,ORD045S3,2026-07-24 10:00:00,S3,SKU009,4,2026-07-24 18:00:00,2026-07-24 14:00:00
O02136,ORD045S3,2026-07-24 10:00:00,S3,SKU011,5,2026-07-24 18:00:00,2026-07-24 14:00:00
O02137,ORD045S3,2026-07-24 10:00:00,S3,SKU020,1,2026-07-24 18:00:00,2026-07-24 14:00:00
O02138,ORD045S3,2026-07-24 10:00:00,S3,SKU026,1,2026-07-24 18:00:00,2026-07-24 14:00:00
O02139,ORD045S3,2026-07-24 10:00:00,S3,SKU027,4,2026-07-24 18:00:00,2026-07-24 14:00:00
O02140,ORD045S3,2026-07-24 10:00:00,S3,SKU028,6,2026-07-24 18:00:00,2026-07-24 14:00:00
O02141,ORD045S4,2026-07-24 10:00:00,S4,SKU003,3,2026-07-24 18:00:00,2026-07-24 14:00:00
O02142,ORD045S4,2026-07-24 10:00:00,S4,SKU004,4,2026-07-24 18:00:00,2026-07-24 14:00:00
O02143,ORD045S4,2026-07-24 10:00:00,S4,SKU005,3,2026-07-24 18:00:00,2026-07-24 14:00:00
O02144,ORD045S4,2026-07-24 10:00:00,S4,SKU006,3,2026-07-24 18:00:00,2026-07-24 14:00:00
O02145,ORD045S4,2026-07-24 10:00:00,S4,SKU008,4,2026-07-24 18:00:00,2026-07-24 14:00:00
O02146,ORD045S4,2026-07-24 10:00:00,S4,SKU009,4,2026-07-24 18:00:00,2026-07-24 14:00:00
O02147,ORD045S4,2026-07-24 10:00:00,S4,SKU011,7,2026-07-24 18:00:00,2026-07-24 14:00:00
O02148,ORD045S4,2026-07-24 10:00:00,S4,SKU019,6,2026-07-24 18:00:00,2026-07-24 14:00:00
O02149,ORD045S4,2026-07-24 10:00:00,S4,SKU023,7,2026-07-24 18:00:00,2026-07-24 14:00:00
O02150,ORD045S4,2026-07-24 10:00:00,S4,SKU024,4,2026-07-24 18:00:00,2026-07-24 14:00:00
O02151,ORD045S5,2026-07-24 10:00:00,S5,SKU002,1,2026-07-24 18:00:00,2026-07-24 14:00:00
O02152,ORD045S5,2026-07-24 10:00:00,S5,SKU004,2,2026-07-24 18:00:00,2026-07-24 14:00:00
O02153,ORD045S5,2026-07-24 10:00:00,S5,SKU006,2,2026-07-24 18:00:00,2026-07-24 14:00:00
O02154,ORD045S5,2026-07-24 10:00:00,S5,SKU008,4,2026-07-24 18:00:00,2026-07-24 14:00:00
O02155,ORD045S5,2026-07-24 10:00:00,S5,SKU014,4,2026-07-24 18:00:00,2026-07-24 14:00:00
O02156,ORD045S5,2026-07-24 10:00:00,S5,SKU015,3,2026-07-24 18:00:00,2026-07-24 14:00:00
O02157,ORD045S5,2026-07-24 10:00:00,S5,SKU022,1,2026-07-24 18:00:00,2026-07-24 14:00:00
O02158,ORD045S5,2026-07-24 10:00:00,S5,SKU023,4,2026-07-24 18:00:00,2026-07-24 14:00:00
O02159,ORD045S5,2026-07-24 10:00:00,S5,SKU025,4,2026-07-24 18:00:00,2026-07-24 14:00:00
O02160,ORD045S5,2026-07-24 10:00:00,S5,SKU028,1,2026-07-24 18:00:00,2026-07-24 14:00:00
O02161,ORD046S1,2026-07-25 10:00:00,S1,SKU002,1,2026-07-25 18:00:00,2026-07-25 14:00:00
O02162,ORD046S1,2026-07-25 10:00:00,S1,SKU004,5,2026-07-25 18:00:00,2026-07-25 14:00:00
O02163,ORD046S1,2026-07-25 10:00:00,S1,SKU005,5,2026-07-25 18:00:00,2026-07-25 14:00:00
O02164,ORD046S1,2026-07-25 10:00:00,S1,SKU006,1,2026-07-25 18:00:00,2026-07-25 14:00:00
O02165,ORD046S1,2026-07-25 10:00:00,S1,SKU007,2,2026-07-25 18:00:00,2026-07-25 14:00:00
O02166,ORD046S1,2026-07-25 10:00:00,S1,SKU012,2,2026-07-25 18:00:00,2026-07-25 14:00:00
O02167,ORD046S1,2026-07-25 10:00:00,S1,SKU014,2,2026-07-25 18:00:00,2026-07-25 14:00:00
O02168,ORD046S1,2026-07-25 10:00:00,S1,SKU015,4,2026-07-25 18:00:00,2026-07-25 14:00:00
O02169,ORD046S1,2026-07-25 10:00:00,S1,SKU017,2,2026-07-25 18:00:00,2026-07-25 14:00:00
O02170,ORD046S1,2026-07-25 10:00:00,S1,SKU019,5,2026-07-25 18:00:00,2026-07-25 14:00:00
O02171,ORD046S1,2026-07-25 10:00:00,S1,SKU020,5,2026-07-25 18:00:00,2026-07-25 14:00:00
O02172,ORD046S1,2026-07-25 10:00:00,S1,SKU022,4,2026-07-25 18:00:00,2026-07-25 14:00:00
O02173,ORD046S2,2026-07-25 10:00:00,S2,SKU001,5,2026-07-25 18:00:00,
O02174,ORD046S2,2026-07-25 10:00:00,S2,SKU002,5,2026-07-25 18:00:00,2026-07-25 14:00:00
O02175,ORD046S2,2026-07-25 10:00:00,S2,SKU003,6,2026-07-25 18:00:00,2026-07-25 14:00:00
O02176,ORD046S2,2026-07-25 10:00:00,S2,SKU004,3,2026-07-25 18:00:00,2026-07-25 14:00:00
O02177,ORD046S2,2026-07-25 10:00:00,S2,SKU005,4,2026-07-25 18:00:00,2026-07-25 14:00:00
O02178,ORD046S2,2026-07-25 10:00:00,S2,SKU006,4,2026-07-25 18:00:00,2026-07-25 14:00:00
O02179,ORD046S2,2026-07-25 10:00:00,S2,SKU008,6,2026-07-25 18:00:00,2026-07-25 14:00:00
O02180,ORD046S2,2026-07-25 10:00:00,S2,SKU011,6,2026-07-25 18:00:00,2026-07-25 14:00:00
O02181,ORD046S2,2026-07-25 10:00:00,S2,SKU012,3,2026-07-25 18:00:00,2026-07-25 14:00:00
O02182,ORD046S2,2026-07-25 10:00:00,S2,SKU019,1,2026-07-25 18:00:00,2026-07-25 14:00:00
O02183,ORD046S2,2026-07-25 10:00:00,S2,SKU020,3,2026-07-25 18:00:00,2026-07-25 14:00:00
O02184,ORD046S2,2026-07-25 10:00:00,S2,SKU022,4,2026-07-25 18:00:00,2026-07-25 14:00:00
O02185,ORD046S2,2026-07-25 10:00:00,S2,SKU023,1,2026-07-25 18:00:00,2026-07-25 14:00:00
O02186,ORD046S2,2026-07-25 10:00:00,S2,SKU024,5,2026-07-25 18:00:00,2026-07-25 14:00:00
O02187,ORD046S2,2026-07-25 10:00:00,S2,SKU027,6,2026-07-25 18:00:00,2026-07-25 14:00:00
O02188,ORD046S3,2026-07-25 10:00:00,S3,SKU001,5,2026-07-25 18:00:00,
O02189,ORD046S3,2026-07-25 10:00:00,S3,SKU003,6,2026-07-25 18:00:00,2026-07-25 14:00:00
O02190,ORD046S3,2026-07-25 10:00:00,S3,SKU004,6,2026-07-25 18:00:00,2026-07-25 14:00:00
O02191,ORD046S3,2026-07-25 10:00:00,S3,SKU006,3,2026-07-25 18:00:00,2026-07-25 14:00:00
O02192,ORD046S3,2026-07-25 10:00:00,S3,SKU011,5,2026-07-25 18:00:00,2026-07-25 14:00:00
O02193,ORD046S3,2026-07-25 10:00:00,S3,SKU017,3,2026-07-25 18:00:00,2026-07-25 14:00:00
O02194,ORD046S3,2026-07-25 10:00:00,S3,SKU019,8,2026-07-25 18:00:00,2026-07-25 14:00:00
O02195,ORD046S3,2026-07-25 10:00:00,S3,SKU020,6,2026-07-25 18:00:00,2026-07-25 14:00:00
O02196,ORD046S3,2026-07-25 10:00:00,S3,SKU022,3,2026-07-25 18:00:00,2026-07-25 14:00:00
O02197,ORD046S4,2026-07-25 10:00:00,S4,SKU002,4,2026-07-25 18:00:00,2026-07-25 14:00:00
O02198,ORD046S4,2026-07-25 10:00:00,S4,SKU003,4,2026-07-25 18:00:00,2026-07-25 14:00:00
O02199,ORD046S4,2026-07-25 10:00:00,S4,SKU004,4,2026-07-25 18:00:00,2026-07-25 14:00:00
O02200,ORD046S4,2026-07-25 10:00:00,S4,SKU005,5,2026-07-25 18:00:00,2026-07-25 14:00:00
O02201,ORD046S4,2026-07-25 10:00:00,S4,SKU006,2,2026-07-25 18:00:00,2026-07-25 14:00:00
O02202,ORD046S4,2026-07-25 10:00:00,S4,SKU008,4,2026-07-25 18:00:00,2026-07-25 14:00:00
O02203,ORD046S4,2026-07-25 10:00:00,S4,SKU016,9,2026-07-25 18:00:00,2026-07-25 14:00:00
O02204,ORD046S4,2026-07-25 10:00:00,S4,SKU020,4,2026-07-25 18:00:00,2026-07-25 14:00:00
O02205,ORD046S4,2026-07-25 10:00:00,S4,SKU026,4,2026-07-25 18:00:00,2026-07-25 14:00:00
O02206,ORD046S4,2026-07-25 10:00:00,S4,SKU027,9,2026-07-25 18:00:00,2026-07-25 14:00:00
O02207,ORD046S5,2026-07-25 10:00:00,S5,SKU001,4,2026-07-25 18:00:00,
O02208,ORD046S5,2026-07-25 10:00:00,S5,SKU003,6,2026-07-25 18:00:00,2026-07-25 14:00:00
O02209,ORD046S5,2026-07-25 10:00:00,S5,SKU004,5,2026-07-25 18:00:00,2026-07-25 14:00:00
O02210,ORD046S5,2026-07-25 10:00:00,S5,SKU005,5,2026-07-25 18:00:00,2026-07-25 14:00:00
O02211,ORD046S5,2026-07-25 10:00:00,S5,SKU009,4,2026-07-25 18:00:00,2026-07-25 14:00:00
O02212,ORD046S5,2026-07-25 10:00:00,S5,SKU015,2,2026-07-25 18:00:00,2026-07-25 14:00:00
O02213,ORD046S5,2026-07-25 10:00:00,S5,SKU018,4,2026-07-25 18:00:00,2026-07-25 14:00:00
O02214,ORD046S5,2026-07-25 10:00:00,S5,SKU019,4,2026-07-25 18:00:00,2026-07-25 14:00:00
O02215,ORD046S5,2026-07-25 10:00:00,S5,SKU025,2,2026-07-25 18:00:00,2026-07-25 14:00:00
O02216,ORD047S1,2026-07-26 10:00:00,S1,SKU001,5,2026-07-26 18:00:00,
O02217,ORD047S1,2026-07-26 10:00:00,S1,SKU002,5,2026-07-26 18:00:00,2026-07-26 14:00:00
O02218,ORD047S1,2026-07-26 10:00:00,S1,SKU003,3,2026-07-26 18:00:00,2026-07-26 14:00:00
O02219,ORD047S1,2026-07-26 10:00:00,S1,SKU004,1,2026-07-26 18:00:00,2026-07-26 14:00:00
O02220,ORD047S1,2026-07-26 10:00:00,S1,SKU005,2,2026-07-26 18:00:00,2026-07-26 14:00:00
O02221,ORD047S1,2026-07-26 10:00:00,S1,SKU006,3,2026-07-26 18:00:00,2026-07-26 14:00:00
O02222,ORD047S1,2026-07-26 10:00:00,S1,SKU007,4,2026-07-26 18:00:00,2026-07-26 14:00:00
O02223,ORD047S1,2026-07-26 10:00:00,S1,SKU009,1,2026-07-26 18:00:00,2026-07-26 14:00:00
O02224,ORD047S1,2026-07-26 10:00:00,S1,SKU013,1,2026-07-26 18:00:00,2026-07-26 14:00:00
O02225,ORD047S1,2026-07-26 10:00:00,S1,SKU016,4,2026-07-26 18:00:00,2026-07-26 14:00:00
O02226,ORD047S1,2026-07-26 10:00:00,S1,SKU020,5,2026-07-26 18:00:00,2026-07-26 14:00:00
O02227,ORD047S1,2026-07-26 10:00:00,S1,SKU022,3,2026-07-26 18:00:00,2026-07-26 14:00:00
O02228,ORD047S1,2026-07-26 10:00:00,S1,SKU024,4,2026-07-26 18:00:00,2026-07-26 14:00:00
O02229,ORD047S1,2026-07-26 10:00:00,S1,SKU025,2,2026-07-26 18:00:00,2026-07-26 14:00:00
O02230,ORD047S1,2026-07-26 10:00:00,S1,SKU026,1,2026-07-26 18:00:00,2026-07-26 14:00:00
O02231,ORD047S1,2026-07-26 10:00:00,S1,SKU028,2,2026-07-26 18:00:00,2026-07-26 14:00:00
O02232,ORD047S1,2026-07-26 10:00:00,S1,SKU029,3,2026-07-26 18:00:00,2026-07-26 14:00:00
O02233,ORD047S2,2026-07-26 10:00:00,S2,SKU001,6,2026-07-26 18:00:00,
O02234,ORD047S2,2026-07-26 10:00:00,S2,SKU003,1,2026-07-26 18:00:00,2026-07-26 14:00:00
O02235,ORD047S2,2026-07-26 10:00:00,S2,SKU004,4,2026-07-26 18:00:00,2026-07-26 14:00:00
O02236,ORD047S2,2026-07-26 10:00:00,S2,SKU005,1,2026-07-26 18:00:00,2026-07-26 14:00:00
O02237,ORD047S2,2026-07-26 10:00:00,S2,SKU006,1,2026-07-26 18:00:00,2026-07-26 14:00:00
O02238,ORD047S2,2026-07-26 10:00:00,S2,SKU007,5,2026-07-26 18:00:00,2026-07-26 14:00:00
O02239,ORD047S2,2026-07-26 10:00:00,S2,SKU008,5,2026-07-26 18:00:00,2026-07-26 14:00:00
O02240,ORD047S2,2026-07-26 10:00:00,S2,SKU016,1,2026-07-26 18:00:00,2026-07-26 14:00:00
O02241,ORD047S2,2026-07-26 10:00:00,S2,SKU020,1,2026-07-26 18:00:00,2026-07-26 14:00:00
O02242,ORD047S2,2026-07-26 10:00:00,S2,SKU025,4,2026-07-26 18:00:00,2026-07-26 14:00:00
O02243,ORD047S2,2026-07-26 10:00:00,S2,SKU026,5,2026-07-26 18:00:00,2026-07-26 14:00:00
O02244,ORD047S3,2026-07-26 10:00:00,S3,SKU001,2,2026-07-26 18:00:00,
O02245,ORD047S3,2026-07-26 10:00:00,S3,SKU002,3,2026-07-26 18:00:00,2026-07-26 14:00:00
O02246,ORD047S3,2026-07-26 10:00:00,S3,SKU003,5,2026-07-26 18:00:00,2026-07-26 14:00:00
O02247,ORD047S3,2026-07-26 10:00:00,S3,SKU008,3,2026-07-26 18:00:00,2026-07-26 14:00:00
O02248,ORD047S3,2026-07-26 10:00:00,S3,SKU013,5,2026-07-26 18:00:00,2026-07-26 14:00:00
O02249,ORD047S3,2026-07-26 10:00:00,S3,SKU014,3,2026-07-26 18:00:00,2026-07-26 14:00:00
O02250,ORD047S3,2026-07-26 10:00:00,S3,SKU015,5,2026-07-26 18:00:00,2026-07-26 14:00:00
O02251,ORD047S3,2026-07-26 10:00:00,S3,SKU017,5,2026-07-26 18:00:00,2026-07-26 14:00:00
O02252,ORD047S3,2026-07-26 10:00:00,S3,SKU023,5,2026-07-26 18:00:00,2026-07-26 14:00:00
O02253,ORD047S4,2026-07-26 10:00:00,S4,SKU001,5,2026-07-26 18:00:00,
O02254,ORD047S4,2026-07-26 10:00:00,S4,SKU004,9,2026-07-26 18:00:00,2026-07-26 14:00:00
O02255,ORD047S4,2026-07-26 10:00:00,S4,SKU006,7,2026-07-26 18:00:00,2026-07-26 14:00:00
O02256,ORD047S4,2026-07-26 10:00:00,S4,SKU007,2,2026-07-26 18:00:00,2026-07-26 14:00:00
O02257,ORD047S4,2026-07-26 10:00:00,S4,SKU009,2,2026-07-26 18:00:00,2026-07-26 14:00:00
O02258,ORD047S4,2026-07-26 10:00:00,S4,SKU011,5,2026-07-26 18:00:00,2026-07-26 14:00:00
O02259,ORD047S4,2026-07-26 10:00:00,S4,SKU016,4,2026-07-26 18:00:00,2026-07-26 14:00:00
O02260,ORD047S4,2026-07-26 10:00:00,S4,SKU023,9,2026-07-26 18:00:00,2026-07-26 14:00:00
O02261,ORD047S4,2026-07-26 10:00:00,S4,SKU027,4,2026-07-26 18:00:00,2026-07-26 14:00:00
O02262,ORD047S5,2026-07-26 10:00:00,S5,SKU001,4,2026-07-26 18:00:00,
O02263,ORD047S5,2026-07-26 10:00:00,S5,SKU002,5,2026-07-26 18:00:00,2026-07-26 14:00:00
O02264,ORD047S5,2026-07-26 10:00:00,S5,SKU004,5,2026-07-26 18:00:00,2026-07-26 14:00:00
O02265,ORD047S5,2026-07-26 10:00:00,S5,SKU006,1,2026-07-26 18:00:00,2026-07-26 14:00:00
O02266,ORD047S5,2026-07-26 10:00:00,S5,SKU008,6,2026-07-26 18:00:00,2026-07-26 14:00:00
O02267,ORD047S5,2026-07-26 10:00:00,S5,SKU012,1,2026-07-26 18:00:00,2026-07-26 14:00:00
O02268,ORD047S5,2026-07-26 10:00:00,S5,SKU015,2,2026-07-26 18:00:00,2026-07-26 14:00:00
O02269,ORD047S5,2026-07-26 10:00:00,S5,SKU016,4,2026-07-26 18:00:00,2026-07-26 14:00:00
O02270,ORD047S5,2026-07-26 10:00:00,S5,SKU017,1,2026-07-26 18:00:00,2026-07-26 14:00:00
O02271,ORD047S5,2026-07-26 10:00:00,S5,SKU021,1,2026-07-26 18:00:00,2026-07-26 14:00:00
O02272,ORD047S5,2026-07-26 10:00:00,S5,SKU022,6,2026-07-26 18:00:00,2026-07-26 14:00:00
O02273,ORD047S5,2026-07-26 10:00:00,S5,SKU024,4,2026-07-26 18:00:00,2026-07-26 14:00:00
O02274,ORD047S5,2026-07-26 10:00:00,S5,SKU028,2,2026-07-26 18:00:00,2026-07-26 14:00:00
O02275,ORD048S1,2026-07-27 10:00:00,S1,SKU002,2,2026-07-27 18:00:00,2026-07-27 14:00:00
O02276,ORD048S1,2026-07-27 10:00:00,S1,SKU003,4,2026-07-27 18:00:00,2026-07-27 14:00:00
O02277,ORD048S1,2026-07-27 10:00:00,S1,SKU004,2,2026-07-27 18:00:00,2026-07-27 14:00:00
O02278,ORD048S1,2026-07-27 10:00:00,S1,SKU014,2,2026-07-27 18:00:00,2026-07-27 14:00:00
O02279,ORD048S1,2026-07-27 10:00:00,S1,SKU020,4,2026-07-27 18:00:00,2026-07-27 14:00:00
O02280,ORD048S1,2026-07-27 10:00:00,S1,SKU022,2,2026-07-27 18:00:00,2026-07-27 14:00:00
O02281,ORD048S1,2026-07-27 10:00:00,S1,SKU024,2,2026-07-27 18:00:00,2026-07-27 14:00:00
O02282,ORD048S1,2026-07-27 10:00:00,S1,SKU026,1,2026-07-27 18:00:00,2026-07-27 14:00:00
O02283,ORD048S1,2026-07-27 10:00:00,S1,SKU027,1,2026-07-27 18:00:00,2026-07-27 14:00:00
O02284,ORD048S2,2026-07-27 10:00:00,S2,SKU001,5,2026-07-27 18:00:00,
O02285,ORD048S2,2026-07-27 10:00:00,S2,SKU003,3,2026-07-27 18:00:00,2026-07-27 14:00:00
O02286,ORD048S2,2026-07-27 10:00:00,S2,SKU004,1,2026-07-27 18:00:00,2026-07-27 14:00:00
O02287,ORD048S2,2026-07-27 10:00:00,S2,SKU005,4,2026-07-27 18:00:00,2026-07-27 14:00:00
O02288,ORD048S2,2026-07-27 10:00:00,S2,SKU006,1,2026-07-27 18:00:00,2026-07-27 14:00:00
O02289,ORD048S2,2026-07-27 10:00:00,S2,SKU011,1,2026-07-27 18:00:00,2026-07-27 14:00:00
O02290,ORD048S2,2026-07-27 10:00:00,S2,SKU012,4,2026-07-27 18:00:00,2026-07-27 14:00:00
O02291,ORD048S2,2026-07-27 10:00:00,S2,SKU023,3,2026-07-27 18:00:00,2026-07-27 14:00:00
O02292,ORD048S2,2026-07-27 10:00:00,S2,SKU024,1,2026-07-27 18:00:00,2026-07-27 14:00:00
O02293,ORD048S2,2026-07-27 10:00:00,S2,SKU027,3,2026-07-27 18:00:00,2026-07-27 14:00:00
O02294,ORD048S2,2026-07-27 10:00:00,S2,SKU028,3,2026-07-27 18:00:00,2026-07-27 14:00:00
O02295,ORD048S3,2026-07-27 10:00:00,S3,SKU001,4,2026-07-27 18:00:00,
O02296,ORD048S3,2026-07-27 10:00:00,S3,SKU002,5,2026-07-27 18:00:00,2026-07-27 14:00:00
O02297,ORD048S3,2026-07-27 10:00:00,S3,SKU004,5,2026-07-27 18:00:00,2026-07-27 14:00:00
O02298,ORD048S3,2026-07-27 10:00:00,S3,SKU006,4,2026-07-27 18:00:00,2026-07-27 14:00:00
O02299,ORD048S3,2026-07-27 10:00:00,S3,SKU007,2,2026-07-27 18:00:00,2026-07-27 14:00:00
O02300,ORD048S3,2026-07-27 10:00:00,S3,SKU011,1,2026-07-27 18:00:00,2026-07-27 14:00:00
O02301,ORD048S3,2026-07-27 10:00:00,S3,SKU012,1,2026-07-27 18:00:00,2026-07-27 14:00:00
O02302,ORD048S3,2026-07-27 10:00:00,S3,SKU017,4,2026-07-27 18:00:00,2026-07-27 14:00:00
O02303,ORD048S3,2026-07-27 10:00:00,S3,SKU021,5,2026-07-27 18:00:00,2026-07-27 14:00:00
O02304,ORD048S3,2026-07-27 10:00:00,S3,SKU025,6,2026-07-27 18:00:00,2026-07-27 14:00:00
O02305,ORD048S4,2026-07-27 10:00:00,S4,SKU001,7,2026-07-27 18:00:00,
O02306,ORD048S4,2026-07-27 10:00:00,S4,SKU004,4,2026-07-27 18:00:00,2026-07-27 14:00:00
O02307,ORD048S4,2026-07-27 10:00:00,S4,SKU005,6,2026-07-27 18:00:00,2026-07-27 14:00:00
O02308,ORD048S4,2026-07-27 10:00:00,S4,SKU019,4,2026-07-27 18:00:00,2026-07-27 14:00:00
O02309,ORD048S4,2026-07-27 10:00:00,S4,SKU021,4,2026-07-27 18:00:00,2026-07-27 14:00:00
O02310,ORD048S4,2026-07-27 10:00:00,S4,SKU023,7,2026-07-27 18:00:00,2026-07-27 14:00:00
O02311,ORD048S4,2026-07-27 10:00:00,S4,SKU027,7,2026-07-27 18:00:00,2026-07-27 14:00:00
O02312,ORD048S5,2026-07-27 10:00:00,S5,SKU001,2,2026-07-27 18:00:00,
O02313,ORD048S5,2026-07-27 10:00:00,S5,SKU003,4,2026-07-27 18:00:00,2026-07-27 14:00:00
O02314,ORD048S5,2026-07-27 10:00:00,S5,SKU004,4,2026-07-27 18:00:00,2026-07-27 14:00:00
O02315,ORD048S5,2026-07-27 10:00:00,S5,SKU006,2,2026-07-27 18:00:00,2026-07-27 14:00:00
O02316,ORD048S5,2026-07-27 10:00:00,S5,SKU008,4,2026-07-27 18:00:00,2026-07-27 14:00:00
O02317,ORD048S5,2026-07-27 10:00:00,S5,SKU009,2,2026-07-27 18:00:00,2026-07-27 14:00:00
O02318,ORD048S5,2026-07-27 10:00:00,S5,SKU015,1,2026-07-27 18:00:00,2026-07-27 14:00:00
O02319,ORD048S5,2026-07-27 10:00:00,S5,SKU020,2,2026-07-27 18:00:00,2026-07-27 14:00:00
O02320,ORD048S5,2026-07-27 10:00:00,S5,SKU022,3,2026-07-27 18:00:00,2026-07-27 14:00:00
O02321,ORD048S5,2026-07-27 10:00:00,S5,SKU025,1,2026-07-27 18:00:00,2026-07-27 14:00:00
O02322,ORD048S5,2026-07-27 10:00:00,S5,SKU026,4,2026-07-27 18:00:00,2026-07-27 14:00:00
O02323,ORD049S1,2026-07-28 10:00:00,S1,SKU003,1,2026-07-28 18:00:00,2026-07-28 14:00:00
O02324,ORD049S1,2026-07-28 10:00:00,S1,SKU004,4,2026-07-28 18:00:00,2026-07-28 14:00:00
O02325,ORD049S1,2026-07-28 10:00:00,S1,SKU014,2,2026-07-28 18:00:00,2026-07-28 14:00:00
O02326,ORD049S1,2026-07-28 10:00:00,S1,SKU024,3,2026-07-28 18:00:00,2026-07-28 14:00:00
O02327,ORD049S1,2026-07-28 10:00:00,S1,SKU027,2,2026-07-28 18:00:00,2026-07-28 14:00:00
O02328,ORD049S2,2026-07-28 10:00:00,S2,SKU001,2,2026-07-28 18:00:00,
O02329,ORD049S2,2026-07-28 10:00:00,S2,SKU002,5,2026-07-28 18:00:00,2026-07-28 14:00:00
O02330,ORD049S2,2026-07-28 10:00:00,S2,SKU004,2,2026-07-28 18:00:00,2026-07-28 14:00:00
O02331,ORD049S2,2026-07-28 10:00:00,S2,SKU006,1,2026-07-28 18:00:00,2026-07-28 14:00:00
O02332,ORD049S2,2026-07-28 10:00:00,S2,SKU009,4,2026-07-28 18:00:00,2026-07-28 14:00:00
O02333,ORD049S2,2026-07-28 10:00:00,S2,SKU011,5,2026-07-28 18:00:00,2026-07-28 14:00:00
O02334,ORD049S2,2026-07-28 10:00:00,S2,SKU015,4,2026-07-28 18:00:00,2026-07-28 14:00:00
O02335,ORD049S2,2026-07-28 10:00:00,S2,SKU016,1,2026-07-28 18:00:00,2026-07-28 14:00:00
O02336,ORD049S2,2026-07-28 10:00:00,S2,SKU017,5,2026-07-28 18:00:00,2026-07-28 14:00:00
O02337,ORD049S2,2026-07-28 10:00:00,S2,SKU026,4,2026-07-28 18:00:00,2026-07-28 14:00:00
O02338,ORD049S3,2026-07-28 10:00:00,S3,SKU003,2,2026-07-28 18:00:00,2026-07-28 14:00:00
O02339,ORD049S3,2026-07-28 10:00:00,S3,SKU005,6,2026-07-28 18:00:00,2026-07-28 14:00:00
O02340,ORD049S3,2026-07-28 10:00:00,S3,SKU006,1,2026-07-28 18:00:00,2026-07-28 14:00:00
O02341,ORD049S3,2026-07-28 10:00:00,S3,SKU013,1,2026-07-28 18:00:00,2026-07-28 14:00:00
O02342,ORD049S3,2026-07-28 10:00:00,S3,SKU014,6,2026-07-28 18:00:00,2026-07-28 14:00:00
O02343,ORD049S3,2026-07-28 10:00:00,S3,SKU025,1,2026-07-28 18:00:00,2026-07-28 14:00:00
O02344,ORD049S4,2026-07-28 10:00:00,S4,SKU001,3,2026-07-28 18:00:00,
O02345,ORD049S4,2026-07-28 10:00:00,S4,SKU002,1,2026-07-28 18:00:00,2026-07-28 14:00:00
O02346,ORD049S4,2026-07-28 10:00:00,S4,SKU003,6,2026-07-28 18:00:00,2026-07-28 14:00:00
O02347,ORD049S4,2026-07-28 10:00:00,S4,SKU005,4,2026-07-28 18:00:00,2026-07-28 14:00:00
O02348,ORD049S4,2026-07-28 10:00:00,S4,SKU020,1,2026-07-28 18:00:00,2026-07-28 14:00:00
O02349,ORD049S4,2026-07-28 10:00:00,S4,SKU026,3,2026-07-28 18:00:00,2026-07-28 14:00:00
O02350,ORD049S4,2026-07-28 10:00:00,S4,SKU028,4,2026-07-28 18:00:00,2026-07-28 14:00:00
O02351,ORD049S5,2026-07-28 10:00:00,S5,SKU003,2,2026-07-28 18:00:00,2026-07-28 14:00:00
O02352,ORD049S5,2026-07-28 10:00:00,S5,SKU005,2,2026-07-28 18:00:00,2026-07-28 14:00:00
O02353,ORD049S5,2026-07-28 10:00:00,S5,SKU006,1,2026-07-28 18:00:00,2026-07-28 14:00:00
O02354,ORD049S5,2026-07-28 10:00:00,S5,SKU007,1,2026-07-28 18:00:00,2026-07-28 14:00:00
O02355,ORD049S5,2026-07-28 10:00:00,S5,SKU009,2,2026-07-28 18:00:00,2026-07-28 14:00:00
O02356,ORD049S5,2026-07-28 10:00:00,S5,SKU011,4,2026-07-28 18:00:00,2026-07-28 14:00:00
O02357,ORD049S5,2026-07-28 10:00:00,S5,SKU013,4,2026-07-28 18:00:00,2026-07-28 14:00:00
O02358,ORD049S5,2026-07-28 10:00:00,S5,SKU016,1,2026-07-28 18:00:00,2026-07-28 14:00:00
O02359,ORD049S5,2026-07-28 10:00:00,S5,SKU024,1,2026-07-28 18:00:00,2026-07-28 14:00:00
O02360,ORD049S5,2026-07-28 10:00:00,S5,SKU025,4,2026-07-28 18:00:00,2026-07-28 14:00:00
O02361,ORD050S1,2026-07-29 10:00:00,S1,SKU001,1,2026-07-29 18:00:00,
O02362,ORD050S1,2026-07-29 10:00:00,S1,SKU002,2,2026-07-29 18:00:00,2026-07-29 14:00:00
O02363,ORD050S1,2026-07-29 10:00:00,S1,SKU003,2,2026-07-29 18:00:00,2026-07-29 14:00:00
O02364,ORD050S1,2026-07-29 10:00:00,S1,SKU004,4,2026-07-29 18:00:00,2026-07-29 14:00:00
O02365,ORD050S1,2026-07-29 10:00:00,S1,SKU005,1,2026-07-29 18:00:00,2026-07-29 14:00:00
O02366,ORD050S1,2026-07-29 10:00:00,S1,SKU006,3,2026-07-29 18:00:00,2026-07-29 14:00:00
O02367,ORD050S1,2026-07-29 10:00:00,S1,SKU009,3,2026-07-29 18:00:00,2026-07-29 14:00:00
O02368,ORD050S1,2026-07-29 10:00:00,S1,SKU012,2,2026-07-29 18:00:00,2026-07-29 14:00:00
O02369,ORD050S1,2026-07-29 10:00:00,S1,SKU022,1,2026-07-29 18:00:00,2026-07-29 14:00:00
O02370,ORD050S1,2026-07-29 10:00:00,S1,SKU027,3,2026-07-29 18:00:00,2026-07-29 14:00:00
O02371,ORD050S2,2026-07-29 10:00:00,S2,SKU003,1,2026-07-29 18:00:00,2026-07-29 14:00:00
O02372,ORD050S2,2026-07-29 10:00:00,S2,SKU004,1,2026-07-29 18:00:00,2026-07-29 14:00:00
O02373,ORD050S2,2026-07-29 10:00:00,S2,SKU017,5,2026-07-29 18:00:00,2026-07-29 14:00:00
O02374,ORD050S2,2026-07-29 10:00:00,S2,SKU020,2,2026-07-29 18:00:00,2026-07-29 14:00:00
O02375,ORD050S2,2026-07-29 10:00:00,S2,SKU021,5,2026-07-29 18:00:00,2026-07-29 14:00:00
O02376,ORD050S2,2026-07-29 10:00:00,S2,SKU023,5,2026-07-29 18:00:00,2026-07-29 14:00:00
O02377,ORD050S2,2026-07-29 10:00:00,S2,SKU024,4,2026-07-29 18:00:00,2026-07-29 14:00:00
O02378,ORD050S2,2026-07-29 10:00:00,S2,SKU028,3,2026-07-29 18:00:00,2026-07-29 14:00:00
O02379,ORD050S3,2026-07-29 10:00:00,S3,SKU001,2,2026-07-29 18:00:00,
O02380,ORD050S3,2026-07-29 10:00:00,S3,SKU002,2,2026-07-29 18:00:00,2026-07-29 14:00:00
O02381,ORD050S3,2026-07-29 10:00:00,S3,SKU003,6,2026-07-29 18:00:00,2026-07-29 14:00:00
O02382,ORD050S3,2026-07-29 10:00:00,S3,SKU004,1,2026-07-29 18:00:00,2026-07-29 14:00:00
O02383,ORD050S3,2026-07-29 10:00:00,S3,SKU005,1,2026-07-29 18:00:00,2026-07-29 14:00:00
O02384,ORD050S3,2026-07-29 10:00:00,S3,SKU009,2,2026-07-29 18:00:00,2026-07-29 14:00:00
O02385,ORD050S3,2026-07-29 10:00:00,S3,SKU014,1,2026-07-29 18:00:00,2026-07-29 14:00:00
O02386,ORD050S3,2026-07-29 10:00:00,S3,SKU017,4,2026-07-29 18:00:00,2026-07-29 14:00:00
O02387,ORD050S3,2026-07-29 10:00:00,S3,SKU020,6,2026-07-29 18:00:00,2026-07-29 14:00:00
O02388,ORD050S3,2026-07-29 10:00:00,S3,SKU023,2,2026-07-29 18:00:00,2026-07-29 14:00:00
O02389,ORD050S4,2026-07-29 10:00:00,S4,SKU002,4,2026-07-29 18:00:00,2026-07-29 14:00:00
O02390,ORD050S4,2026-07-29 10:00:00,S4,SKU003,7,2026-07-29 18:00:00,2026-07-29 14:00:00
O02391,ORD050S4,2026-07-29 10:00:00,S4,SKU004,4,2026-07-29 18:00:00,2026-07-29 14:00:00
O02392,ORD050S4,2026-07-29 10:00:00,S4,SKU007,3,2026-07-29 18:00:00,2026-07-29 14:00:00
O02393,ORD050S4,2026-07-29 10:00:00,S4,SKU011,3,2026-07-29 18:00:00,2026-07-29 14:00:00
O02394,ORD050S4,2026-07-29 10:00:00,S4,SKU013,7,2026-07-29 18:00:00,2026-07-29 14:00:00
O02395,ORD050S4,2026-07-29 10:00:00,S4,SKU014,6,2026-07-29 18:00:00,2026-07-29 14:00:00
O02396,ORD050S4,2026-07-29 10:00:00,S4,SKU015,6,2026-07-29 18:00:00,2026-07-29 14:00:00
O02397,ORD050S4,2026-07-29 10:00:00,S4,SKU023,1,2026-07-29 18:00:00,2026-07-29 14:00:00
O02398,ORD050S5,2026-07-29 10:00:00,S5,SKU001,1,2026-07-29 18:00:00,
O02399,ORD050S5,2026-07-29 10:00:00,S5,SKU002,4,2026-07-29 18:00:00,2026-07-29 14:00:00
O02400,ORD050S5,2026-07-29 10:00:00,S5,SKU004,2,2026-07-29 18:00:00,2026-07-29 14:00:00
O02401,ORD050S5,2026-07-29 10:00:00,S5,SKU005,2,2026-07-29 18:00:00,2026-07-29 14:00:00
O02402,ORD050S5,2026-07-29 10:00:00,S5,SKU006,4,2026-07-29 18:00:00,2026-07-29 14:00:00
O02403,ORD050S5,2026-07-29 10:00:00,S5,SKU015,3,2026-07-29 18:00:00,2026-07-29 14:00:00
O02404,ORD050S5,2026-07-29 10:00:00,S5,SKU024,2,2026-07-29 18:00:00,2026-07-29 14:00:00
O02405,ORD050S5,2026-07-29 10:00:00,S5,SKU025,1,2026-07-29 18:00:00,2026-07-29 14:00:00
O02406,ORD051S1,2026-07-30 10:00:00,S1,SKU001,1,2026-07-30 18:00:00,
O02407,ORD051S1,2026-07-30 10:00:00,S1,SKU002,2,2026-07-30 18:00:00,2026-07-30 14:00:00
O02408,ORD051S1,2026-07-30 10:00:00,S1,SKU003,2,2026-07-30 18:00:00,2026-07-30 14:00:00
O02409,ORD051S1,2026-07-30 10:00:00,S1,SKU005,2,2026-07-30 18:00:00,2026-07-30 14:00:00
O02410,ORD051S1,2026-07-30 10:00:00,S1,SKU006,4,2026-07-30 18:00:00,2026-07-30 14:00:00
O02411,ORD051S1,2026-07-30 10:00:00,S1,SKU009,4,2026-07-30 18:00:00,2026-07-30 14:00:00
O02412,ORD051S1,2026-07-30 10:00:00,S1,SKU011,3,2026-07-30 18:00:00,2026-07-30 14:00:00
O02413,ORD051S1,2026-07-30 10:00:00,S1,SKU013,2,2026-07-30 18:00:00,2026-07-30 14:00:00
O02414,ORD051S1,2026-07-30 10:00:00,S1,SKU019,2,2026-07-30 18:00:00,2026-07-30 14:00:00
O02415,ORD051S1,2026-07-30 10:00:00,S1,SKU020,4,2026-07-30 18:00:00,2026-07-30 14:00:00
O02416,ORD051S1,2026-07-30 10:00:00,S1,SKU022,2,2026-07-30 18:00:00,2026-07-30 14:00:00
O02417,ORD051S1,2026-07-30 10:00:00,S1,SKU024,2,2026-07-30 18:00:00,2026-07-30 14:00:00
O02418,ORD051S1,2026-07-30 10:00:00,S1,SKU027,4,2026-07-30 18:00:00,2026-07-30 14:00:00
O02419,ORD051S2,2026-07-30 10:00:00,S2,SKU004,4,2026-07-30 18:00:00,2026-07-30 14:00:00
O02420,ORD051S2,2026-07-30 10:00:00,S2,SKU006,2,2026-07-30 18:00:00,2026-07-30 14:00:00
O02421,ORD051S2,2026-07-30 10:00:00,S2,SKU007,1,2026-07-30 18:00:00,2026-07-30 14:00:00
O02422,ORD051S2,2026-07-30 10:00:00,S2,SKU011,2,2026-07-30 18:00:00,2026-07-30 14:00:00
O02423,ORD051S2,2026-07-30 10:00:00,S2,SKU024,2,2026-07-30 18:00:00,2026-07-30 14:00:00
O02424,ORD051S2,2026-07-30 10:00:00,S2,SKU026,2,2026-07-30 18:00:00,2026-07-30 14:00:00
O02425,ORD051S2,2026-07-30 10:00:00,S2,SKU028,3,2026-07-30 18:00:00,2026-07-30 14:00:00
O02426,ORD051S3,2026-07-30 10:00:00,S3,SKU003,6,2026-07-30 18:00:00,2026-07-30 14:00:00
O02427,ORD051S3,2026-07-30 10:00:00,S3,SKU004,1,2026-07-30 18:00:00,2026-07-30 14:00:00
O02428,ORD051S3,2026-07-30 10:00:00,S3,SKU007,2,2026-07-30 18:00:00,2026-07-30 14:00:00
O02429,ORD051S3,2026-07-30 10:00:00,S3,SKU013,4,2026-07-30 18:00:00,2026-07-30 14:00:00
O02430,ORD051S3,2026-07-30 10:00:00,S3,SKU017,2,2026-07-30 18:00:00,2026-07-30 14:00:00
O02431,ORD051S3,2026-07-30 10:00:00,S3,SKU020,4,2026-07-30 18:00:00,2026-07-30 14:00:00
O02432,ORD051S3,2026-07-30 10:00:00,S3,SKU021,6,2026-07-30 18:00:00,2026-07-30 14:00:00
O02433,ORD051S3,2026-07-30 10:00:00,S3,SKU022,5,2026-07-30 18:00:00,2026-07-30 14:00:00
O02434,ORD051S3,2026-07-30 10:00:00,S3,SKU023,6,2026-07-30 18:00:00,2026-07-30 14:00:00
O02435,ORD051S4,2026-07-30 10:00:00,S4,SKU001,3,2026-07-30 18:00:00,
O02436,ORD051S4,2026-07-30 10:00:00,S4,SKU002,4,2026-07-30 18:00:00,2026-07-30 14:00:00
O02437,ORD051S4,2026-07-30 10:00:00,S4,SKU004,7,2026-07-30 18:00:00,2026-07-30 14:00:00
O02438,ORD051S4,2026-07-30 10:00:00,S4,SKU005,6,2026-07-30 18:00:00,2026-07-30 14:00:00
O02439,ORD051S4,2026-07-30 10:00:00,S4,SKU009,6,2026-07-30 18:00:00,2026-07-30 14:00:00
O02440,ORD051S4,2026-07-30 10:00:00,S4,SKU012,6,2026-07-30 18:00:00,2026-07-30 14:00:00
O02441,ORD051S4,2026-07-30 10:00:00,S4,SKU015,4,2026-07-30 18:00:00,2026-07-30 14:00:00
O02442,ORD051S4,2026-07-30 10:00:00,S4,SKU016,6,2026-07-30 18:00:00,2026-07-30 14:00:00
O02443,ORD051S4,2026-07-30 10:00:00,S4,SKU019,6,2026-07-30 18:00:00,2026-07-30 14:00:00
O02444,ORD051S4,2026-07-30 10:00:00,S4,SKU024,4,2026-07-30 18:00:00,2026-07-30 14:00:00
O02445,ORD051S5,2026-07-30 10:00:00,S5,SKU001,2,2026-07-30 18:00:00,
O02446,ORD051S5,2026-07-30 10:00:00,S5,SKU002,1,2026-07-30 18:00:00,2026-07-30 14:00:00
O02447,ORD051S5,2026-07-30 10:00:00,S5,SKU006,3,2026-07-30 18:00:00,2026-07-30 14:00:00
O02448,ORD051S5,2026-07-30 10:00:00,S5,SKU015,1,2026-07-30 18:00:00,2026-07-30 14:00:00
O02449,ORD051S5,2026-07-30 10:00:00,S5,SKU018,2,2026-07-30 18:00:00,2026-07-30 14:00:00
O02450,ORD051S5,2026-07-30 10:00:00,S5,SKU019,4,2026-07-30 18:00:00,2026-07-30 14:00:00
O02451,ORD052S1,2026-07-31 10:00:00,S1,SKU001,2,2026-07-31 18:00:00,
O02452,ORD052S1,2026-07-31 10:00:00,S1,SKU003,3,2026-07-31 18:00:00,2026-07-31 14:00:00
O02453,ORD052S1,2026-07-31 10:00:00,S1,SKU004,4,2026-07-31 18:00:00,2026-07-31 14:00:00
O02454,ORD052S1,2026-07-31 10:00:00,S1,SKU005,1,2026-07-31 18:00:00,2026-07-31 14:00:00
O02455,ORD052S1,2026-07-31 10:00:00,S1,SKU006,2,2026-07-31 18:00:00,2026-07-31 14:00:00
O02456,ORD052S1,2026-07-31 10:00:00,S1,SKU008,2,2026-07-31 18:00:00,2026-07-31 14:00:00
O02457,ORD052S1,2026-07-31 10:00:00,S1,SKU018,2,2026-07-31 18:00:00,2026-07-31 14:00:00
O02458,ORD052S1,2026-07-31 10:00:00,S1,SKU025,4,2026-07-31 18:00:00,2026-07-31 14:00:00
O02459,ORD052S2,2026-07-31 10:00:00,S2,SKU002,4,2026-07-31 18:00:00,2026-07-31 14:00:00
O02460,ORD052S2,2026-07-31 10:00:00,S2,SKU003,3,2026-07-31 18:00:00,2026-07-31 14:00:00
O02461,ORD052S2,2026-07-31 10:00:00,S2,SKU004,2,2026-07-31 18:00:00,2026-07-31 14:00:00
O02462,ORD052S2,2026-07-31 10:00:00,S2,SKU005,1,2026-07-31 18:00:00,2026-07-31 14:00:00
O02463,ORD052S2,2026-07-31 10:00:00,S2,SKU006,4,2026-07-31 18:00:00,2026-07-31 14:00:00
O02464,ORD052S2,2026-07-31 10:00:00,S2,SKU009,2,2026-07-31 18:00:00,2026-07-31 14:00:00
O02465,ORD052S2,2026-07-31 10:00:00,S2,SKU012,2,2026-07-31 18:00:00,2026-07-31 14:00:00
O02466,ORD052S2,2026-07-31 10:00:00,S2,SKU014,4,2026-07-31 18:00:00,2026-07-31 14:00:00
O02467,ORD052S2,2026-07-31 10:00:00,S2,SKU018,4,2026-07-31 18:00:00,2026-07-31 14:00:00
O02468,ORD052S2,2026-07-31 10:00:00,S2,SKU020,4,2026-07-31 18:00:00,2026-07-31 14:00:00
O02469,ORD052S2,2026-07-31 10:00:00,S2,SKU022,1,2026-07-31 18:00:00,2026-07-31 14:00:00
O02470,ORD052S2,2026-07-31 10:00:00,S2,SKU024,4,2026-07-31 18:00:00,2026-07-31 14:00:00
O02471,ORD052S3,2026-07-31 10:00:00,S3,SKU002,4,2026-07-31 18:00:00,2026-07-31 14:00:00
O02472,ORD052S3,2026-07-31 10:00:00,S3,SKU003,5,2026-07-31 18:00:00,2026-07-31 14:00:00
O02473,ORD052S3,2026-07-31 10:00:00,S3,SKU004,1,2026-07-31 18:00:00,2026-07-31 14:00:00
O02474,ORD052S3,2026-07-31 10:00:00,S3,SKU005,1,2026-07-31 18:00:00,2026-07-31 14:00:00
O02475,ORD052S3,2026-07-31 10:00:00,S3,SKU006,2,2026-07-31 18:00:00,2026-07-31 14:00:00
O02476,ORD052S3,2026-07-31 10:00:00,S3,SKU009,4,2026-07-31 18:00:00,2026-07-31 14:00:00
O02477,ORD052S3,2026-07-31 10:00:00,S3,SKU011,6,2026-07-31 18:00:00,2026-07-31 14:00:00
O02478,ORD052S3,2026-07-31 10:00:00,S3,SKU016,1,2026-07-31 18:00:00,2026-07-31 14:00:00
O02479,ORD052S3,2026-07-31 10:00:00,S3,SKU018,2,2026-07-31 18:00:00,2026-07-31 14:00:00
O02480,ORD052S3,2026-07-31 10:00:00,S3,SKU021,2,2026-07-31 18:00:00,2026-07-31 14:00:00
O02481,ORD052S3,2026-07-31 10:00:00,S3,SKU022,6,2026-07-31 18:00:00,2026-07-31 14:00:00
O02482,ORD052S3,2026-07-31 10:00:00,S3,SKU025,2,2026-07-31 18:00:00,2026-07-31 14:00:00
O02483,ORD052S4,2026-07-31 10:00:00,S4,SKU001,7,2026-07-31 18:00:00,
O02484,ORD052S4,2026-07-31 10:00:00,S4,SKU003,6,2026-07-31 18:00:00,2026-07-31 14:00:00
O02485,ORD052S4,2026-07-31 10:00:00,S4,SKU004,3,2026-07-31 18:00:00,2026-07-31 14:00:00
O02486,ORD052S4,2026-07-31 10:00:00,S4,SKU005,7,2026-07-31 18:00:00,2026-07-31 14:00:00
O02487,ORD052S4,2026-07-31 10:00:00,S4,SKU006,3,2026-07-31 18:00:00,2026-07-31 14:00:00
O02488,ORD052S4,2026-07-31 10:00:00,S4,SKU007,4,2026-07-31 18:00:00,2026-07-31 14:00:00
O02489,ORD052S4,2026-07-31 10:00:00,S4,SKU008,4,2026-07-31 18:00:00,2026-07-31 14:00:00
O02490,ORD052S4,2026-07-31 10:00:00,S4,SKU009,3,2026-07-31 18:00:00,2026-07-31 14:00:00
O02491,ORD052S4,2026-07-31 10:00:00,S4,SKU012,1,2026-07-31 18:00:00,2026-07-31 14:00:00
O02492,ORD052S4,2026-07-31 10:00:00,S4,SKU015,6,2026-07-31 18:00:00,2026-07-31 14:00:00
O02493,ORD052S4,2026-07-31 10:00:00,S4,SKU017,6,2026-07-31 18:00:00,2026-07-31 14:00:00
O02494,ORD052S4,2026-07-31 10:00:00,S4,SKU018,1,2026-07-31 18:00:00,2026-07-31 14:00:00
O02495,ORD052S4,2026-07-31 10:00:00,S4,SKU019,1,2026-07-31 18:00:00,2026-07-31 14:00:00
O02496,ORD052S4,2026-07-31 10:00:00,S4,SKU026,3,2026-07-31 18:00:00,2026-07-31 14:00:00
O02497,ORD052S5,2026-07-31 10:00:00,S5,SKU001,3,2026-07-31 18:00:00,
O02498,ORD052S5,2026-07-31 10:00:00,S5,SKU002,2,2026-07-31 18:00:00,2026-07-31 14:00:00
O02499,ORD052S5,2026-07-31 10:00:00,S5,SKU004,4,2026-07-31 18:00:00,2026-07-31 14:00:00
O02500,ORD052S5,2026-07-31 10:00:00,S5,SKU005,1,2026-07-31 18:00:00,2026-07-31 14:00:00
O02501,ORD052S5,2026-07-31 10:00:00,S5,SKU007,4,2026-07-31 18:00:00,2026-07-31 14:00:00
O02502,ORD052S5,2026-07-31 10:00:00,S5,SKU014,4,2026-07-31 18:00:00,2026-07-31 14:00:00
O02503,ORD052S5,2026-07-31 10:00:00,S5,SKU016,1,2026-07-31 18:00:00,2026-07-31 14:00:00
O02504,ORD052S5,2026-07-31 10:00:00,S5,SKU019,3,2026-07-31 18:00:00,2026-07-31 14:00:00
O02505,ORD052S5,2026-07-31 10:00:00,S5,SKU021,2,2026-07-31 18:00:00,2026-07-31 14:00:00
O02506,ORD052S5,2026-07-31 10:00:00,S5,SKU023,4,2026-07-31 18:00:00,2026-07-31 14:00:00
O02507,ORD053S1,2026-08-01 10:00:00,S1,SKU001,4,2026-08-01 18:00:00,
O02508,ORD053S1,2026-08-01 10:00:00,S1,SKU003,1,2026-08-01 18:00:00,2026-08-01 14:00:00
O02509,ORD053S1,2026-08-01 10:00:00,S1,SKU005,3,2026-08-01 18:00:00,2026-08-01 14:00:00
O02510,ORD053S1,2026-08-01 10:00:00,S1,SKU008,4,2026-08-01 18:00:00,2026-08-01 14:00:00
O02511,ORD053S1,2026-08-01 10:00:00,S1,SKU012,3,2026-08-01 18:00:00,2026-08-01 14:00:00
O02512,ORD053S1,2026-08-01 10:00:00,S1,SKU014,4,2026-08-01 18:00:00,2026-08-01 14:00:00
O02513,ORD053S1,2026-08-01 10:00:00,S1,SKU018,4,2026-08-01 18:00:00,2026-08-01 14:00:00
O02514,ORD053S1,2026-08-01 10:00:00,S1,SKU019,5,2026-08-01 18:00:00,2026-08-01 14:00:00
O02515,ORD053S1,2026-08-01 10:00:00,S1,SKU022,4,2026-08-01 18:00:00,2026-08-01 14:00:00
O02516,ORD053S1,2026-08-01 10:00:00,S1,SKU028,5,2026-08-01 18:00:00,2026-08-01 14:00:00
O02517,ORD053S2,2026-08-01 10:00:00,S2,SKU005,3,2026-08-01 18:00:00,2026-08-01 14:00:00
O02518,ORD053S2,2026-08-01 10:00:00,S2,SKU006,4,2026-08-01 18:00:00,2026-08-01 14:00:00
O02519,ORD053S2,2026-08-01 10:00:00,S2,SKU007,6,2026-08-01 18:00:00,2026-08-01 14:00:00
O02520,ORD053S2,2026-08-01 10:00:00,S2,SKU008,5,2026-08-01 18:00:00,2026-08-01 14:00:00
O02521,ORD053S2,2026-08-01 10:00:00,S2,SKU011,4,2026-08-01 18:00:00,2026-08-01 14:00:00
O02522,ORD053S2,2026-08-01 10:00:00,S2,SKU013,3,2026-08-01 18:00:00,2026-08-01 14:00:00
O02523,ORD053S2,2026-08-01 10:00:00,S2,SKU019,6,2026-08-01 18:00:00,2026-08-01 14:00:00
O02524,ORD053S2,2026-08-01 10:00:00,S2,SKU020,3,2026-08-01 18:00:00,2026-08-01 14:00:00
O02525,ORD053S2,2026-08-01 10:00:00,S2,SKU021,6,2026-08-01 18:00:00,2026-08-01 14:00:00
O02526,ORD053S2,2026-08-01 10:00:00,S2,SKU023,4,2026-08-01 18:00:00,2026-08-01 14:00:00
O02527,ORD053S2,2026-08-01 10:00:00,S2,SKU028,4,2026-08-01 18:00:00,2026-08-01 14:00:00
O02528,ORD053S3,2026-08-01 10:00:00,S3,SKU002,2,2026-08-01 18:00:00,2026-08-01 14:00:00
O02529,ORD053S3,2026-08-01 10:00:00,S3,SKU004,2,2026-08-01 18:00:00,2026-08-01 14:00:00
O02530,ORD053S3,2026-08-01 10:00:00,S3,SKU005,2,2026-08-01 18:00:00,2026-08-01 14:00:00
O02531,ORD053S4,2026-08-01 10:00:00,S4,SKU001,2,2026-08-01 18:00:00,
O02532,ORD053S4,2026-08-01 10:00:00,S4,SKU003,5,2026-08-01 18:00:00,2026-08-01 14:00:00
O02533,ORD053S4,2026-08-01 10:00:00,S4,SKU004,5,2026-08-01 18:00:00,2026-08-01 14:00:00
O02534,ORD053S4,2026-08-01 10:00:00,S4,SKU005,5,2026-08-01 18:00:00,2026-08-01 14:00:00
O02535,ORD053S4,2026-08-01 10:00:00,S4,SKU006,5,2026-08-01 18:00:00,2026-08-01 14:00:00
O02536,ORD053S4,2026-08-01 10:00:00,S4,SKU017,5,2026-08-01 18:00:00,2026-08-01 14:00:00
O02537,ORD053S4,2026-08-01 10:00:00,S4,SKU018,9,2026-08-01 18:00:00,2026-08-01 14:00:00
O02538,ORD053S4,2026-08-01 10:00:00,S4,SKU020,5,2026-08-01 18:00:00,2026-08-01 14:00:00
O02539,ORD053S4,2026-08-01 10:00:00,S4,SKU023,4,2026-08-01 18:00:00,2026-08-01 14:00:00
O02540,ORD053S4,2026-08-01 10:00:00,S4,SKU026,7,2026-08-01 18:00:00,2026-08-01 14:00:00
O02541,ORD053S4,2026-08-01 10:00:00,S4,SKU028,5,2026-08-01 18:00:00,2026-08-01 14:00:00
O02542,ORD053S5,2026-08-01 10:00:00,S5,SKU001,5,2026-08-01 18:00:00,
O02543,ORD053S5,2026-08-01 10:00:00,S5,SKU002,6,2026-08-01 18:00:00,2026-08-01 14:00:00
O02544,ORD053S5,2026-08-01 10:00:00,S5,SKU003,6,2026-08-01 18:00:00,2026-08-01 14:00:00
O02545,ORD053S5,2026-08-01 10:00:00,S5,SKU004,5,2026-08-01 18:00:00,2026-08-01 14:00:00
O02546,ORD053S5,2026-08-01 10:00:00,S5,SKU005,1,2026-08-01 18:00:00,2026-08-01 14:00:00
O02547,ORD053S5,2026-08-01 10:00:00,S5,SKU007,4,2026-08-01 18:00:00,2026-08-01 14:00:00
O02548,ORD053S5,2026-08-01 10:00:00,S5,SKU008,2,2026-08-01 18:00:00,2026-08-01 14:00:00
O02549,ORD053S5,2026-08-01 10:00:00,S5,SKU015,4,2026-08-01 18:00:00,2026-08-01 14:00:00
O02550,ORD053S5,2026-08-01 10:00:00,S5,SKU021,5,2026-08-01 18:00:00,2026-08-01 14:00:00
O02551,ORD053S5,2026-08-01 10:00:00,S5,SKU022,4,2026-08-01 18:00:00,2026-08-01 14:00:00
O02552,ORD053S5,2026-08-01 10:00:00,S5,SKU023,4,2026-08-01 18:00:00,2026-08-01 14:00:00
O02553,ORD053S5,2026-08-01 10:00:00,S5,SKU026,1,2026-08-01 18:00:00,2026-08-01 14:00:00
O02554,ORD054S1,2026-08-02 10:00:00,S1,SKU001,2,2026-08-02 18:00:00,
O02555,ORD054S1,2026-08-02 10:00:00,S1,SKU002,1,2026-08-02 18:00:00,2026-08-02 14:00:00
O02556,ORD054S1,2026-08-02 10:00:00,S1,SKU005,1,2026-08-02 18:00:00,2026-08-02 14:00:00
O02557,ORD054S1,2026-08-02 10:00:00,S1,SKU009,2,2026-08-02 18:00:00,2026-08-02 14:00:00
O02558,ORD054S1,2026-08-02 10:00:00,S1,SKU013,4,2026-08-02 18:00:00,2026-08-02 14:00:00
O02559,ORD054S1,2026-08-02 10:00:00,S1,SKU014,2,2026-08-02 18:00:00,2026-08-02 14:00:00
O02560,ORD054S1,2026-08-02 10:00:00,S1,SKU015,4,2026-08-02 18:00:00,2026-08-02 14:00:00
O02561,ORD054S1,2026-08-02 10:00:00,S1,SKU019,2,2026-08-02 18:00:00,2026-08-02 14:00:00
O02562,ORD054S1,2026-08-02 10:00:00,S1,SKU020,1,2026-08-02 18:00:00,2026-08-02 14:00:00
O02563,ORD054S1,2026-08-02 10:00:00,S1,SKU021,5,2026-08-02 18:00:00,2026-08-02 14:00:00
O02564,ORD054S1,2026-08-02 10:00:00,S1,SKU024,4,2026-08-02 18:00:00,2026-08-02 14:00:00
O02565,ORD054S1,2026-08-02 10:00:00,S1,SKU026,3,2026-08-02 18:00:00,2026-08-02 14:00:00
O02566,ORD054S2,2026-08-02 10:00:00,S2,SKU002,5,2026-08-02 18:00:00,2026-08-02 14:00:00
O02567,ORD054S2,2026-08-02 10:00:00,S2,SKU004,4,2026-08-02 18:00:00,2026-08-02 14:00:00
O02568,ORD054S2,2026-08-02 10:00:00,S2,SKU005,6,2026-08-02 18:00:00,2026-08-02 14:00:00
O02569,ORD054S2,2026-08-02 10:00:00,S2,SKU006,6,2026-08-02 18:00:00,2026-08-02 14:00:00
O02570,ORD054S2,2026-08-02 10:00:00,S2,SKU008,1,2026-08-02 18:00:00,2026-08-02 14:00:00
O02571,ORD054S2,2026-08-02 10:00:00,S2,SKU011,3,2026-08-02 18:00:00,2026-08-02 14:00:00
O02572,ORD054S2,2026-08-02 10:00:00,S2,SKU013,5,2026-08-02 18:00:00,2026-08-02 14:00:00
O02573,ORD054S2,2026-08-02 10:00:00,S2,SKU016,4,2026-08-02 18:00:00,2026-08-02 14:00:00
O02574,ORD054S2,2026-08-02 10:00:00,S2,SKU023,4,2026-08-02 18:00:00,2026-08-02 14:00:00
O02575,ORD054S2,2026-08-02 10:00:00,S2,SKU024,3,2026-08-02 18:00:00,2026-08-02 14:00:00
O02576,ORD054S2,2026-08-02 10:00:00,S2,SKU028,6,2026-08-02 18:00:00,2026-08-02 14:00:00
O02577,ORD054S3,2026-08-02 10:00:00,S3,SKU003,3,2026-08-02 18:00:00,2026-08-02 14:00:00
O02578,ORD054S3,2026-08-02 10:00:00,S3,SKU004,3,2026-08-02 18:00:00,2026-08-02 14:00:00
O02579,ORD054S3,2026-08-02 10:00:00,S3,SKU006,8,2026-08-02 18:00:00,2026-08-02 14:00:00
O02580,ORD054S3,2026-08-02 10:00:00,S3,SKU014,3,2026-08-02 18:00:00,2026-08-02 14:00:00
O02581,ORD054S3,2026-08-02 10:00:00,S3,SKU015,6,2026-08-02 18:00:00,2026-08-02 14:00:00
O02582,ORD054S3,2026-08-02 10:00:00,S3,SKU017,5,2026-08-02 18:00:00,2026-08-02 14:00:00
O02583,ORD054S3,2026-08-02 10:00:00,S3,SKU019,2,2026-08-02 18:00:00,2026-08-02 14:00:00
O02584,ORD054S3,2026-08-02 10:00:00,S3,SKU024,5,2026-08-02 18:00:00,2026-08-02 14:00:00
O02585,ORD054S4,2026-08-02 10:00:00,S4,SKU001,7,2026-08-02 18:00:00,
O02586,ORD054S4,2026-08-02 10:00:00,S4,SKU002,4,2026-08-02 18:00:00,2026-08-02 14:00:00
O02587,ORD054S4,2026-08-02 10:00:00,S4,SKU004,9,2026-08-02 18:00:00,2026-08-02 14:00:00
O02588,ORD054S4,2026-08-02 10:00:00,S4,SKU005,2,2026-08-02 18:00:00,2026-08-02 14:00:00
O02589,ORD054S4,2026-08-02 10:00:00,S4,SKU011,4,2026-08-02 18:00:00,2026-08-02 14:00:00
O02590,ORD054S4,2026-08-02 10:00:00,S4,SKU013,5,2026-08-02 18:00:00,2026-08-02 14:00:00
O02591,ORD054S4,2026-08-02 10:00:00,S4,SKU015,4,2026-08-02 18:00:00,2026-08-02 14:00:00
O02592,ORD054S4,2026-08-02 10:00:00,S4,SKU016,5,2026-08-02 18:00:00,2026-08-02 14:00:00
O02593,ORD054S4,2026-08-02 10:00:00,S4,SKU017,4,2026-08-02 18:00:00,2026-08-02 14:00:00
O02594,ORD054S4,2026-08-02 10:00:00,S4,SKU020,4,2026-08-02 18:00:00,2026-08-02 14:00:00
O02595,ORD054S5,2026-08-02 10:00:00,S5,SKU001,4,2026-08-02 18:00:00,
O02596,ORD054S5,2026-08-02 10:00:00,S5,SKU004,1,2026-08-02 18:00:00,2026-08-02 14:00:00
O02597,ORD054S5,2026-08-02 10:00:00,S5,SKU005,5,2026-08-02 18:00:00,2026-08-02 14:00:00
O02598,ORD054S5,2026-08-02 10:00:00,S5,SKU006,1,2026-08-02 18:00:00,2026-08-02 14:00:00
O02599,ORD054S5,2026-08-02 10:00:00,S5,SKU009,6,2026-08-02 18:00:00,2026-08-02 14:00:00
O02600,ORD054S5,2026-08-02 10:00:00,S5,SKU015,4,2026-08-02 18:00:00,2026-08-02 14:00:00
O02601,ORD054S5,2026-08-02 10:00:00,S5,SKU019,5,2026-08-02 18:00:00,2026-08-02 14:00:00
O02602,ORD055S1,2026-08-03 10:00:00,S1,SKU004,3,2026-08-03 18:00:00,2026-08-03 14:00:00
O02603,ORD055S1,2026-08-03 10:00:00,S1,SKU005,4,2026-08-03 18:00:00,2026-08-03 14:00:00
O02604,ORD055S1,2026-08-03 10:00:00,S1,SKU006,2,2026-08-03 18:00:00,2026-08-03 14:00:00
O02605,ORD055S1,2026-08-03 10:00:00,S1,SKU009,2,2026-08-03 18:00:00,2026-08-03 14:00:00
O02606,ORD055S1,2026-08-03 10:00:00,S1,SKU015,4,2026-08-03 18:00:00,2026-08-03 14:00:00
O02607,ORD055S1,2026-08-03 10:00:00,S1,SKU017,1,2026-08-03 18:00:00,2026-08-03 14:00:00
O02608,ORD055S1,2026-08-03 10:00:00,S1,SKU022,3,2026-08-03 18:00:00,2026-08-03 14:00:00
O02609,ORD055S1,2026-08-03 10:00:00,S1,SKU026,2,2026-08-03 18:00:00,2026-08-03 14:00:00
O02610,ORD055S2,2026-08-03 10:00:00,S2,SKU001,3,2026-08-03 18:00:00,
O02611,ORD055S2,2026-08-03 10:00:00,S2,SKU003,3,2026-08-03 18:00:00,2026-08-03 14:00:00
O02612,ORD055S2,2026-08-03 10:00:00,S2,SKU004,4,2026-08-03 18:00:00,2026-08-03 14:00:00
O02613,ORD055S2,2026-08-03 10:00:00,S2,SKU005,4,2026-08-03 18:00:00,2026-08-03 14:00:00
O02614,ORD055S2,2026-08-03 10:00:00,S2,SKU009,4,2026-08-03 18:00:00,2026-08-03 14:00:00
O02615,ORD055S2,2026-08-03 10:00:00,S2,SKU011,1,2026-08-03 18:00:00,2026-08-03 14:00:00
O02616,ORD055S2,2026-08-03 10:00:00,S2,SKU014,3,2026-08-03 18:00:00,2026-08-03 14:00:00
O02617,ORD055S2,2026-08-03 10:00:00,S2,SKU017,3,2026-08-03 18:00:00,2026-08-03 14:00:00
O02618,ORD055S2,2026-08-03 10:00:00,S2,SKU018,1,2026-08-03 18:00:00,2026-08-03 14:00:00
O02619,ORD055S2,2026-08-03 10:00:00,S2,SKU019,3,2026-08-03 18:00:00,2026-08-03 14:00:00
O02620,ORD055S2,2026-08-03 10:00:00,S2,SKU022,2,2026-08-03 18:00:00,2026-08-03 14:00:00
O02621,ORD055S2,2026-08-03 10:00:00,S2,SKU023,1,2026-08-03 18:00:00,2026-08-03 14:00:00
O02622,ORD055S2,2026-08-03 10:00:00,S2,SKU027,2,2026-08-03 18:00:00,2026-08-03 14:00:00
O02623,ORD055S3,2026-08-03 10:00:00,S3,SKU001,1,2026-08-03 18:00:00,
O02624,ORD055S3,2026-08-03 10:00:00,S3,SKU002,2,2026-08-03 18:00:00,2026-08-03 14:00:00
O02625,ORD055S3,2026-08-03 10:00:00,S3,SKU003,5,2026-08-03 18:00:00,2026-08-03 14:00:00
O02626,ORD055S3,2026-08-03 10:00:00,S3,SKU005,6,2026-08-03 18:00:00,2026-08-03 14:00:00
O02627,ORD055S3,2026-08-03 10:00:00,S3,SKU006,4,2026-08-03 18:00:00,2026-08-03 14:00:00
O02628,ORD055S3,2026-08-03 10:00:00,S3,SKU016,6,2026-08-03 18:00:00,2026-08-03 14:00:00
O02629,ORD055S3,2026-08-03 10:00:00,S3,SKU017,4,2026-08-03 18:00:00,2026-08-03 14:00:00
O02630,ORD055S3,2026-08-03 10:00:00,S3,SKU018,1,2026-08-03 18:00:00,2026-08-03 14:00:00
O02631,ORD055S3,2026-08-03 10:00:00,S3,SKU019,4,2026-08-03 18:00:00,2026-08-03 14:00:00
O02632,ORD055S3,2026-08-03 10:00:00,S3,SKU024,4,2026-08-03 18:00:00,2026-08-03 14:00:00
O02633,ORD055S4,2026-08-03 10:00:00,S4,SKU001,3,2026-08-03 18:00:00,
O02634,ORD055S4,2026-08-03 10:00:00,S4,SKU003,7,2026-08-03 18:00:00,2026-08-03 14:00:00
O02635,ORD055S4,2026-08-03 10:00:00,S4,SKU004,7,2026-08-03 18:00:00,2026-08-03 14:00:00
O02636,ORD055S4,2026-08-03 10:00:00,S4,SKU008,4,2026-08-03 18:00:00,2026-08-03 14:00:00
O02637,ORD055S4,2026-08-03 10:00:00,S4,SKU009,6,2026-08-03 18:00:00,2026-08-03 14:00:00
O02638,ORD055S4,2026-08-03 10:00:00,S4,SKU011,7,2026-08-03 18:00:00,2026-08-03 14:00:00
O02639,ORD055S4,2026-08-03 10:00:00,S4,SKU019,7,2026-08-03 18:00:00,2026-08-03 14:00:00
O02640,ORD055S4,2026-08-03 10:00:00,S4,SKU020,7,2026-08-03 18:00:00,2026-08-03 14:00:00
O02641,ORD055S4,2026-08-03 10:00:00,S4,SKU026,1,2026-08-03 18:00:00,2026-08-03 14:00:00
O02642,ORD055S5,2026-08-03 10:00:00,S5,SKU001,1,2026-08-03 18:00:00,
O02643,ORD055S5,2026-08-03 10:00:00,S5,SKU003,3,2026-08-03 18:00:00,
O02644,ORD055S5,2026-08-03 10:00:00,S5,SKU004,2,2026-08-03 18:00:00,2026-08-03 14:00:00
O02645,ORD055S5,2026-08-03 10:00:00,S5,SKU005,3,2026-08-03 18:00:00,2026-08-03 14:00:00
O02646,ORD055S5,2026-08-03 10:00:00,S5,SKU006,4,2026-08-03 18:00:00,2026-08-03 14:00:00
O02647,ORD055S5,2026-08-03 10:00:00,S5,SKU008,1,2026-08-03 18:00:00,2026-08-03 14:00:00
O02648,ORD055S5,2026-08-03 10:00:00,S5,SKU009,4,2026-08-03 18:00:00,2026-08-03 14:00:00
O02649,ORD055S5,2026-08-03 10:00:00,S5,SKU015,4,2026-08-03 18:00:00,2026-08-03 14:00:00
O02650,ORD055S5,2026-08-03 10:00:00,S5,SKU019,1,2026-08-03 18:00:00,2026-08-03 14:00:00
O02651,ORD055S5,2026-08-03 10:00:00,S5,SKU021,3,2026-08-03 18:00:00,2026-08-03 14:00:00
O02652,ORD055S5,2026-08-03 10:00:00,S5,SKU022,4,2026-08-03 18:00:00,2026-08-03 14:00:00
O02653,ORD056S1,2026-08-04 10:00:00,S1,SKU001,4,2026-08-04 18:00:00,2026-08-04 14:00:00
O02654,ORD056S1,2026-08-04 10:00:00,S1,SKU004,2,2026-08-04 18:00:00,2026-08-04 14:00:00
O02655,ORD056S1,2026-08-04 10:00:00,S1,SKU005,1,2026-08-04 18:00:00,2026-08-04 14:00:00
O02656,ORD056S1,2026-08-04 10:00:00,S1,SKU006,2,2026-08-04 18:00:00,2026-08-04 14:00:00
O02657,ORD056S1,2026-08-04 10:00:00,S1,SKU011,1,2026-08-04 18:00:00,2026-08-04 14:00:00
O02658,ORD056S1,2026-08-04 10:00:00,S1,SKU013,4,2026-08-04 18:00:00,2026-08-04 14:00:00
O02659,ORD056S1,2026-08-04 10:00:00,S1,SKU016,4,2026-08-04 18:00:00,2026-08-04 14:00:00
O02660,ORD056S1,2026-08-04 10:00:00,S1,SKU023,1,2026-08-04 18:00:00,2026-08-04 14:00:00
O02661,ORD056S1,2026-08-04 10:00:00,S1,SKU027,2,2026-08-04 18:00:00,2026-08-04 14:00:00
O02662,ORD056S1,2026-08-04 10:00:00,S1,SKU028,1,2026-08-04 18:00:00,2026-08-04 14:00:00
O02663,ORD056S2,2026-08-04 10:00:00,S2,SKU003,5,2026-08-04 18:00:00,2026-08-04 14:00:00
O02664,ORD056S2,2026-08-04 10:00:00,S2,SKU015,5,2026-08-04 18:00:00,2026-08-04 14:00:00
O02665,ORD056S2,2026-08-04 10:00:00,S2,SKU016,4,2026-08-04 18:00:00,2026-08-04 14:00:00
O02666,ORD056S2,2026-08-04 10:00:00,S2,SKU018,5,2026-08-04 18:00:00,2026-08-04 14:00:00
O02667,ORD056S3,2026-08-04 10:00:00,S3,SKU001,2,2026-08-04 18:00:00,2026-08-04 14:00:00
O02668,ORD056S3,2026-08-04 10:00:00,S3,SKU003,5,2026-08-04 18:00:00,2026-08-04 14:00:00
O02669,ORD056S3,2026-08-04 10:00:00,S3,SKU004,2,2026-08-04 18:00:00,2026-08-04 14:00:00
O02670,ORD056S3,2026-08-04 10:00:00,S3,SKU006,5,2026-08-04 18:00:00,2026-08-04 14:00:00
O02671,ORD056S3,2026-08-04 10:00:00,S3,SKU014,2,2026-08-04 18:00:00,2026-08-04 14:00:00
O02672,ORD056S3,2026-08-04 10:00:00,S3,SKU015,1,2026-08-04 18:00:00,2026-08-04 14:00:00
O02673,ORD056S3,2026-08-04 10:00:00,S3,SKU016,5,2026-08-04 18:00:00,2026-08-04 14:00:00
O02674,ORD056S3,2026-08-04 10:00:00,S3,SKU017,5,2026-08-04 18:00:00,2026-08-04 14:00:00
O02675,ORD056S3,2026-08-04 10:00:00,S3,SKU019,1,2026-08-04 18:00:00,2026-08-04 14:00:00
O02676,ORD056S3,2026-08-04 10:00:00,S3,SKU021,6,2026-08-04 18:00:00,2026-08-04 14:00:00
O02677,ORD056S3,2026-08-04 10:00:00,S3,SKU025,4,2026-08-04 18:00:00,2026-08-04 14:00:00
O02678,ORD056S4,2026-08-04 10:00:00,S4,SKU003,7,2026-08-04 18:00:00,2026-08-04 14:00:00
O02679,ORD056S4,2026-08-04 10:00:00,S4,SKU004,3,2026-08-04 18:00:00,2026-08-04 14:00:00
O02680,ORD056S4,2026-08-04 10:00:00,S4,SKU006,4,2026-08-04 18:00:00,2026-08-04 14:00:00
O02681,ORD056S4,2026-08-04 10:00:00,S4,SKU007,7,2026-08-04 18:00:00,2026-08-04 14:00:00
O02682,ORD056S4,2026-08-04 10:00:00,S4,SKU011,6,2026-08-04 18:00:00,2026-08-04 14:00:00
O02683,ORD056S4,2026-08-04 10:00:00,S4,SKU015,4,2026-08-04 18:00:00,2026-08-04 14:00:00
O02684,ORD056S4,2026-08-04 10:00:00,S4,SKU020,6,2026-08-04 18:00:00,2026-08-04 14:00:00
O02685,ORD056S4,2026-08-04 10:00:00,S4,SKU022,6,2026-08-04 18:00:00,2026-08-04 14:00:00
O02686,ORD056S4,2026-08-04 10:00:00,S4,SKU025,6,2026-08-04 18:00:00,2026-08-04 14:00:00
O02687,ORD056S4,2026-08-04 10:00:00,S4,SKU027,7,2026-08-04 18:00:00,2026-08-04 14:00:00
O02688,ORD056S4,2026-08-04 10:00:00,S4,SKU028,4,2026-08-04 18:00:00,2026-08-04 14:00:00
O02689,ORD056S5,2026-08-04 10:00:00,S5,SKU001,4,2026-08-04 18:00:00,2026-08-04 14:00:00
O02690,ORD056S5,2026-08-04 10:00:00,S5,SKU002,4,2026-08-04 18:00:00,2026-08-04 14:00:00
O02691,ORD056S5,2026-08-04 10:00:00,S5,SKU003,1,2026-08-04 18:00:00,2026-08-04 14:00:00
O02692,ORD056S5,2026-08-04 10:00:00,S5,SKU005,1,2026-08-04 18:00:00,2026-08-04 14:00:00
O02693,ORD056S5,2026-08-04 10:00:00,S5,SKU006,1,2026-08-04 18:00:00,2026-08-04 14:00:00
O02694,ORD056S5,2026-08-04 10:00:00,S5,SKU012,4,2026-08-04 18:00:00,2026-08-04 14:00:00
O02695,ORD056S5,2026-08-04 10:00:00,S5,SKU014,3,2026-08-04 18:00:00,2026-08-04 14:00:00
O02696,ORD056S5,2026-08-04 10:00:00,S5,SKU022,1,2026-08-04 18:00:00,2026-08-04 14:00:00
O02697,ORD056S5,2026-08-04 10:00:00,S5,SKU026,4,2026-08-04 18:00:00,2026-08-04 14:00:00
O02698,ORD056S5,2026-08-04 10:00:00,S5,SKU027,4,2026-08-04 18:00:00,2026-08-04 14:00:00
O02699,ORD057S1,2026-08-05 10:00:00,S1,SKU002,2,2026-08-05 18:00:00,2026-08-05 14:00:00
O02700,ORD057S1,2026-08-05 10:00:00,S1,SKU003,4,2026-08-05 18:00:00,2026-08-05 14:00:00
O02701,ORD057S1,2026-08-05 10:00:00,S1,SKU005,2,2026-08-05 18:00:00,2026-08-05 14:00:00
O02702,ORD057S1,2026-08-05 10:00:00,S1,SKU006,2,2026-08-05 18:00:00,2026-08-05 14:00:00
O02703,ORD057S1,2026-08-05 10:00:00,S1,SKU007,2,2026-08-05 18:00:00,2026-08-05 14:00:00
O02704,ORD057S1,2026-08-05 10:00:00,S1,SKU008,2,2026-08-05 18:00:00,2026-08-05 14:00:00
O02705,ORD057S1,2026-08-05 10:00:00,S1,SKU009,2,2026-08-05 18:00:00,2026-08-05 14:00:00
O02706,ORD057S1,2026-08-05 10:00:00,S1,SKU013,4,2026-08-05 18:00:00,2026-08-05 14:00:00
O02707,ORD057S1,2026-08-05 10:00:00,S1,SKU014,4,2026-08-05 18:00:00,2026-08-05 14:00:00
O02708,ORD057S1,2026-08-05 10:00:00,S1,SKU015,2,2026-08-05 18:00:00,2026-08-05 14:00:00
O02709,ORD057S1,2026-08-05 10:00:00,S1,SKU018,1,2026-08-05 18:00:00,2026-08-05 14:00:00
O02710,ORD057S1,2026-08-05 10:00:00,S1,SKU023,2,2026-08-05 18:00:00,2026-08-05 14:00:00
O02711,ORD057S1,2026-08-05 10:00:00,S1,SKU025,2,2026-08-05 18:00:00,2026-08-05 14:00:00
O02712,ORD057S2,2026-08-05 10:00:00,S2,SKU003,2,2026-08-05 18:00:00,2026-08-05 14:00:00
O02713,ORD057S2,2026-08-05 10:00:00,S2,SKU004,4,2026-08-05 18:00:00,2026-08-05 14:00:00
O02714,ORD057S2,2026-08-05 10:00:00,S2,SKU005,1,2026-08-05 18:00:00,2026-08-05 14:00:00
O02715,ORD057S2,2026-08-05 10:00:00,S2,SKU006,1,2026-08-05 18:00:00,2026-08-05 14:00:00
O02716,ORD057S2,2026-08-05 10:00:00,S2,SKU008,3,2026-08-05 18:00:00,2026-08-05 14:00:00
O02717,ORD057S2,2026-08-05 10:00:00,S2,SKU014,4,2026-08-05 18:00:00,2026-08-05 14:00:00
O02718,ORD057S2,2026-08-05 10:00:00,S2,SKU017,1,2026-08-05 18:00:00,2026-08-05 14:00:00
O02719,ORD057S2,2026-08-05 10:00:00,S2,SKU018,1,2026-08-05 18:00:00,2026-08-05 14:00:00
O02720,ORD057S2,2026-08-05 10:00:00,S2,SKU019,2,2026-08-05 18:00:00,2026-08-05 14:00:00
O02721,ORD057S2,2026-08-05 10:00:00,S2,SKU021,1,2026-08-05 18:00:00,2026-08-05 14:00:00
O02722,ORD057S2,2026-08-05 10:00:00,S2,SKU025,2,2026-08-05 18:00:00,2026-08-05 14:00:00
O02723,ORD057S2,2026-08-05 10:00:00,S2,SKU027,1,2026-08-05 18:00:00,2026-08-05 14:00:00
O02724,ORD057S3,2026-08-05 10:00:00,S3,SKU001,5,2026-08-05 18:00:00,2026-08-05 14:00:00
O02725,ORD057S3,2026-08-05 10:00:00,S3,SKU003,4,2026-08-05 18:00:00,2026-08-05 14:00:00
O02726,ORD057S3,2026-08-05 10:00:00,S3,SKU005,1,2026-08-05 18:00:00,2026-08-05 14:00:00
O02727,ORD057S3,2026-08-05 10:00:00,S3,SKU006,5,2026-08-05 18:00:00,2026-08-05 14:00:00
O02728,ORD057S3,2026-08-05 10:00:00,S3,SKU008,6,2026-08-05 18:00:00,2026-08-05 14:00:00
O02729,ORD057S3,2026-08-05 10:00:00,S3,SKU011,6,2026-08-05 18:00:00,2026-08-05 14:00:00
O02730,ORD057S3,2026-08-05 10:00:00,S3,SKU017,4,2026-08-05 18:00:00,2026-08-05 14:00:00
O02731,ORD057S3,2026-08-05 10:00:00,S3,SKU018,4,2026-08-05 18:00:00,2026-08-05 14:00:00
O02732,ORD057S3,2026-08-05 10:00:00,S3,SKU023,4,2026-08-05 18:00:00,2026-08-05 14:00:00
O02733,ORD057S3,2026-08-05 10:00:00,S3,SKU026,6,2026-08-05 18:00:00,2026-08-05 14:00:00
O02734,ORD057S4,2026-08-05 10:00:00,S4,SKU001,4,2026-08-05 18:00:00,2026-08-05 14:00:00
O02735,ORD057S4,2026-08-05 10:00:00,S4,SKU002,3,2026-08-05 18:00:00,2026-08-05 14:00:00
O02736,ORD057S4,2026-08-05 10:00:00,S4,SKU003,7,2026-08-05 18:00:00,2026-08-05 14:00:00
O02737,ORD057S4,2026-08-05 10:00:00,S4,SKU004,3,2026-08-05 18:00:00,2026-08-05 14:00:00
O02738,ORD057S4,2026-08-05 10:00:00,S4,SKU005,1,2026-08-05 18:00:00,2026-08-05 14:00:00
O02739,ORD057S4,2026-08-05 10:00:00,S4,SKU009,7,2026-08-05 18:00:00,2026-08-05 14:00:00
O02740,ORD057S4,2026-08-05 10:00:00,S4,SKU015,1,2026-08-05 18:00:00,2026-08-05 14:00:00
O02741,ORD057S4,2026-08-05 10:00:00,S4,SKU022,4,2026-08-05 18:00:00,2026-08-05 14:00:00
O02742,ORD057S5,2026-08-05 10:00:00,S5,SKU002,1,2026-08-05 18:00:00,2026-08-05 14:00:00
O02743,ORD057S5,2026-08-05 10:00:00,S5,SKU003,3,2026-08-05 18:00:00,2026-08-05 14:00:00
O02744,ORD057S5,2026-08-05 10:00:00,S5,SKU005,4,2026-08-05 18:00:00,2026-08-05 14:00:00
O02745,ORD057S5,2026-08-05 10:00:00,S5,SKU006,4,2026-08-05 18:00:00,2026-08-05 14:00:00
O02746,ORD057S5,2026-08-05 10:00:00,S5,SKU012,2,2026-08-05 18:00:00,2026-08-05 14:00:00
O02747,ORD057S5,2026-08-05 10:00:00,S5,SKU015,4,2026-08-05 18:00:00,2026-08-05 14:00:00
O02748,ORD057S5,2026-08-05 10:00:00,S5,SKU025,3,2026-08-05 18:00:00,2026-08-05 14:00:00
O02749,ORD058S1,2026-08-06 10:00:00,S1,SKU001,3,2026-08-06 18:00:00,2026-08-06 14:00:00
O02750,ORD058S1,2026-08-06 10:00:00,S1,SKU002,3,2026-08-06 18:00:00,2026-08-06 14:00:00
O02751,ORD058S1,2026-08-06 10:00:00,S1,SKU004,4,2026-08-06 18:00:00,2026-08-06 14:00:00
O02752,ORD058S1,2026-08-06 10:00:00,S1,SKU005,4,2026-08-06 18:00:00,2026-08-06 14:00:00
O02753,ORD058S1,2026-08-06 10:00:00,S1,SKU006,1,2026-08-06 18:00:00,2026-08-06 14:00:00
O02754,ORD058S1,2026-08-06 10:00:00,S1,SKU011,3,2026-08-06 18:00:00,2026-08-06 14:00:00
O02755,ORD058S1,2026-08-06 10:00:00,S1,SKU013,2,2026-08-06 18:00:00,2026-08-06 14:00:00
O02756,ORD058S1,2026-08-06 10:00:00,S1,SKU016,4,2026-08-06 18:00:00,2026-08-06 14:00:00
O02757,ORD058S1,2026-08-06 10:00:00,S1,SKU018,1,2026-08-06 18:00:00,2026-08-06 14:00:00
O02758,ORD058S1,2026-08-06 10:00:00,S1,SKU020,3,2026-08-06 18:00:00,2026-08-06 14:00:00
O02759,ORD058S1,2026-08-06 10:00:00,S1,SKU023,2,2026-08-06 18:00:00,2026-08-06 14:00:00
O02760,ORD058S1,2026-08-06 10:00:00,S1,SKU026,4,2026-08-06 18:00:00,2026-08-06 14:00:00
O02761,ORD058S1,2026-08-06 10:00:00,S1,SKU028,3,2026-08-06 18:00:00,2026-08-06 14:00:00
O02762,ORD058S2,2026-08-06 10:00:00,S2,SKU001,4,2026-08-06 18:00:00,2026-08-06 14:00:00
O02763,ORD058S2,2026-08-06 10:00:00,S2,SKU002,5,2026-08-06 18:00:00,2026-08-06 14:00:00
O02764,ORD058S2,2026-08-06 10:00:00,S2,SKU003,5,2026-08-06 18:00:00,2026-08-06 14:00:00
O02765,ORD058S2,2026-08-06 10:00:00,S2,SKU004,4,2026-08-06 18:00:00,2026-08-06 14:00:00
O02766,ORD058S2,2026-08-06 10:00:00,S2,SKU005,5,2026-08-06 18:00:00,2026-08-06 14:00:00
O02767,ORD058S2,2026-08-06 10:00:00,S2,SKU009,2,2026-08-06 18:00:00,2026-08-06 14:00:00
O02768,ORD058S2,2026-08-06 10:00:00,S2,SKU012,5,2026-08-06 18:00:00,2026-08-06 14:00:00
O02769,ORD058S2,2026-08-06 10:00:00,S2,SKU018,1,2026-08-06 18:00:00,2026-08-06 14:00:00
O02770,ORD058S2,2026-08-06 10:00:00,S2,SKU024,3,2026-08-06 18:00:00,2026-08-06 14:00:00
O02771,ORD058S2,2026-08-06 10:00:00,S2,SKU025,2,2026-08-06 18:00:00,2026-08-06 14:00:00
O02772,ORD058S2,2026-08-06 10:00:00,S2,SKU026,5,2026-08-06 18:00:00,2026-08-06 14:00:00
O02773,ORD058S3,2026-08-06 10:00:00,S3,SKU001,1,2026-08-06 18:00:00,2026-08-06 14:00:00
O02774,ORD058S3,2026-08-06 10:00:00,S3,SKU004,4,2026-08-06 18:00:00,2026-08-06 14:00:00
O02775,ORD058S3,2026-08-06 10:00:00,S3,SKU005,6,2026-08-06 18:00:00,2026-08-06 14:00:00
O02776,ORD058S3,2026-08-06 10:00:00,S3,SKU006,4,2026-08-06 18:00:00,2026-08-06 14:00:00
O02777,ORD058S3,2026-08-06 10:00:00,S3,SKU007,1,2026-08-06 18:00:00,2026-08-06 14:00:00
O02778,ORD058S3,2026-08-06 10:00:00,S3,SKU008,2,2026-08-06 18:00:00,2026-08-06 14:00:00
O02779,ORD058S3,2026-08-06 10:00:00,S3,SKU012,5,2026-08-06 18:00:00,2026-08-06 14:00:00
O02780,ORD058S3,2026-08-06 10:00:00,S3,SKU017,2,2026-08-06 18:00:00,2026-08-06 14:00:00
O02781,ORD058S3,2026-08-06 10:00:00,S3,SKU019,5,2026-08-06 18:00:00,2026-08-06 14:00:00
O02782,ORD058S3,2026-08-06 10:00:00,S3,SKU023,1,2026-08-06 18:00:00,2026-08-06 14:00:00
O02783,ORD058S3,2026-08-06 10:00:00,S3,SKU024,4,2026-08-06 18:00:00,2026-08-06 14:00:00
O02784,ORD058S3,2026-08-06 10:00:00,S3,SKU027,1,2026-08-06 18:00:00,2026-08-06 14:00:00
O02785,ORD058S4,2026-08-06 10:00:00,S4,SKU004,4,2026-08-06 18:00:00,2026-08-06 14:00:00
O02786,ORD058S4,2026-08-06 10:00:00,S4,SKU005,1,2026-08-06 18:00:00,2026-08-06 14:00:00
O02787,ORD058S4,2026-08-06 10:00:00,S4,SKU011,6,2026-08-06 18:00:00,2026-08-06 14:00:00
O02788,ORD058S4,2026-08-06 10:00:00,S4,SKU015,4,2026-08-06 18:00:00,2026-08-06 14:00:00
O02789,ORD058S4,2026-08-06 10:00:00,S4,SKU018,6,2026-08-06 18:00:00,2026-08-06 14:00:00
O02790,ORD058S5,2026-08-06 10:00:00,S5,SKU001,3,2026-08-06 18:00:00,2026-08-06 14:00:00
O02791,ORD058S5,2026-08-06 10:00:00,S5,SKU002,2,2026-08-06 18:00:00,2026-08-06 14:00:00
O02792,ORD058S5,2026-08-06 10:00:00,S5,SKU003,4,2026-08-06 18:00:00,2026-08-06 14:00:00
O02793,ORD058S5,2026-08-06 10:00:00,S5,SKU004,2,2026-08-06 18:00:00,2026-08-06 14:00:00
O02794,ORD058S5,2026-08-06 10:00:00,S5,SKU012,3,2026-08-06 18:00:00,2026-08-06 14:00:00
O02795,ORD058S5,2026-08-06 10:00:00,S5,SKU015,4,2026-08-06 18:00:00,2026-08-06 14:00:00
O02796,ORD058S5,2026-08-06 10:00:00,S5,SKU020,1,2026-08-06 18:00:00,2026-08-06 14:00:00
O02797,ORD058S5,2026-08-06 10:00:00,S5,SKU023,2,2026-08-06 18:00:00,2026-08-06 14:00:00
O02798,ORD059S1,2026-08-07 10:00:00,S1,SKU002,2,2026-08-07 18:00:00,2026-08-07 14:00:00
O02799,ORD059S1,2026-08-07 10:00:00,S1,SKU004,1,2026-08-07 18:00:00,2026-08-07 14:00:00
O02800,ORD059S1,2026-08-07 10:00:00,S1,SKU008,3,2026-08-07 18:00:00,2026-08-07 14:00:00
O02801,ORD059S1,2026-08-07 10:00:00,S1,SKU017,4,2026-08-07 18:00:00,2026-08-07 14:00:00
O02802,ORD059S1,2026-08-07 10:00:00,S1,SKU019,1,2026-08-07 18:00:00,2026-08-07 14:00:00
O02803,ORD059S1,2026-08-07 10:00:00,S1,SKU022,3,2026-08-07 18:00:00,2026-08-07 14:00:00
O02804,ORD059S1,2026-08-07 10:00:00,S1,SKU023,3,2026-08-07 18:00:00,2026-08-07 14:00:00
O02805,ORD059S1,2026-08-07 10:00:00,S1,SKU024,4,2026-08-07 18:00:00,2026-08-07 14:00:00
O02806,ORD059S2,2026-08-07 10:00:00,S2,SKU001,4,2026-08-07 18:00:00,2026-08-07 14:00:00
O02807,ORD059S2,2026-08-07 10:00:00,S2,SKU002,1,2026-08-07 18:00:00,2026-08-07 14:00:00
O02808,ORD059S2,2026-08-07 10:00:00,S2,SKU006,1,2026-08-07 18:00:00,2026-08-07 14:00:00
O02809,ORD059S2,2026-08-07 10:00:00,S2,SKU007,3,2026-08-07 18:00:00,2026-08-07 14:00:00
O02810,ORD059S2,2026-08-07 10:00:00,S2,SKU009,3,2026-08-07 18:00:00,2026-08-07 14:00:00
O02811,ORD059S2,2026-08-07 10:00:00,S2,SKU011,1,2026-08-07 18:00:00,2026-08-07 14:00:00
O02812,ORD059S2,2026-08-07 10:00:00,S2,SKU012,2,2026-08-07 18:00:00,2026-08-07 14:00:00
O02813,ORD059S2,2026-08-07 10:00:00,S2,SKU013,5,2026-08-07 18:00:00,2026-08-07 14:00:00
O02814,ORD059S2,2026-08-07 10:00:00,S2,SKU015,3,2026-08-07 18:00:00,2026-08-07 14:00:00
O02815,ORD059S2,2026-08-07 10:00:00,S2,SKU016,4,2026-08-07 18:00:00,2026-08-07 14:00:00
O02816,ORD059S2,2026-08-07 10:00:00,S2,SKU021,3,2026-08-07 18:00:00,2026-08-07 14:00:00
O02817,ORD059S2,2026-08-07 10:00:00,S2,SKU023,1,2026-08-07 18:00:00,2026-08-07 14:00:00
O02818,ORD059S3,2026-08-07 10:00:00,S3,SKU002,1,2026-08-07 18:00:00,2026-08-07 14:00:00
O02819,ORD059S3,2026-08-07 10:00:00,S3,SKU003,6,2026-08-07 18:00:00,2026-08-07 14:00:00
O02820,ORD059S3,2026-08-07 10:00:00,S3,SKU004,2,2026-08-07 18:00:00,2026-08-07 14:00:00
O02821,ORD059S3,2026-08-07 10:00:00,S3,SKU005,6,2026-08-07 18:00:00,2026-08-07 14:00:00
O02822,ORD059S3,2026-08-07 10:00:00,S3,SKU007,4,2026-08-07 18:00:00,2026-08-07 14:00:00
O02823,ORD059S3,2026-08-07 10:00:00,S3,SKU008,5,2026-08-07 18:00:00,2026-08-07 14:00:00
O02824,ORD059S3,2026-08-07 10:00:00,S3,SKU011,4,2026-08-07 18:00:00,2026-08-07 14:00:00
O02825,ORD059S3,2026-08-07 10:00:00,S3,SKU013,1,2026-08-07 18:00:00,2026-08-07 14:00:00
O02826,ORD059S3,2026-08-07 10:00:00,S3,SKU015,1,2026-08-07 18:00:00,2026-08-07 14:00:00
O02827,ORD059S3,2026-08-07 10:00:00,S3,SKU016,5,2026-08-07 18:00:00,2026-08-07 14:00:00
O02828,ORD059S3,2026-08-07 10:00:00,S3,SKU018,6,2026-08-07 18:00:00,2026-08-07 14:00:00
O02829,ORD059S4,2026-08-07 10:00:00,S4,SKU001,6,2026-08-07 18:00:00,2026-08-07 14:00:00
O02830,ORD059S4,2026-08-07 10:00:00,S4,SKU003,3,2026-08-07 18:00:00,2026-08-07 14:00:00
O02831,ORD059S4,2026-08-07 10:00:00,S4,SKU005,1,2026-08-07 18:00:00,2026-08-07 14:00:00
O02832,ORD059S4,2026-08-07 10:00:00,S4,SKU006,3,2026-08-07 18:00:00,2026-08-07 14:00:00
O02833,ORD059S4,2026-08-07 10:00:00,S4,SKU013,7,2026-08-07 18:00:00,2026-08-07 14:00:00
O02834,ORD059S4,2026-08-07 10:00:00,S4,SKU014,4,2026-08-07 18:00:00,2026-08-07 14:00:00
O02835,ORD059S4,2026-08-07 10:00:00,S4,SKU026,3,2026-08-07 18:00:00,2026-08-07 14:00:00
O02836,ORD059S4,2026-08-07 10:00:00,S4,SKU027,1,2026-08-07 18:00:00,2026-08-07 14:00:00
O02837,ORD059S5,2026-08-07 10:00:00,S5,SKU001,4,2026-08-07 18:00:00,2026-08-07 14:00:00
O02838,ORD059S5,2026-08-07 10:00:00,S5,SKU004,2,2026-08-07 18:00:00,2026-08-07 14:00:00
O02839,ORD059S5,2026-08-07 10:00:00,S5,SKU005,4,2026-08-07 18:00:00,2026-08-07 14:00:00
O02840,ORD059S5,2026-08-07 10:00:00,S5,SKU006,3,2026-08-07 18:00:00,2026-08-07 14:00:00
O02841,ORD059S5,2026-08-07 10:00:00,S5,SKU007,2,2026-08-07 18:00:00,2026-08-07 14:00:00
O02842,ORD059S5,2026-08-07 10:00:00,S5,SKU025,4,2026-08-07 18:00:00,2026-08-07 14:00:00
O02843,ORD059S5,2026-08-07 10:00:00,S5,SKU026,4,2026-08-07 18:00:00,2026-08-07 14:00:00
O02844,ORD060S1,2026-08-08 10:00:00,S1,SKU001,5,2026-08-08 18:00:00,2026-08-08 14:00:00
O02845,ORD060S1,2026-08-08 10:00:00,S1,SKU004,2,2026-08-08 18:00:00,2026-08-08 14:00:00
O02846,ORD060S1,2026-08-08 10:00:00,S1,SKU005,1,2026-08-08 18:00:00,2026-08-08 14:00:00
O02847,ORD060S1,2026-08-08 10:00:00,S1,SKU006,4,2026-08-08 18:00:00,2026-08-08 14:00:00
O02848,ORD060S1,2026-08-08 10:00:00,S1,SKU015,5,2026-08-08 18:00:00,2026-08-08 14:00:00
O02849,ORD060S1,2026-08-08 10:00:00,S1,SKU018,3,2026-08-08 18:00:00,2026-08-08 14:00:00
O02850,ORD060S1,2026-08-08 10:00:00,S1,SKU021,5,2026-08-08 18:00:00,2026-08-08 14:00:00
O02851,ORD060S1,2026-08-08 10:00:00,S1,SKU028,4,2026-08-08 18:00:00,2026-08-08 14:00:00
O02852,ORD060S2,2026-08-08 10:00:00,S2,SKU001,3,2026-08-08 18:00:00,2026-08-08 14:00:00
O02853,ORD060S2,2026-08-08 10:00:00,S2,SKU002,6,2026-08-08 18:00:00,2026-08-08 14:00:00
O02854,ORD060S2,2026-08-08 10:00:00,S2,SKU005,6,2026-08-08 18:00:00,2026-08-08 14:00:00
O02855,ORD060S2,2026-08-08 10:00:00,S2,SKU006,6,2026-08-08 18:00:00,2026-08-08 14:00:00
O02856,ORD060S2,2026-08-08 10:00:00,S2,SKU017,3,2026-08-08 18:00:00,2026-08-08 14:00:00
O02857,ORD060S2,2026-08-08 10:00:00,S2,SKU020,3,2026-08-08 18:00:00,2026-08-08 14:00:00
O02858,ORD060S3,2026-08-08 10:00:00,S3,SKU001,8,2026-08-08 18:00:00,2026-08-08 14:00:00
O02859,ORD060S3,2026-08-08 10:00:00,S3,SKU002,3,2026-08-08 18:00:00,2026-08-08 14:00:00
O02860,ORD060S3,2026-08-08 10:00:00,S3,SKU005,6,2026-08-08 18:00:00,2026-08-08 14:00:00
O02861,ORD060S3,2026-08-08 10:00:00,S3,SKU006,3,2026-08-08 18:00:00,2026-08-08 14:00:00
O02862,ORD060S3,2026-08-08 10:00:00,S3,SKU008,3,2026-08-08 18:00:00,2026-08-08 14:00:00
O02863,ORD060S3,2026-08-08 10:00:00,S3,SKU012,8,2026-08-08 18:00:00,2026-08-08 14:00:00
O02864,ORD060S3,2026-08-08 10:00:00,S3,SKU021,5,2026-08-08 18:00:00,2026-08-08 14:00:00
O02865,ORD060S3,2026-08-08 10:00:00,S3,SKU022,8,2026-08-08 18:00:00,2026-08-08 14:00:00
O02866,ORD060S3,2026-08-08 10:00:00,S3,SKU023,5,2026-08-08 18:00:00,2026-08-08 14:00:00
O02867,ORD060S3,2026-08-08 10:00:00,S3,SKU026,5,2026-08-08 18:00:00,2026-08-08 14:00:00
O02868,ORD060S4,2026-08-08 10:00:00,S4,SKU002,5,2026-08-08 18:00:00,2026-08-08 14:00:00
O02869,ORD060S4,2026-08-08 10:00:00,S4,SKU005,2,2026-08-08 18:00:00,2026-08-08 14:00:00
O02870,ORD060S4,2026-08-08 10:00:00,S4,SKU007,2,2026-08-08 18:00:00,2026-08-08 14:00:00
O02871,ORD060S4,2026-08-08 10:00:00,S4,SKU015,4,2026-08-08 18:00:00,2026-08-08 14:00:00
O02872,ORD060S4,2026-08-08 10:00:00,S4,SKU019,9,2026-08-08 18:00:00,2026-08-08 14:00:00
O02873,ORD060S4,2026-08-08 10:00:00,S4,SKU021,7,2026-08-08 18:00:00,2026-08-08 14:00:00
O02874,ORD060S4,2026-08-08 10:00:00,S4,SKU023,5,2026-08-08 18:00:00,2026-08-08 14:00:00
O02875,ORD060S4,2026-08-08 10:00:00,S4,SKU026,2,2026-08-08 18:00:00,2026-08-08 14:00:00
O02876,ORD060S4,2026-08-08 10:00:00,S4,SKU027,4,2026-08-08 18:00:00,2026-08-08 14:00:00
O02877,ORD060S5,2026-08-08 10:00:00,S5,SKU001,5,2026-08-08 18:00:00,2026-08-08 14:00:00
O02878,ORD060S5,2026-08-08 10:00:00,S5,SKU002,6,2026-08-08 18:00:00,2026-08-08 14:00:00
O02879,ORD060S5,2026-08-08 10:00:00,S5,SKU003,5,2026-08-08 18:00:00,2026-08-08 14:00:00
O02880,ORD060S5,2026-08-08 10:00:00,S5,SKU004,6,2026-08-08 18:00:00,2026-08-08 14:00:00
O02881,ORD060S5,2026-08-08 10:00:00,S5,SKU005,4,2026-08-08 18:00:00,2026-08-08 14:00:00
O02882,ORD060S5,2026-08-08 10:00:00,S5,SKU006,1,2026-08-08 18:00:00,2026-08-08 14:00:00
O02883,ORD060S5,2026-08-08 10:00:00,S5,SKU007,1,2026-08-08 18:00:00,2026-08-08 14:00:00
O02884,ORD060S5,2026-08-08 10:00:00,S5,SKU013,2,2026-08-08 18:00:00,2026-08-08 14:00:00
O02885,ORD060S5,2026-08-08 10:00:00,S5,SKU018,1,2026-08-08 18:00:00,2026-08-08 14:00:00
O02886,ORD060S5,2026-08-08 10:00:00,S5,SKU026,2,2026-08-08 18:00:00,2026-08-08 14:00:00
O02887,ORD061S1,2026-08-09 10:00:00,S1,SKU001,5,2026-08-09 18:00:00,2026-08-09 14:00:00
O02888,ORD061S1,2026-08-09 10:00:00,S1,SKU002,5,2026-08-09 18:00:00,2026-08-09 14:00:00
O02889,ORD061S1,2026-08-09 10:00:00,S1,SKU003,5,2026-08-09 18:00:00,2026-08-09 14:00:00
O02890,ORD061S1,2026-08-09 10:00:00,S1,SKU004,3,2026-08-09 18:00:00,2026-08-09 14:00:00
O02891,ORD061S1,2026-08-09 10:00:00,S1,SKU006,4,2026-08-09 18:00:00,2026-08-09 14:00:00
O02892,ORD061S1,2026-08-09 10:00:00,S1,SKU009,4,2026-08-09 18:00:00,2026-08-09 14:00:00
O02893,ORD061S1,2026-08-09 10:00:00,S1,SKU013,4,2026-08-09 18:00:00,2026-08-09 14:00:00
O02894,ORD061S1,2026-08-09 10:00:00,S1,SKU014,5,2026-08-09 18:00:00,2026-08-09 14:00:00
O02895,ORD061S1,2026-08-09 10:00:00,S1,SKU018,2,2026-08-09 18:00:00,2026-08-09 14:00:00
O02896,ORD061S1,2026-08-09 10:00:00,S1,SKU020,4,2026-08-09 18:00:00,2026-08-09 14:00:00
O02897,ORD061S1,2026-08-09 10:00:00,S1,SKU021,5,2026-08-09 18:00:00,2026-08-09 14:00:00
O02898,ORD061S1,2026-08-09 10:00:00,S1,SKU023,3,2026-08-09 18:00:00,2026-08-09 14:00:00
O02899,ORD061S1,2026-08-09 10:00:00,S1,SKU026,5,2026-08-09 18:00:00,2026-08-09 14:00:00
O02900,ORD061S1,2026-08-09 10:00:00,S1,SKU028,2,2026-08-09 18:00:00,2026-08-09 14:00:00
O02901,ORD061S2,2026-08-09 10:00:00,S2,SKU001,6,2026-08-09 18:00:00,2026-08-09 14:00:00
O02902,ORD061S2,2026-08-09 10:00:00,S2,SKU002,5,2026-08-09 18:00:00,2026-08-09 14:00:00
O02903,ORD061S2,2026-08-09 10:00:00,S2,SKU003,5,2026-08-09 18:00:00,2026-08-09 14:00:00
O02904,ORD061S2,2026-08-09 10:00:00,S2,SKU004,1,2026-08-09 18:00:00,2026-08-09 14:00:00
O02905,ORD061S2,2026-08-09 10:00:00,S2,SKU005,4,2026-08-09 18:00:00,2026-08-09 14:00:00
O02906,ORD061S2,2026-08-09 10:00:00,S2,SKU009,1,2026-08-09 18:00:00,2026-08-09 14:00:00
O02907,ORD061S2,2026-08-09 10:00:00,S2,SKU013,6,2026-08-09 18:00:00,2026-08-09 14:00:00
O02908,ORD061S2,2026-08-09 10:00:00,S2,SKU016,4,2026-08-09 18:00:00,2026-08-09 14:00:00
O02909,ORD061S2,2026-08-09 10:00:00,S2,SKU018,5,2026-08-09 18:00:00,2026-08-09 14:00:00
O02910,ORD061S3,2026-08-09 10:00:00,S3,SKU001,3,2026-08-09 18:00:00,2026-08-09 14:00:00
O02911,ORD061S3,2026-08-09 10:00:00,S3,SKU003,6,2026-08-09 18:00:00,
O02912,ORD061S3,2026-08-09 10:00:00,S3,SKU011,6,2026-08-09 18:00:00,2026-08-09 14:00:00
O02913,ORD061S3,2026-08-09 10:00:00,S3,SKU012,8,2026-08-09 18:00:00,2026-08-09 14:00:00
O02914,ORD061S3,2026-08-09 10:00:00,S3,SKU013,5,2026-08-09 18:00:00,2026-08-09 14:00:00
O02915,ORD061S3,2026-08-09 10:00:00,S3,SKU015,3,2026-08-09 18:00:00,2026-08-09 14:00:00
O02916,ORD061S3,2026-08-09 10:00:00,S3,SKU016,8,2026-08-09 18:00:00,2026-08-09 14:00:00
O02917,ORD061S3,2026-08-09 10:00:00,S3,SKU020,3,2026-08-09 18:00:00,2026-08-09 14:00:00
O02918,ORD061S3,2026-08-09 10:00:00,S3,SKU024,3,2026-08-09 18:00:00,2026-08-09 14:00:00
O02919,ORD061S3,2026-08-09 10:00:00,S3,SKU028,3,2026-08-09 18:00:00,2026-08-09 14:00:00
O02920,ORD061S4,2026-08-09 10:00:00,S4,SKU002,5,2026-08-09 18:00:00,2026-08-09 14:00:00
O02921,ORD061S4,2026-08-09 10:00:00,S4,SKU003,4,2026-08-09 18:00:00,
O02922,ORD061S4,2026-08-09 10:00:00,S4,SKU005,7,2026-08-09 18:00:00,2026-08-09 14:00:00
O02923,ORD061S4,2026-08-09 10:00:00,S4,SKU011,4,2026-08-09 18:00:00,2026-08-09 14:00:00
O02924,ORD061S4,2026-08-09 10:00:00,S4,SKU018,9,2026-08-09 18:00:00,2026-08-09 14:00:00
O02925,ORD061S4,2026-08-09 10:00:00,S4,SKU026,2,2026-08-09 18:00:00,2026-08-09 14:00:00
O02926,ORD061S4,2026-08-09 10:00:00,S4,SKU027,7,2026-08-09 18:00:00,2026-08-09 14:00:00
O02927,ORD061S5,2026-08-09 10:00:00,S5,SKU003,1,2026-08-09 18:00:00,
O02928,ORD061S5,2026-08-09 10:00:00,S5,SKU004,2,2026-08-09 18:00:00,2026-08-09 14:00:00
O02929,ORD061S5,2026-08-09 10:00:00,S5,SKU005,2,2026-08-09 18:00:00,2026-08-09 14:00:00
O02930,ORD061S5,2026-08-09 10:00:00,S5,SKU006,5,2026-08-09 18:00:00,2026-08-09 14:00:00
O02931,ORD061S5,2026-08-09 10:00:00,S5,SKU007,4,2026-08-09 18:00:00,2026-08-09 14:00:00
O02932,ORD061S5,2026-08-09 10:00:00,S5,SKU014,1,2026-08-09 18:00:00,2026-08-09 14:00:00
O02933,ORD061S5,2026-08-09 10:00:00,S5,SKU015,2,2026-08-09 18:00:00,2026-08-09 14:00:00
O02934,ORD061S5,2026-08-09 10:00:00,S5,SKU025,6,2026-08-09 18:00:00,2026-08-09 14:00:00
O02935,ORD061S5,2026-08-09 10:00:00,S5,SKU028,1,2026-08-09 18:00:00,2026-08-09 14:00:00
O02936,ORD062S1,2026-08-10 10:00:00,S1,SKU001,3,2026-08-10 18:00:00,2026-08-10 14:00:00
O02937,ORD062S1,2026-08-10 10:00:00,S1,SKU002,1,2026-08-10 18:00:00,2026-08-10 14:00:00
O02938,ORD062S1,2026-08-10 10:00:00,S1,SKU003,3,2026-08-10 18:00:00,
O02939,ORD062S1,2026-08-10 10:00:00,S1,SKU004,4,2026-08-10 18:00:00,2026-08-10 14:00:00
O02940,ORD062S1,2026-08-10 10:00:00,S1,SKU006,2,2026-08-10 18:00:00,2026-08-10 14:00:00
O02941,ORD062S1,2026-08-10 10:00:00,S1,SKU011,3,2026-08-10 18:00:00,2026-08-10 14:00:00
O02942,ORD062S1,2026-08-10 10:00:00,S1,SKU022,2,2026-08-10 18:00:00,2026-08-10 14:00:00
O02943,ORD062S1,2026-08-10 10:00:00,S1,SKU025,2,2026-08-10 18:00:00,2026-08-10 14:00:00
O02944,ORD062S1,2026-08-10 10:00:00,S1,SKU026,3,2026-08-10 18:00:00,2026-08-10 14:00:00
O02945,ORD062S2,2026-08-10 10:00:00,S2,SKU001,3,2026-08-10 18:00:00,2026-08-10 14:00:00
O02946,ORD062S2,2026-08-10 10:00:00,S2,SKU002,3,2026-08-10 18:00:00,2026-08-10 14:00:00
O02947,ORD062S2,2026-08-10 10:00:00,S2,SKU005,4,2026-08-10 18:00:00,2026-08-10 14:00:00
O02948,ORD062S2,2026-08-10 10:00:00,S2,SKU006,2,2026-08-10 18:00:00,2026-08-10 14:00:00
O02949,ORD062S2,2026-08-10 10:00:00,S2,SKU011,5,2026-08-10 18:00:00,2026-08-10 14:00:00
O02950,ORD062S2,2026-08-10 10:00:00,S2,SKU018,3,2026-08-10 18:00:00,2026-08-10 14:00:00
O02951,ORD062S2,2026-08-10 10:00:00,S2,SKU025,1,2026-08-10 18:00:00,2026-08-10 14:00:00
O02952,ORD062S2,2026-08-10 10:00:00,S2,SKU028,5,2026-08-10 18:00:00,2026-08-10 14:00:00
O02953,ORD062S3,2026-08-10 10:00:00,S3,SKU001,5,2026-08-10 18:00:00,2026-08-10 14:00:00
O02954,ORD062S3,2026-08-10 10:00:00,S3,SKU004,6,2026-08-10 18:00:00,2026-08-10 14:00:00
O02955,ORD062S3,2026-08-10 10:00:00,S3,SKU006,2,2026-08-10 18:00:00,2026-08-10 14:00:00
O02956,ORD062S3,2026-08-10 10:00:00,S3,SKU011,2,2026-08-10 18:00:00,2026-08-10 14:00:00
O02957,ORD062S3,2026-08-10 10:00:00,S3,SKU012,1,2026-08-10 18:00:00,2026-08-10 14:00:00
O02958,ORD062S3,2026-08-10 10:00:00,S3,SKU014,4,2026-08-10 18:00:00,2026-08-10 14:00:00
O02959,ORD062S3,2026-08-10 10:00:00,S3,SKU016,2,2026-08-10 18:00:00,2026-08-10 14:00:00
O02960,ORD062S3,2026-08-10 10:00:00,S3,SKU017,6,2026-08-10 18:00:00,2026-08-10 14:00:00
O02961,ORD062S3,2026-08-10 10:00:00,S3,SKU018,2,2026-08-10 18:00:00,2026-08-10 14:00:00
O02962,ORD062S3,2026-08-10 10:00:00,S3,SKU027,1,2026-08-10 18:00:00,2026-08-10 14:00:00
O02963,ORD062S4,2026-08-10 10:00:00,S4,SKU001,6,2026-08-10 18:00:00,
O02964,ORD062S4,2026-08-10 10:00:00,S4,SKU002,4,2026-08-10 18:00:00,2026-08-10 14:00:00
O02965,ORD062S4,2026-08-10 10:00:00,S4,SKU003,3,2026-08-10 18:00:00,
O02966,ORD062S4,2026-08-10 10:00:00,S4,SKU004,1,2026-08-10 18:00:00,2026-08-10 14:00:00
O02967,ORD062S4,2026-08-10 10:00:00,S4,SKU006,7,2026-08-10 18:00:00,2026-08-10 14:00:00
O02968,ORD062S4,2026-08-10 10:00:00,S4,SKU015,4,2026-08-10 18:00:00,2026-08-10 14:00:00
O02969,ORD062S4,2026-08-10 10:00:00,S4,SKU022,1,2026-08-10 18:00:00,2026-08-10 14:00:00
O02970,ORD062S5,2026-08-10 10:00:00,S5,SKU002,3,2026-08-10 18:00:00,2026-08-10 14:00:00
O02971,ORD062S5,2026-08-10 10:00:00,S5,SKU003,4,2026-08-10 18:00:00,
O02972,ORD062S5,2026-08-10 10:00:00,S5,SKU006,3,2026-08-10 18:00:00,2026-08-10 14:00:00
O02973,ORD062S5,2026-08-10 10:00:00,S5,SKU009,4,2026-08-10 18:00:00,2026-08-10 14:00:00
O02974,ORD062S5,2026-08-10 10:00:00,S5,SKU011,2,2026-08-10 18:00:00,2026-08-10 14:00:00
O02975,ORD062S5,2026-08-10 10:00:00,S5,SKU012,4,2026-08-10 18:00:00,2026-08-10 14:00:00
O02976,ORD062S5,2026-08-10 10:00:00,S5,SKU014,2,2026-08-10 18:00:00,2026-08-10 14:00:00
O02977,ORD062S5,2026-08-10 10:00:00,S5,SKU015,2,2026-08-10 18:00:00,2026-08-10 14:00:00
O02978,ORD062S5,2026-08-10 10:00:00,S5,SKU017,1,2026-08-10 18:00:00,2026-08-10 14:00:00
O02979,ORD062S5,2026-08-10 10:00:00,S5,SKU021,4,2026-08-10 18:00:00,2026-08-10 14:00:00
O02980,ORD063S1,2026-08-11 10:00:00,S1,SKU002,3,2026-08-11 18:00:00,2026-08-11 14:00:00
O02981,ORD063S1,2026-08-11 10:00:00,S1,SKU004,1,2026-08-11 18:00:00,2026-08-11 14:00:00
O02982,ORD063S1,2026-08-11 10:00:00,S1,SKU013,3,2026-08-11 18:00:00,2026-08-11 14:00:00
O02983,ORD063S1,2026-08-11 10:00:00,S1,SKU015,2,2026-08-11 18:00:00,2026-08-11 14:00:00
O02984,ORD063S1,2026-08-11 10:00:00,S1,SKU018,4,2026-08-11 18:00:00,2026-08-11 14:00:00
O02985,ORD063S1,2026-08-11 10:00:00,S1,SKU021,4,2026-08-11 18:00:00,2026-08-11 14:00:00
O02986,ORD063S1,2026-08-11 10:00:00,S1,SKU022,3,2026-08-11 18:00:00,2026-08-11 14:00:00
O02987,ORD063S1,2026-08-11 10:00:00,S1,SKU024,1,2026-08-11 18:00:00,2026-08-11 14:00:00
O02988,ORD063S1,2026-08-11 10:00:00,S1,SKU025,3,2026-08-11 18:00:00,2026-08-11 14:00:00
O02989,ORD063S1,2026-08-11 10:00:00,S1,SKU026,2,2026-08-11 18:00:00,2026-08-11 14:00:00
O02990,ORD063S1,2026-08-11 10:00:00,S1,SKU027,3,2026-08-11 18:00:00,2026-08-11 14:00:00
O02991,ORD063S2,2026-08-11 10:00:00,S2,SKU002,2,2026-08-11 18:00:00,2026-08-11 14:00:00
O02992,ORD063S2,2026-08-11 10:00:00,S2,SKU003,1,2026-08-11 18:00:00,2026-08-11 14:00:00
O02993,ORD063S2,2026-08-11 10:00:00,S2,SKU004,1,2026-08-11 18:00:00,2026-08-11 14:00:00
O02994,ORD063S2,2026-08-11 10:00:00,S2,SKU006,2,2026-08-11 18:00:00,2026-08-11 14:00:00
O02995,ORD063S2,2026-08-11 10:00:00,S2,SKU023,1,2026-08-11 18:00:00,2026-08-11 14:00:00
O02996,ORD063S2,2026-08-11 10:00:00,S2,SKU025,3,2026-08-11 18:00:00,2026-08-11 14:00:00
O02997,ORD063S2,2026-08-11 10:00:00,S2,SKU026,5,2026-08-11 18:00:00,2026-08-11 14:00:00
O02998,ORD063S3,2026-08-11 10:00:00,S3,SKU002,5,2026-08-11 18:00:00,2026-08-11 14:00:00
O02999,ORD063S3,2026-08-11 10:00:00,S3,SKU003,4,2026-08-11 18:00:00,2026-08-11 14:00:00
O03000,ORD063S3,2026-08-11 10:00:00,S3,SKU004,6,2026-08-11 18:00:00,2026-08-11 14:00:00
O03001,ORD063S3,2026-08-11 10:00:00,S3,SKU006,2,2026-08-11 18:00:00,2026-08-11 14:00:00
O03002,ORD063S3,2026-08-11 10:00:00,S3,SKU012,2,2026-08-11 18:00:00,2026-08-11 14:00:00
O03003,ORD063S3,2026-08-11 10:00:00,S3,SKU014,2,2026-08-11 18:00:00,2026-08-11 14:00:00
O03004,ORD063S3,2026-08-11 10:00:00,S3,SKU016,6,2026-08-11 18:00:00,2026-08-11 14:00:00
O03005,ORD063S3,2026-08-11 10:00:00,S3,SKU018,6,2026-08-11 18:00:00,2026-08-11 14:00:00
O03006,ORD063S3,2026-08-11 10:00:00,S3,SKU020,2,2026-08-11 18:00:00,2026-08-11 14:00:00
O03007,ORD063S3,2026-08-11 10:00:00,S3,SKU023,4,2026-08-11 18:00:00,2026-08-11 14:00:00
O03008,ORD063S4,2026-08-11 10:00:00,S4,SKU002,1,2026-08-11 18:00:00,2026-08-11 14:00:00
O03009,ORD063S4,2026-08-11 10:00:00,S4,SKU003,3,2026-08-11 18:00:00,2026-08-11 14:00:00
O03010,ORD063S4,2026-08-11 10:00:00,S4,SKU004,4,2026-08-11 18:00:00,2026-08-11 14:00:00
O03011,ORD063S4,2026-08-11 10:00:00,S4,SKU005,3,2026-08-11 18:00:00,2026-08-11 14:00:00
O03012,ORD063S4,2026-08-11 10:00:00,S4,SKU006,7,2026-08-11 18:00:00,2026-08-11 14:00:00
O03013,ORD063S4,2026-08-11 10:00:00,S4,SKU009,7,2026-08-11 18:00:00,2026-08-11 14:00:00
O03014,ORD063S4,2026-08-11 10:00:00,S4,SKU020,7,2026-08-11 18:00:00,2026-08-11 14:00:00
O03015,ORD063S4,2026-08-11 10:00:00,S4,SKU022,7,2026-08-11 18:00:00,2026-08-11 14:00:00
O03016,ORD063S4,2026-08-11 10:00:00,S4,SKU023,7,2026-08-11 18:00:00,2026-08-11 14:00:00
O03017,ORD063S4,2026-08-11 10:00:00,S4,SKU026,6,2026-08-11 18:00:00,2026-08-11 14:00:00
O03018,ORD063S5,2026-08-11 10:00:00,S5,SKU002,4,2026-08-11 18:00:00,2026-08-11 14:00:00
O03019,ORD063S5,2026-08-11 10:00:00,S5,SKU004,4,2026-08-11 18:00:00,2026-08-11 14:00:00
O03020,ORD063S5,2026-08-11 10:00:00,S5,SKU005,4,2026-08-11 18:00:00,2026-08-11 14:00:00
O03021,ORD063S5,2026-08-11 10:00:00,S5,SKU006,1,2026-08-11 18:00:00,2026-08-11 14:00:00
O03022,ORD063S5,2026-08-11 10:00:00,S5,SKU008,4,2026-08-11 18:00:00,2026-08-11 14:00:00
O03023,ORD063S5,2026-08-11 10:00:00,S5,SKU009,2,2026-08-11 18:00:00,2026-08-11 14:00:00
O03024,ORD063S5,2026-08-11 10:00:00,S5,SKU020,3,2026-08-11 18:00:00,2026-08-11 14:00:00
O03025,ORD063S5,2026-08-11 10:00:00,S5,SKU022,2,2026-08-11 18:00:00,2026-08-11 14:00:00
O03026,ORD063S5,2026-08-11 10:00:00,S5,SKU023,2,2026-08-11 18:00:00,2026-08-11 14:00:00
O03027,ORD063S5,2026-08-11 10:00:00,S5,SKU028,2,2026-08-11 18:00:00,2026-08-11 14:00:00
O03028,ORD064S1,2026-08-12 10:00:00,S1,SKU002,2,2026-08-12 18:00:00,2026-08-12 14:00:00
O03029,ORD064S1,2026-08-12 10:00:00,S1,SKU003,3,2026-08-12 18:00:00,2026-08-12 14:00:00
O03030,ORD064S1,2026-08-12 10:00:00,S1,SKU004,3,2026-08-12 18:00:00,2026-08-12 14:00:00
O03031,ORD064S1,2026-08-12 10:00:00,S1,SKU005,2,2026-08-12 18:00:00,2026-08-12 14:00:00
O03032,ORD064S1,2026-08-12 10:00:00,S1,SKU011,2,2026-08-12 18:00:00,2026-08-12 14:00:00
O03033,ORD064S1,2026-08-12 10:00:00,S1,SKU012,2,2026-08-12 18:00:00,2026-08-12 14:00:00
O03034,ORD064S1,2026-08-12 10:00:00,S1,SKU019,2,2026-08-12 18:00:00,2026-08-12 14:00:00
O03035,ORD064S1,2026-08-12 10:00:00,S1,SKU021,1,2026-08-12 18:00:00,2026-08-12 14:00:00
O03036,ORD064S1,2026-08-12 10:00:00,S1,SKU026,4,2026-08-12 18:00:00,2026-08-12 14:00:00
O03037,ORD064S2,2026-08-12 10:00:00,S2,SKU001,2,2026-08-12 18:00:00,2026-08-12 14:00:00
O03038,ORD064S2,2026-08-12 10:00:00,S2,SKU002,2,2026-08-12 18:00:00,2026-08-12 14:00:00
O03039,ORD064S2,2026-08-12 10:00:00,S2,SKU003,1,2026-08-12 18:00:00,2026-08-12 14:00:00
O03040,ORD064S2,2026-08-12 10:00:00,S2,SKU004,4,2026-08-12 18:00:00,2026-08-12 14:00:00
O03041,ORD064S2,2026-08-12 10:00:00,S2,SKU006,4,2026-08-12 18:00:00,2026-08-12 14:00:00
O03042,ORD064S2,2026-08-12 10:00:00,S2,SKU008,1,2026-08-12 18:00:00,2026-08-12 14:00:00
O03043,ORD064S2,2026-08-12 10:00:00,S2,SKU020,4,2026-08-12 18:00:00,2026-08-12 14:00:00
O03044,ORD064S2,2026-08-12 10:00:00,S2,SKU022,5,2026-08-12 18:00:00,2026-08-12 14:00:00
O03045,ORD064S2,2026-08-12 10:00:00,S2,SKU025,3,2026-08-12 18:00:00,2026-08-12 14:00:00
O03046,ORD064S3,2026-08-12 10:00:00,S3,SKU001,6,2026-08-12 18:00:00,2026-08-12 14:00:00
O03047,ORD064S3,2026-08-12 10:00:00,S3,SKU003,6,2026-08-12 18:00:00,2026-08-12 14:00:00
O03048,ORD064S3,2026-08-12 10:00:00,S3,SKU004,2,2026-08-12 18:00:00,2026-08-12 14:00:00
O03049,ORD064S3,2026-08-12 10:00:00,S3,SKU005,6,2026-08-12 18:00:00,2026-08-12 14:00:00
O03050,ORD064S3,2026-08-12 10:00:00,S3,SKU007,1,2026-08-12 18:00:00,2026-08-12 14:00:00
O03051,ORD064S3,2026-08-12 10:00:00,S3,SKU013,6,2026-08-12 18:00:00,2026-08-12 14:00:00
O03052,ORD064S3,2026-08-12 10:00:00,S3,SKU018,5,2026-08-12 18:00:00,2026-08-12 14:00:00
O03053,ORD064S3,2026-08-12 10:00:00,S3,SKU021,5,2026-08-12 18:00:00,2026-08-12 14:00:00
O03054,ORD064S3,2026-08-12 10:00:00,S3,SKU022,2,2026-08-12 18:00:00,2026-08-12 14:00:00
O03055,ORD064S3,2026-08-12 10:00:00,S3,SKU025,2,2026-08-12 18:00:00,2026-08-12 14:00:00
O03056,ORD064S4,2026-08-12 10:00:00,S4,SKU002,3,2026-08-12 18:00:00,2026-08-12 14:00:00
O03057,ORD064S4,2026-08-12 10:00:00,S4,SKU003,3,2026-08-12 18:00:00,2026-08-12 14:00:00
O03058,ORD064S4,2026-08-12 10:00:00,S4,SKU004,4,2026-08-12 18:00:00,2026-08-12 14:00:00
O03059,ORD064S4,2026-08-12 10:00:00,S4,SKU005,4,2026-08-12 18:00:00,2026-08-12 14:00:00
O03060,ORD064S4,2026-08-12 10:00:00,S4,SKU007,1,2026-08-12 18:00:00,2026-08-12 14:00:00
O03061,ORD064S4,2026-08-12 10:00:00,S4,SKU008,1,2026-08-12 18:00:00,2026-08-12 14:00:00
O03062,ORD064S4,2026-08-12 10:00:00,S4,SKU022,7,2026-08-12 18:00:00,2026-08-12 14:00:00
O03063,ORD064S4,2026-08-12 10:00:00,S4,SKU027,6,2026-08-12 18:00:00,2026-08-12 14:00:00
O03064,ORD064S5,2026-08-12 10:00:00,S5,SKU001,1,2026-08-12 18:00:00,2026-08-12 14:00:00
O03065,ORD064S5,2026-08-12 10:00:00,S5,SKU002,1,2026-08-12 18:00:00,2026-08-12 14:00:00
O03066,ORD064S5,2026-08-12 10:00:00,S5,SKU003,3,2026-08-12 18:00:00,2026-08-12 14:00:00
O03067,ORD064S5,2026-08-12 10:00:00,S5,SKU005,4,2026-08-12 18:00:00,2026-08-12 14:00:00
O03068,ORD064S5,2026-08-12 10:00:00,S5,SKU006,3,2026-08-12 18:00:00,2026-08-12 14:00:00
O03069,ORD064S5,2026-08-12 10:00:00,S5,SKU012,4,2026-08-12 18:00:00,2026-08-12 14:00:00
O03070,ORD064S5,2026-08-12 10:00:00,S5,SKU013,4,2026-08-12 18:00:00,2026-08-12 14:00:00
O03071,ORD064S5,2026-08-12 10:00:00,S5,SKU014,3,2026-08-12 18:00:00,2026-08-12 14:00:00
O03072,ORD064S5,2026-08-12 10:00:00,S5,SKU018,1,2026-08-12 18:00:00,2026-08-12 14:00:00
O03073,ORD064S5,2026-08-12 10:00:00,S5,SKU023,3,2026-08-12 18:00:00,2026-08-12 14:00:00
O03074,ORD065S1,2026-08-13 10:00:00,S1,SKU002,4,2026-08-13 18:00:00,2026-08-13 14:00:00
O03075,ORD065S1,2026-08-13 10:00:00,S1,SKU004,3,2026-08-13 18:00:00,2026-08-13 14:00:00
O03076,ORD065S1,2026-08-13 10:00:00,S1,SKU006,2,2026-08-13 18:00:00,2026-08-13 14:00:00
O03077,ORD065S1,2026-08-13 10:00:00,S1,SKU015,4,2026-08-13 18:00:00,2026-08-13 14:00:00
O03078,ORD065S1,2026-08-13 10:00:00,S1,SKU017,4,2026-08-13 18:00:00,2026-08-13 14:00:00
O03079,ORD065S1,2026-08-13 10:00:00,S1,SKU019,1,2026-08-13 18:00:00,2026-08-13 14:00:00
O03080,ORD065S1,2026-08-13 10:00:00,S1,SKU021,3,2026-08-13 18:00:00,2026-08-13 14:00:00
O03081,ORD065S1,2026-08-13 10:00:00,S1,SKU024,1,2026-08-13 18:00:00,2026-08-13 14:00:00
O03082,ORD065S1,2026-08-13 10:00:00,S1,SKU025,3,2026-08-13 18:00:00,2026-08-13 14:00:00
O03083,ORD065S1,2026-08-13 10:00:00,S1,SKU026,2,2026-08-13 18:00:00,2026-08-13 14:00:00
O03084,ORD065S2,2026-08-13 10:00:00,S2,SKU003,1,2026-08-13 18:00:00,2026-08-13 14:00:00
O03085,ORD065S2,2026-08-13 10:00:00,S2,SKU007,3,2026-08-13 18:00:00,2026-08-13 14:00:00
O03086,ORD065S2,2026-08-13 10:00:00,S2,SKU009,5,2026-08-13 18:00:00,2026-08-13 14:00:00
O03087,ORD065S2,2026-08-13 10:00:00,S2,SKU014,4,2026-08-13 18:00:00,2026-08-13 14:00:00
O03088,ORD065S2,2026-08-13 10:00:00,S2,SKU020,2,2026-08-13 18:00:00,2026-08-13 14:00:00
O03089,ORD065S2,2026-08-13 10:00:00,S2,SKU027,2,2026-08-13 18:00:00,2026-08-13 14:00:00
O03090,ORD065S3,2026-08-13 10:00:00,S3,SKU002,2,2026-08-13 18:00:00,2026-08-13 14:00:00
O03091,ORD065S3,2026-08-13 10:00:00,S3,SKU004,1,2026-08-13 18:00:00,2026-08-13 14:00:00
O03092,ORD065S3,2026-08-13 10:00:00,S3,SKU005,2,2026-08-13 18:00:00,2026-08-13 14:00:00
O03093,ORD065S3,2026-08-13 10:00:00,S3,SKU006,2,2026-08-13 18:00:00,2026-08-13 14:00:00
O03094,ORD065S3,2026-08-13 10:00:00,S3,SKU012,1,2026-08-13 18:00:00,2026-08-13 14:00:00
O03095,ORD065S3,2026-08-13 10:00:00,S3,SKU013,5,2026-08-13 18:00:00,2026-08-13 14:00:00
O03096,ORD065S3,2026-08-13 10:00:00,S3,SKU019,2,2026-08-13 18:00:00,2026-08-13 14:00:00
O03097,ORD065S3,2026-08-13 10:00:00,S3,SKU021,5,2026-08-13 18:00:00,2026-08-13 14:00:00
O03098,ORD065S3,2026-08-13 10:00:00,S3,SKU023,1,2026-08-13 18:00:00,2026-08-13 14:00:00
O03099,ORD065S3,2026-08-13 10:00:00,S3,SKU024,4,2026-08-13 18:00:00,2026-08-13 14:00:00
O03100,ORD065S3,2026-08-13 10:00:00,S3,SKU028,1,2026-08-13 18:00:00,2026-08-13 14:00:00
O03101,ORD065S4,2026-08-13 10:00:00,S4,SKU002,3,2026-08-13 18:00:00,2026-08-13 14:00:00
O03102,ORD065S4,2026-08-13 10:00:00,S4,SKU004,4,2026-08-13 18:00:00,2026-08-13 14:00:00
O03103,ORD065S4,2026-08-13 10:00:00,S4,SKU005,3,2026-08-13 18:00:00,2026-08-13 14:00:00
O03104,ORD065S4,2026-08-13 10:00:00,S4,SKU006,4,2026-08-13 18:00:00,2026-08-13 14:00:00
O03105,ORD065S4,2026-08-13 10:00:00,S4,SKU009,6,2026-08-13 18:00:00,2026-08-13 14:00:00
O03106,ORD065S4,2026-08-13 10:00:00,S4,SKU015,4,2026-08-13 18:00:00,2026-08-13 14:00:00
O03107,ORD065S4,2026-08-13 10:00:00,S4,SKU017,1,2026-08-13 18:00:00,2026-08-13 14:00:00
O03108,ORD065S4,2026-08-13 10:00:00,S4,SKU018,1,2026-08-13 18:00:00,2026-08-13 14:00:00
O03109,ORD065S4,2026-08-13 10:00:00,S4,SKU025,4,2026-08-13 18:00:00,2026-08-13 14:00:00
O03110,ORD065S4,2026-08-13 10:00:00,S4,SKU027,6,2026-08-13 18:00:00,2026-08-13 14:00:00
O03111,ORD065S5,2026-08-13 10:00:00,S5,SKU001,1,2026-08-13 18:00:00,2026-08-13 14:00:00
O03112,ORD065S5,2026-08-13 10:00:00,S5,SKU004,1,2026-08-13 18:00:00,2026-08-13 14:00:00
O03113,ORD065S5,2026-08-13 10:00:00,S5,SKU006,2,2026-08-13 18:00:00,2026-08-13 14:00:00
O03114,ORD065S5,2026-08-13 10:00:00,S5,SKU013,4,2026-08-13 18:00:00,2026-08-13 14:00:00
O03115,ORD065S5,2026-08-13 10:00:00,S5,SKU020,2,2026-08-13 18:00:00,2026-08-13 14:00:00
O03116,ORD065S5,2026-08-13 10:00:00,S5,SKU023,2,2026-08-13 18:00:00,2026-08-13 14:00:00
O03117,ORD065S5,2026-08-13 10:00:00,S5,SKU025,2,2026-08-13 18:00:00,2026-08-13 14:00:00
O03118,ORD065S5,2026-08-13 10:00:00,S5,SKU026,4,2026-08-13 18:00:00,2026-08-13 14:00:00
O03119,ORD065S5,2026-08-13 10:00:00,S5,SKU028,4,2026-08-13 18:00:00,2026-08-13 14:00:00
O03120,ORD066S1,2026-08-14 10:00:00,S1,SKU001,3,2026-08-14 18:00:00,2026-08-14 14:00:00
O03121,ORD066S1,2026-08-14 10:00:00,S1,SKU002,2,2026-08-14 18:00:00,2026-08-14 14:00:00
O03122,ORD066S1,2026-08-14 10:00:00,S1,SKU003,3,2026-08-14 18:00:00,2026-08-14 14:00:00
O03123,ORD066S1,2026-08-14 10:00:00,S1,SKU004,2,2026-08-14 18:00:00,2026-08-14 14:00:00
O03124,ORD066S1,2026-08-14 10:00:00,S1,SKU007,4,2026-08-14 18:00:00,2026-08-14 14:00:00
O03125,ORD066S1,2026-08-14 10:00:00,S1,SKU018,3,2026-08-14 18:00:00,2026-08-14 14:00:00
O03126,ORD066S1,2026-08-14 10:00:00,S1,SKU022,2,2026-08-14 18:00:00,2026-08-14 14:00:00
O03127,ORD066S1,2026-08-14 10:00:00,S1,SKU023,2,2026-08-14 18:00:00,2026-08-14 14:00:00
O03128,ORD066S1,2026-08-14 10:00:00,S1,SKU026,3,2026-08-14 18:00:00,2026-08-14 14:00:00
O03129,ORD066S1,2026-08-14 10:00:00,S1,SKU027,1,2026-08-14 18:00:00,2026-08-14 14:00:00
O03130,ORD066S2,2026-08-14 10:00:00,S2,SKU001,4,2026-08-14 18:00:00,2026-08-14 14:00:00
O03131,ORD066S2,2026-08-14 10:00:00,S2,SKU002,1,2026-08-14 18:00:00,2026-08-14 14:00:00
O03132,ORD066S2,2026-08-14 10:00:00,S2,SKU003,4,2026-08-14 18:00:00,2026-08-14 14:00:00
O03133,ORD066S2,2026-08-14 10:00:00,S2,SKU014,4,2026-08-14 18:00:00,2026-08-14 14:00:00
O03134,ORD066S2,2026-08-14 10:00:00,S2,SKU016,2,2026-08-14 18:00:00,2026-08-14 14:00:00
O03135,ORD066S2,2026-08-14 10:00:00,S2,SKU021,2,2026-08-14 18:00:00,2026-08-14 14:00:00
O03136,ORD066S2,2026-08-14 10:00:00,S2,SKU027,5,2026-08-14 18:00:00,2026-08-14 14:00:00
O03137,ORD066S3,2026-08-14 10:00:00,S3,SKU002,2,2026-08-14 18:00:00,2026-08-14 14:00:00
O03138,ORD066S3,2026-08-14 10:00:00,S3,SKU003,2,2026-08-14 18:00:00,2026-08-14 14:00:00
O03139,ORD066S3,2026-08-14 10:00:00,S3,SKU005,4,2026-08-14 18:00:00,2026-08-14 14:00:00
O03140,ORD066S3,2026-08-14 10:00:00,S3,SKU006,4,2026-08-14 18:00:00,2026-08-14 14:00:00
O03141,ORD066S3,2026-08-14 10:00:00,S3,SKU009,2,2026-08-14 18:00:00,2026-08-14 14:00:00
O03142,ORD066S3,2026-08-14 10:00:00,S3,SKU013,1,2026-08-14 18:00:00,2026-08-14 14:00:00
O03143,ORD066S3,2026-08-14 10:00:00,S3,SKU015,4,2026-08-14 18:00:00,2026-08-14 14:00:00
O03144,ORD066S3,2026-08-14 10:00:00,S3,SKU019,6,2026-08-14 18:00:00,2026-08-14 14:00:00
O03145,ORD066S3,2026-08-14 10:00:00,S3,SKU022,4,2026-08-14 18:00:00,2026-08-14 14:00:00
O03146,ORD066S3,2026-08-14 10:00:00,S3,SKU023,5,2026-08-14 18:00:00,2026-08-14 14:00:00
O03147,ORD066S3,2026-08-14 10:00:00,S3,SKU026,4,2026-08-14 18:00:00,2026-08-14 14:00:00
O03148,ORD066S4,2026-08-14 10:00:00,S4,SKU001,1,2026-08-14 18:00:00,2026-08-14 14:00:00
O03149,ORD066S4,2026-08-14 10:00:00,S4,SKU004,7,2026-08-14 18:00:00,2026-08-14 14:00:00
O03150,ORD066S4,2026-08-14 10:00:00,S4,SKU005,3,2026-08-14 18:00:00,2026-08-14 14:00:00
O03151,ORD066S4,2026-08-14 10:00:00,S4,SKU011,6,2026-08-14 18:00:00,2026-08-14 14:00:00
O03152,ORD066S4,2026-08-14 10:00:00,S4,SKU012,7,2026-08-14 18:00:00,2026-08-14 14:00:00
O03153,ORD066S4,2026-08-14 10:00:00,S4,SKU013,3,2026-08-14 18:00:00,2026-08-14 14:00:00
O03154,ORD066S4,2026-08-14 10:00:00,S4,SKU025,6,2026-08-14 18:00:00,2026-08-14 14:00:00
O03155,ORD066S5,2026-08-14 10:00:00,S5,SKU001,1,2026-08-14 18:00:00,2026-08-14 14:00:00
O03156,ORD066S5,2026-08-14 10:00:00,S5,SKU004,2,2026-08-14 18:00:00,2026-08-14 14:00:00
O03157,ORD066S5,2026-08-14 10:00:00,S5,SKU005,2,2026-08-14 18:00:00,2026-08-14 14:00:00
O03158,ORD066S5,2026-08-14 10:00:00,S5,SKU015,1,2026-08-14 18:00:00,2026-08-14 14:00:00
O03159,ORD066S5,2026-08-14 10:00:00,S5,SKU017,4,2026-08-14 18:00:00,2026-08-14 14:00:00
O03160,ORD066S5,2026-08-14 10:00:00,S5,SKU019,4,2026-08-14 18:00:00,2026-08-14 14:00:00
O03161,ORD066S5,2026-08-14 10:00:00,S5,SKU022,4,2026-08-14 18:00:00,2026-08-14 14:00:00
O03162,ORD066S5,2026-08-14 10:00:00,S5,SKU023,4,2026-08-14 18:00:00,2026-08-14 14:00:00
O03163,ORD066S5,2026-08-14 10:00:00,S5,SKU025,1,2026-08-14 18:00:00,2026-08-14 14:00:00
O03164,ORD067S1,2026-08-15 10:00:00,S1,SKU003,5,2026-08-15 18:00:00,2026-08-15 14:00:00
O03165,ORD067S1,2026-08-15 10:00:00,S1,SKU004,5,2026-08-15 18:00:00,2026-08-15 14:00:00
O03166,ORD067S1,2026-08-15 10:00:00,S1,SKU005,4,2026-08-15 18:00:00,2026-08-15 14:00:00
O03167,ORD067S1,2026-08-15 10:00:00,S1,SKU007,1,2026-08-15 18:00:00,2026-08-15 14:00:00
O03168,ORD067S1,2026-08-15 10:00:00,S1,SKU009,3,2026-08-15 18:00:00,2026-08-15 14:00:00
O03169,ORD067S1,2026-08-15 10:00:00,S1,SKU012,1,2026-08-15 18:00:00,2026-08-15 14:00:00
O03170,ORD067S2,2026-08-15 10:00:00,S2,SKU001,4,2026-08-15 18:00:00,2026-08-15 14:00:00
O03171,ORD067S2,2026-08-15 10:00:00,S2,SKU002,3,2026-08-15 18:00:00,2026-08-15 14:00:00
O03172,ORD067S2,2026-08-15 10:00:00,S2,SKU004,5,2026-08-15 18:00:00,2026-08-15 14:00:00
O03173,ORD067S2,2026-08-15 10:00:00,S2,SKU005,3,2026-08-15 18:00:00,2026-08-15 14:00:00
O03174,ORD067S2,2026-08-15 10:00:00,S2,SKU006,6,2026-08-15 18:00:00,2026-08-15 14:00:00
O03175,ORD067S2,2026-08-15 10:00:00,S2,SKU011,6,2026-08-15 18:00:00,2026-08-15 14:00:00
O03176,ORD067S2,2026-08-15 10:00:00,S2,SKU022,1,2026-08-15 18:00:00,2026-08-15 14:00:00
O03177,ORD067S2,2026-08-15 10:00:00,S2,SKU025,3,2026-08-15 18:00:00,2026-08-15 14:00:00
O03178,ORD067S3,2026-08-15 10:00:00,S3,SKU001,6,2026-08-15 18:00:00,2026-08-15 14:00:00
O03179,ORD067S3,2026-08-15 10:00:00,S3,SKU007,2,2026-08-15 18:00:00,2026-08-15 14:00:00
O03180,ORD067S3,2026-08-15 10:00:00,S3,SKU009,8,2026-08-15 18:00:00,2026-08-15 14:00:00
O03181,ORD067S3,2026-08-15 10:00:00,S3,SKU011,8,2026-08-15 18:00:00,2026-08-15 14:00:00
O03182,ORD067S3,2026-08-15 10:00:00,S3,SKU013,5,2026-08-15 18:00:00,2026-08-15 14:00:00
O03183,ORD067S3,2026-08-15 10:00:00,S3,SKU019,2,2026-08-15 18:00:00,2026-08-15 14:00:00
O03184,ORD067S4,2026-08-15 10:00:00,S4,SKU003,2,2026-08-15 18:00:00,2026-08-15 14:00:00
O03185,ORD067S4,2026-08-15 10:00:00,S4,SKU004,5,2026-08-15 18:00:00,2026-08-15 14:00:00
O03186,ORD067S4,2026-08-15 10:00:00,S4,SKU006,9,2026-08-15 18:00:00,2026-08-15 14:00:00
O03187,ORD067S4,2026-08-15 10:00:00,S4,SKU007,9,2026-08-15 18:00:00,2026-08-15 14:00:00
O03188,ORD067S4,2026-08-15 10:00:00,S4,SKU012,5,2026-08-15 18:00:00,2026-08-15 14:00:00
O03189,ORD067S4,2026-08-15 10:00:00,S4,SKU013,4,2026-08-15 18:00:00,2026-08-15 14:00:00
O03190,ORD067S4,2026-08-15 10:00:00,S4,SKU019,4,2026-08-15 18:00:00,2026-08-15 14:00:00
O03191,ORD067S4,2026-08-15 10:00:00,S4,SKU021,5,2026-08-15 18:00:00,2026-08-15 14:00:00
O03192,ORD067S4,2026-08-15 10:00:00,S4,SKU023,7,2026-08-15 18:00:00,2026-08-15 14:00:00
O03193,ORD067S4,2026-08-15 10:00:00,S4,SKU028,7,2026-08-15 18:00:00,2026-08-15 14:00:00
O03194,ORD067S5,2026-08-15 10:00:00,S5,SKU002,6,2026-08-15 18:00:00,2026-08-15 14:00:00
O03195,ORD067S5,2026-08-15 10:00:00,S5,SKU003,2,2026-08-15 18:00:00,2026-08-15 14:00:00
O03196,ORD067S5,2026-08-15 10:00:00,S5,SKU004,1,2026-08-15 18:00:00,2026-08-15 14:00:00
O03197,ORD067S5,2026-08-15 10:00:00,S5,SKU005,5,2026-08-15 18:00:00,2026-08-15 14:00:00
O03198,ORD067S5,2026-08-15 10:00:00,S5,SKU006,1,2026-08-15 18:00:00,2026-08-15 14:00:00
O03199,ORD067S5,2026-08-15 10:00:00,S5,SKU007,5,2026-08-15 18:00:00,2026-08-15 14:00:00
O03200,ORD067S5,2026-08-15 10:00:00,S5,SKU015,4,2026-08-15 18:00:00,2026-08-15 14:00:00
O03201,ORD067S5,2026-08-15 10:00:00,S5,SKU017,1,2026-08-15 18:00:00,2026-08-15 14:00:00
O03202,ORD067S5,2026-08-15 10:00:00,S5,SKU021,1,2026-08-15 18:00:00,2026-08-15 14:00:00
O03203,ORD067S5,2026-08-15 10:00:00,S5,SKU026,2,2026-08-15 18:00:00,2026-08-15 14:00:00
O03204,ORD068S1,2026-08-16 10:00:00,S1,SKU001,1,2026-08-16 18:00:00,2026-08-16 14:00:00
O03205,ORD068S1,2026-08-16 10:00:00,S1,SKU002,3,2026-08-16 18:00:00,2026-08-16 14:00:00
O03206,ORD068S1,2026-08-16 10:00:00,S1,SKU003,4,2026-08-16 18:00:00,2026-08-16 14:00:00
O03207,ORD068S1,2026-08-16 10:00:00,S1,SKU005,4,2026-08-16 18:00:00,2026-08-16 14:00:00
O03208,ORD068S1,2026-08-16 10:00:00,S1,SKU006,5,2026-08-16 18:00:00,2026-08-16 14:00:00
O03209,ORD068S1,2026-08-16 10:00:00,S1,SKU007,5,2026-08-16 18:00:00,2026-08-16 14:00:00
O03210,ORD068S1,2026-08-16 10:00:00,S1,SKU008,3,2026-08-16 18:00:00,2026-08-16 14:00:00
O03211,ORD068S1,2026-08-16 10:00:00,S1,SKU013,5,2026-08-16 18:00:00,2026-08-16 14:00:00
O03212,ORD068S1,2026-08-16 10:00:00,S1,SKU019,5,2026-08-16 18:00:00,2026-08-16 14:00:00
O03213,ORD068S1,2026-08-16 10:00:00,S1,SKU024,2,2026-08-16 18:00:00,2026-08-16 14:00:00
O03214,ORD068S2,2026-08-16 10:00:00,S2,SKU001,5,2026-08-16 18:00:00,2026-08-16 14:00:00
O03215,ORD068S2,2026-08-16 10:00:00,S2,SKU003,6,2026-08-16 18:00:00,2026-08-16 14:00:00
O03216,ORD068S2,2026-08-16 10:00:00,S2,SKU004,5,2026-08-16 18:00:00,2026-08-16 14:00:00
O03217,ORD068S2,2026-08-16 10:00:00,S2,SKU006,4,2026-08-16 18:00:00,2026-08-16 14:00:00
O03218,ORD068S2,2026-08-16 10:00:00,S2,SKU012,4,2026-08-16 18:00:00,2026-08-16 14:00:00
O03219,ORD068S2,2026-08-16 10:00:00,S2,SKU015,3,2026-08-16 18:00:00,2026-08-16 14:00:00
O03220,ORD068S2,2026-08-16 10:00:00,S2,SKU022,3,2026-08-16 18:00:00,2026-08-16 14:00:00
O03221,ORD068S3,2026-08-16 10:00:00,S3,SKU001,8,2026-08-16 18:00:00,2026-08-16 14:00:00
O03222,ORD068S3,2026-08-16 10:00:00,S3,SKU002,5,2026-08-16 18:00:00,2026-08-16 14:00:00
O03223,ORD068S3,2026-08-16 10:00:00,S3,SKU007,2,2026-08-16 18:00:00,2026-08-16 14:00:00
O03224,ORD068S3,2026-08-16 10:00:00,S3,SKU008,3,2026-08-16 18:00:00,2026-08-16 14:00:00
O03225,ORD068S3,2026-08-16 10:00:00,S3,SKU013,6,2026-08-16 18:00:00,2026-08-16 14:00:00
O03226,ORD068S3,2026-08-16 10:00:00,S3,SKU017,2,2026-08-16 18:00:00,2026-08-16 14:00:00
O03227,ORD068S3,2026-08-16 10:00:00,S3,SKU019,3,2026-08-16 18:00:00,2026-08-16 14:00:00
O03228,ORD068S3,2026-08-16 10:00:00,S3,SKU023,3,2026-08-16 18:00:00,2026-08-16 14:00:00
O03229,ORD068S3,2026-08-16 10:00:00,S3,SKU027,6,2026-08-16 18:00:00,2026-08-16 14:00:00
O03230,ORD068S4,2026-08-16 10:00:00,S4,SKU002,4,2026-08-16 18:00:00,2026-08-16 14:00:00
O03231,ORD068S4,2026-08-16 10:00:00,S4,SKU003,9,2026-08-16 18:00:00,2026-08-16 14:00:00
O03232,ORD068S4,2026-08-16 10:00:00,S4,SKU006,9,2026-08-16 18:00:00,2026-08-16 14:00:00
O03233,ORD068S4,2026-08-16 10:00:00,S4,SKU008,2,2026-08-16 18:00:00,2026-08-16 14:00:00
O03234,ORD068S4,2026-08-16 10:00:00,S4,SKU009,2,2026-08-16 18:00:00,2026-08-16 14:00:00
O03235,ORD068S4,2026-08-16 10:00:00,S4,SKU015,4,2026-08-16 18:00:00,2026-08-16 14:00:00
O03236,ORD068S4,2026-08-16 10:00:00,S4,SKU016,7,2026-08-16 18:00:00,2026-08-16 14:00:00
O03237,ORD068S4,2026-08-16 10:00:00,S4,SKU021,5,2026-08-16 18:00:00,2026-08-16 14:00:00
O03238,ORD068S4,2026-08-16 10:00:00,S4,SKU022,9,2026-08-16 18:00:00,2026-08-16 14:00:00
O03239,ORD068S4,2026-08-16 10:00:00,S4,SKU023,4,2026-08-16 18:00:00,2026-08-16 14:00:00
O03240,ORD068S5,2026-08-16 10:00:00,S5,SKU001,6,2026-08-16 18:00:00,2026-08-16 14:00:00
O03241,ORD068S5,2026-08-16 10:00:00,S5,SKU004,2,2026-08-16 18:00:00,2026-08-16 14:00:00
O03242,ORD068S5,2026-08-16 10:00:00,S5,SKU005,6,2026-08-16 18:00:00,2026-08-16 14:00:00
O03243,ORD068S5,2026-08-16 10:00:00,S5,SKU011,4,2026-08-16 18:00:00,2026-08-16 14:00:00
O03244,ORD068S5,2026-08-16 10:00:00,S5,SKU014,6,2026-08-16 18:00:00,2026-08-16 14:00:00
O03245,ORD068S5,2026-08-16 10:00:00,S5,SKU017,1,2026-08-16 18:00:00,2026-08-16 14:00:00
O03246,ORD068S5,2026-08-16 10:00:00,S5,SKU026,5,2026-08-16 18:00:00,2026-08-16 14:00:00
O03247,ORD068S5,2026-08-16 10:00:00,S5,SKU028,5,2026-08-16 18:00:00,2026-08-16 14:00:00
O03248,ORD069S1,2026-08-17 10:00:00,S1,SKU002,2,2026-08-17 18:00:00,2026-08-17 14:00:00
O03249,ORD069S1,2026-08-17 10:00:00,S1,SKU004,2,2026-08-17 18:00:00,2026-08-17 14:00:00
O03250,ORD069S1,2026-08-17 10:00:00,S1,SKU005,4,2026-08-17 18:00:00,2026-08-17 14:00:00
O03251,ORD069S1,2026-08-17 10:00:00,S1,SKU014,3,2026-08-17 18:00:00,2026-08-17 14:00:00
O03252,ORD069S1,2026-08-17 10:00:00,S1,SKU019,2,2026-08-17 18:00:00,2026-08-17 14:00:00
O03253,ORD069S1,2026-08-17 10:00:00,S1,SKU022,4,2026-08-17 18:00:00,2026-08-17 14:00:00
O03254,ORD069S1,2026-08-17 10:00:00,S1,SKU026,3,2026-08-17 18:00:00,2026-08-17 14:00:00
O03255,ORD069S1,2026-08-17 10:00:00,S1,SKU027,4,2026-08-17 18:00:00,2026-08-17 14:00:00
O03256,ORD069S1,2026-08-17 10:00:00,S1,SKU028,2,2026-08-17 18:00:00,2026-08-17 14:00:00
O03257,ORD069S2,2026-08-17 10:00:00,S2,SKU003,2,2026-08-17 18:00:00,2026-08-17 14:00:00
O03258,ORD069S2,2026-08-17 10:00:00,S2,SKU004,5,2026-08-17 18:00:00,2026-08-17 14:00:00
O03259,ORD069S2,2026-08-17 10:00:00,S2,SKU005,3,2026-08-17 18:00:00,2026-08-17 14:00:00
O03260,ORD069S2,2026-08-17 10:00:00,S2,SKU007,5,2026-08-17 18:00:00,2026-08-17 14:00:00
O03261,ORD069S2,2026-08-17 10:00:00,S2,SKU009,4,2026-08-17 18:00:00,2026-08-17 14:00:00
O03262,ORD069S2,2026-08-17 10:00:00,S2,SKU012,5,2026-08-17 18:00:00,2026-08-17 14:00:00
O03263,ORD069S2,2026-08-17 10:00:00,S2,SKU015,4,2026-08-17 18:00:00,2026-08-17 14:00:00
O03264,ORD069S2,2026-08-17 10:00:00,S2,SKU017,3,2026-08-17 18:00:00,2026-08-17 14:00:00
O03265,ORD069S2,2026-08-17 10:00:00,S2,SKU021,1,2026-08-17 18:00:00,2026-08-17 14:00:00
O03266,ORD069S2,2026-08-17 10:00:00,S2,SKU022,3,2026-08-17 18:00:00,2026-08-17 14:00:00
O03267,ORD069S2,2026-08-17 10:00:00,S2,SKU023,4,2026-08-17 18:00:00,2026-08-17 14:00:00
O03268,ORD069S2,2026-08-17 10:00:00,S2,SKU025,5,2026-08-17 18:00:00,2026-08-17 14:00:00
O03269,ORD069S3,2026-08-17 10:00:00,S3,SKU001,2,2026-08-17 18:00:00,2026-08-17 14:00:00
O03270,ORD069S3,2026-08-17 10:00:00,S3,SKU002,2,2026-08-17 18:00:00,2026-08-17 14:00:00
O03271,ORD069S3,2026-08-17 10:00:00,S3,SKU003,5,2026-08-17 18:00:00,2026-08-17 14:00:00
O03272,ORD069S3,2026-08-17 10:00:00,S3,SKU004,4,2026-08-17 18:00:00,2026-08-17 14:00:00
O03273,ORD069S3,2026-08-17 10:00:00,S3,SKU005,1,2026-08-17 18:00:00,2026-08-17 14:00:00
O03274,ORD069S3,2026-08-17 10:00:00,S3,SKU006,1,2026-08-17 18:00:00,2026-08-17 14:00:00
O03275,ORD069S3,2026-08-17 10:00:00,S3,SKU009,1,2026-08-17 18:00:00,2026-08-17 14:00:00
O03276,ORD069S3,2026-08-17 10:00:00,S3,SKU017,2,2026-08-17 18:00:00,2026-08-17 14:00:00
O03277,ORD069S3,2026-08-17 10:00:00,S3,SKU018,5,2026-08-17 18:00:00,2026-08-17 14:00:00
O03278,ORD069S3,2026-08-17 10:00:00,S3,SKU019,2,2026-08-17 18:00:00,2026-08-17 14:00:00
O03279,ORD069S3,2026-08-17 10:00:00,S3,SKU028,1,2026-08-17 18:00:00,2026-08-17 14:00:00
O03280,ORD069S4,2026-08-17 10:00:00,S4,SKU001,4,2026-08-17 18:00:00,2026-08-17 14:00:00
O03281,ORD069S4,2026-08-17 10:00:00,S4,SKU002,3,2026-08-17 18:00:00,2026-08-17 14:00:00
O03282,ORD069S4,2026-08-17 10:00:00,S4,SKU003,6,2026-08-17 18:00:00,2026-08-17 14:00:00
O03283,ORD069S4,2026-08-17 10:00:00,S4,SKU004,1,2026-08-17 18:00:00,2026-08-17 14:00:00
O03284,ORD069S4,2026-08-17 10:00:00,S4,SKU006,1,2026-08-17 18:00:00,2026-08-17 14:00:00
O03285,ORD069S4,2026-08-17 10:00:00,S4,SKU023,7,2026-08-17 18:00:00,2026-08-17 14:00:00
O03286,ORD069S4,2026-08-17 10:00:00,S4,SKU026,6,2026-08-17 18:00:00,2026-08-17 14:00:00
O03287,ORD069S4,2026-08-17 10:00:00,S4,SKU027,7,2026-08-17 18:00:00,2026-08-17 14:00:00
O03288,ORD069S5,2026-08-17 10:00:00,S5,SKU001,3,2026-08-17 18:00:00,2026-08-17 14:00:00
O03289,ORD069S5,2026-08-17 10:00:00,S5,SKU002,3,2026-08-17 18:00:00,2026-08-17 14:00:00
O03290,ORD069S5,2026-08-17 10:00:00,S5,SKU003,4,2026-08-17 18:00:00,2026-08-17 14:00:00
O03291,ORD069S5,2026-08-17 10:00:00,S5,SKU004,4,2026-08-17 18:00:00,2026-08-17 14:00:00
O03292,ORD069S5,2026-08-17 10:00:00,S5,SKU005,3,2026-08-17 18:00:00,2026-08-17 14:00:00
O03293,ORD069S5,2026-08-17 10:00:00,S5,SKU006,1,2026-08-17 18:00:00,2026-08-17 14:00:00
O03294,ORD069S5,2026-08-17 10:00:00,S5,SKU007,4,2026-08-17 18:00:00,2026-08-17 14:00:00
O03295,ORD069S5,2026-08-17 10:00:00,S5,SKU009,4,2026-08-17 18:00:00,2026-08-17 14:00:00
O03296,ORD069S5,2026-08-17 10:00:00,S5,SKU011,4,2026-08-17 18:00:00,2026-08-17 14:00:00
O03297,ORD069S5,2026-08-17 10:00:00,S5,SKU012,4,2026-08-17 18:00:00,2026-08-17 14:00:00
O03298,ORD069S5,2026-08-17 10:00:00,S5,SKU017,4,2026-08-17 18:00:00,2026-08-17 14:00:00
O03299,ORD069S5,2026-08-17 10:00:00,S5,SKU019,4,2026-08-17 18:00:00,2026-08-17 14:00:00
O03300,ORD069S5,2026-08-17 10:00:00,S5,SKU023,4,2026-08-17 18:00:00,2026-08-17 14:00:00
O03301,ORD070S1,2026-08-18 10:00:00,S1,SKU001,4,2026-08-18 18:00:00,2026-08-18 14:00:00
O03302,ORD070S1,2026-08-18 10:00:00,S1,SKU005,2,2026-08-18 18:00:00,2026-08-18 14:00:00
O03303,ORD070S1,2026-08-18 10:00:00,S1,SKU006,2,2026-08-18 18:00:00,2026-08-18 14:00:00
O03304,ORD070S1,2026-08-18 10:00:00,S1,SKU008,3,2026-08-18 18:00:00,2026-08-18 14:00:00
O03305,ORD070S1,2026-08-18 10:00:00,S1,SKU014,2,2026-08-18 18:00:00,2026-08-18 14:00:00
O03306,ORD070S1,2026-08-18 10:00:00,S1,SKU024,1,2026-08-18 18:00:00,2026-08-18 14:00:00
O03307,ORD070S1,2026-08-18 10:00:00,S1,SKU025,2,2026-08-18 18:00:00,2026-08-18 14:00:00
O03308,ORD070S1,2026-08-18 10:00:00,S1,SKU026,4,2026-08-18 18:00:00,2026-08-18 14:00:00
O03309,ORD070S1,2026-08-18 10:00:00,S1,SKU027,1,2026-08-18 18:00:00,2026-08-18 14:00:00
O03310,ORD070S1,2026-08-18 10:00:00,S1,SKU028,2,2026-08-18 18:00:00,2026-08-18 14:00:00
O03311,ORD070S2,2026-08-18 10:00:00,S2,SKU001,2,2026-08-18 18:00:00,2026-08-18 14:00:00
O03312,ORD070S2,2026-08-18 10:00:00,S2,SKU003,4,2026-08-18 18:00:00,2026-08-18 14:00:00
O03313,ORD070S2,2026-08-18 10:00:00,S2,SKU006,5,2026-08-18 18:00:00,2026-08-18 14:00:00
O03314,ORD070S2,2026-08-18 10:00:00,S2,SKU020,2,2026-08-18 18:00:00,2026-08-18 14:00:00
O03315,ORD070S2,2026-08-18 10:00:00,S2,SKU024,5,2026-08-18 18:00:00,2026-08-18 14:00:00
O03316,ORD070S2,2026-08-18 10:00:00,S2,SKU027,1,2026-08-18 18:00:00,2026-08-18 14:00:00
O03317,ORD070S2,2026-08-18 10:00:00,S2,SKU028,2,2026-08-18 18:00:00,2026-08-18 14:00:00
O03318,ORD070S3,2026-08-18 10:00:00,S3,SKU002,6,2026-08-18 18:00:00,2026-08-18 14:00:00
O03319,ORD070S3,2026-08-18 10:00:00,S3,SKU003,1,2026-08-18 18:00:00,2026-08-18 14:00:00
O03320,ORD070S3,2026-08-18 10:00:00,S3,SKU004,1,2026-08-18 18:00:00,2026-08-18 14:00:00
O03321,ORD070S3,2026-08-18 10:00:00,S3,SKU005,5,2026-08-18 18:00:00,2026-08-18 14:00:00
O03322,ORD070S3,2026-08-18 10:00:00,S3,SKU009,2,2026-08-18 18:00:00,2026-08-18 14:00:00
O03323,ORD070S3,2026-08-18 10:00:00,S3,SKU011,2,2026-08-18 18:00:00,2026-08-18 14:00:00
O03324,ORD070S3,2026-08-18 10:00:00,S3,SKU013,6,2026-08-18 18:00:00,2026-08-18 14:00:00
O03325,ORD070S3,2026-08-18 10:00:00,S3,SKU019,4,2026-08-18 18:00:00,2026-08-18 14:00:00
O03326,ORD070S3,2026-08-18 10:00:00,S3,SKU027,6,2026-08-18 18:00:00,2026-08-18 14:00:00
O03327,ORD070S4,2026-08-18 10:00:00,S4,SKU001,7,2026-08-18 18:00:00,2026-08-18 14:00:00
O03328,ORD070S4,2026-08-18 10:00:00,S4,SKU002,1,2026-08-18 18:00:00,2026-08-18 14:00:00
O03329,ORD070S4,2026-08-18 10:00:00,S4,SKU005,6,2026-08-18 18:00:00,2026-08-18 14:00:00
O03330,ORD070S4,2026-08-18 10:00:00,S4,SKU007,4,2026-08-18 18:00:00,2026-08-18 14:00:00
O03331,ORD070S4,2026-08-18 10:00:00,S4,SKU009,1,2026-08-18 18:00:00,2026-08-18 14:00:00
O03332,ORD070S4,2026-08-18 10:00:00,S4,SKU022,4,2026-08-18 18:00:00,2026-08-18 14:00:00
O03333,ORD070S4,2026-08-18 10:00:00,S4,SKU025,3,2026-08-18 18:00:00,2026-08-18 14:00:00
O03334,ORD070S4,2026-08-18 10:00:00,S4,SKU026,3,2026-08-18 18:00:00,2026-08-18 14:00:00
O03335,ORD070S4,2026-08-18 10:00:00,S4,SKU027,4,2026-08-18 18:00:00,2026-08-18 14:00:00
O03336,ORD070S5,2026-08-18 10:00:00,S5,SKU001,4,2026-08-18 18:00:00,2026-08-18 14:00:00
O03337,ORD070S5,2026-08-18 10:00:00,S5,SKU002,1,2026-08-18 18:00:00,2026-08-18 14:00:00
O03338,ORD070S5,2026-08-18 10:00:00,S5,SKU003,3,2026-08-18 18:00:00,2026-08-18 14:00:00
O03339,ORD070S5,2026-08-18 10:00:00,S5,SKU004,4,2026-08-18 18:00:00,2026-08-18 14:00:00
O03340,ORD070S5,2026-08-18 10:00:00,S5,SKU005,4,2026-08-18 18:00:00,2026-08-18 14:00:00
O03341,ORD070S5,2026-08-18 10:00:00,S5,SKU009,3,2026-08-18 18:00:00,2026-08-18 14:00:00
O03342,ORD070S5,2026-08-18 10:00:00,S5,SKU013,4,2026-08-18 18:00:00,2026-08-18 14:00:00
O03343,ORD070S5,2026-08-18 10:00:00,S5,SKU018,1,2026-08-18 18:00:00,2026-08-18 14:00:00
O03344,ORD070S5,2026-08-18 10:00:00,S5,SKU026,1,2026-08-18 18:00:00,2026-08-18 14:00:00
O03345,ORD070S5,2026-08-18 10:00:00,S5,SKU028,1,2026-08-18 18:00:00,2026-08-18 14:00:00
O03346,ORD071S1,2026-08-19 10:00:00,S1,SKU002,1,2026-08-19 18:00:00,2026-08-19 14:00:00
O03347,ORD071S1,2026-08-19 10:00:00,S1,SKU003,2,2026-08-19 18:00:00,2026-08-19 14:00:00
O03348,ORD071S1,2026-08-19 10:00:00,S1,SKU006,2,2026-08-19 18:00:00,2026-08-19 14:00:00
O03349,ORD071S1,2026-08-19 10:00:00,S1,SKU009,2,2026-08-19 18:00:00,2026-08-19 14:00:00
O03350,ORD071S1,2026-08-19 10:00:00,S1,SKU017,2,2026-08-19 18:00:00,2026-08-19 14:00:00
O03351,ORD071S1,2026-08-19 10:00:00,S1,SKU021,2,2026-08-19 18:00:00,2026-08-19 14:00:00
O03352,ORD071S1,2026-08-19 10:00:00,S1,SKU022,2,2026-08-19 18:00:00,2026-08-19 14:00:00
O03353,ORD071S1,2026-08-19 10:00:00,S1,SKU025,4,2026-08-19 18:00:00,2026-08-19 14:00:00
O03354,ORD071S2,2026-08-19 10:00:00,S2,SKU002,4,2026-08-19 18:00:00,2026-08-19 14:00:00
O03355,ORD071S2,2026-08-19 10:00:00,S2,SKU003,5,2026-08-19 18:00:00,2026-08-19 14:00:00
O03356,ORD071S2,2026-08-19 10:00:00,S2,SKU004,1,2026-08-19 18:00:00,2026-08-19 14:00:00
O03357,ORD071S2,2026-08-19 10:00:00,S2,SKU008,1,2026-08-19 18:00:00,2026-08-19 14:00:00
O03358,ORD071S2,2026-08-19 10:00:00,S2,SKU009,2,2026-08-19 18:00:00,2026-08-19 14:00:00
O03359,ORD071S2,2026-08-19 10:00:00,S2,SKU011,3,2026-08-19 18:00:00,2026-08-19 14:00:00
O03360,ORD071S2,2026-08-19 10:00:00,S2,SKU012,1,2026-08-19 18:00:00,2026-08-19 14:00:00
O03361,ORD071S2,2026-08-19 10:00:00,S2,SKU015,4,2026-08-19 18:00:00,2026-08-19 14:00:00
O03362,ORD071S2,2026-08-19 10:00:00,S2,SKU017,2,2026-08-19 18:00:00,2026-08-19 14:00:00
O03363,ORD071S2,2026-08-19 10:00:00,S2,SKU018,3,2026-08-19 18:00:00,2026-08-19 14:00:00
O03364,ORD071S2,2026-08-19 10:00:00,S2,SKU020,3,2026-08-19 18:00:00,2026-08-19 14:00:00
O03365,ORD071S2,2026-08-19 10:00:00,S2,SKU026,1,2026-08-19 18:00:00,2026-08-19 14:00:00
O03366,ORD071S3,2026-08-19 10:00:00,S3,SKU004,6,2026-08-19 18:00:00,2026-08-19 14:00:00
O03367,ORD071S3,2026-08-19 10:00:00,S3,SKU005,1,2026-08-19 18:00:00,2026-08-19 14:00:00
O03368,ORD071S3,2026-08-19 10:00:00,S3,SKU006,1,2026-08-19 18:00:00,2026-08-19 14:00:00
O03369,ORD071S3,2026-08-19 10:00:00,S3,SKU009,4,2026-08-19 18:00:00,2026-08-19 14:00:00
O03370,ORD071S3,2026-08-19 10:00:00,S3,SKU016,6,2026-08-19 18:00:00,2026-08-19 14:00:00
O03371,ORD071S3,2026-08-19 10:00:00,S3,SKU017,6,2026-08-19 18:00:00,2026-08-19 14:00:00
O03372,ORD071S3,2026-08-19 10:00:00,S3,SKU019,2,2026-08-19 18:00:00,2026-08-19 14:00:00
O03373,ORD071S3,2026-08-19 10:00:00,S3,SKU021,2,2026-08-19 18:00:00,2026-08-19 14:00:00
O03374,ORD071S3,2026-08-19 10:00:00,S3,SKU025,4,2026-08-19 18:00:00,2026-08-19 14:00:00
O03375,ORD071S4,2026-08-19 10:00:00,S4,SKU001,7,2026-08-19 18:00:00,2026-08-19 14:00:00
O03376,ORD071S4,2026-08-19 10:00:00,S4,SKU003,1,2026-08-19 18:00:00,2026-08-19 14:00:00
O03377,ORD071S4,2026-08-19 10:00:00,S4,SKU004,3,2026-08-19 18:00:00,2026-08-19 14:00:00
O03378,ORD071S4,2026-08-19 10:00:00,S4,SKU014,1,2026-08-19 18:00:00,2026-08-19 14:00:00
O03379,ORD071S4,2026-08-19 10:00:00,S4,SKU019,6,2026-08-19 18:00:00,2026-08-19 14:00:00
O03380,ORD071S4,2026-08-19 10:00:00,S4,SKU021,6,2026-08-19 18:00:00,2026-08-19 14:00:00
O03381,ORD071S4,2026-08-19 10:00:00,S4,SKU023,3,2026-08-19 18:00:00,2026-08-19 14:00:00
O03382,ORD071S4,2026-08-19 10:00:00,S4,SKU027,4,2026-08-19 18:00:00,2026-08-19 14:00:00
O03383,ORD071S5,2026-08-19 10:00:00,S5,SKU001,1,2026-08-19 18:00:00,2026-08-19 14:00:00
O03384,ORD071S5,2026-08-19 10:00:00,S5,SKU003,2,2026-08-19 18:00:00,2026-08-19 14:00:00
O03385,ORD071S5,2026-08-19 10:00:00,S5,SKU004,1,2026-08-19 18:00:00,2026-08-19 14:00:00
O03386,ORD071S5,2026-08-19 10:00:00,S5,SKU005,1,2026-08-19 18:00:00,2026-08-19 14:00:00
O03387,ORD071S5,2026-08-19 10:00:00,S5,SKU006,1,2026-08-19 18:00:00,2026-08-19 14:00:00
O03388,ORD071S5,2026-08-19 10:00:00,S5,SKU008,4,2026-08-19 18:00:00,2026-08-19 14:00:00
O03389,ORD071S5,2026-08-19 10:00:00,S5,SKU018,2,2026-08-19 18:00:00,2026-08-19 14:00:00
O03390,ORD071S5,2026-08-19 10:00:00,S5,SKU019,4,2026-08-19 18:00:00,2026-08-19 14:00:00
O03391,ORD071S5,2026-08-19 10:00:00,S5,SKU023,1,2026-08-19 18:00:00,2026-08-19 14:00:00
O03392,ORD071S5,2026-08-19 10:00:00,S5,SKU026,2,2026-08-19 18:00:00,2026-08-19 14:00:00
O03393,ORD071S5,2026-08-19 10:00:00,S5,SKU028,1,2026-08-19 18:00:00,2026-08-19 14:00:00
O03394,ORD072S1,2026-08-20 10:00:00,S1,SKU001,1,2026-08-20 18:00:00,2026-08-20 14:00:00
O03395,ORD072S1,2026-08-20 10:00:00,S1,SKU002,2,2026-08-20 18:00:00,2026-08-20 14:00:00
O03396,ORD072S1,2026-08-20 10:00:00,S1,SKU003,1,2026-08-20 18:00:00,2026-08-20 14:00:00
O03397,ORD072S1,2026-08-20 10:00:00,S1,SKU005,2,2026-08-20 18:00:00,2026-08-20 14:00:00
O03398,ORD072S1,2026-08-20 10:00:00,S1,SKU006,4,2026-08-20 18:00:00,2026-08-20 14:00:00
O03399,ORD072S1,2026-08-20 10:00:00,S1,SKU014,2,2026-08-20 18:00:00,2026-08-20 14:00:00
O03400,ORD072S1,2026-08-20 10:00:00,S1,SKU016,2,2026-08-20 18:00:00,2026-08-20 14:00:00
O03401,ORD072S1,2026-08-20 10:00:00,S1,SKU018,2,2026-08-20 18:00:00,2026-08-20 14:00:00
O03402,ORD072S1,2026-08-20 10:00:00,S1,SKU021,2,2026-08-20 18:00:00,2026-08-20 14:00:00
O03403,ORD072S1,2026-08-20 10:00:00,S1,SKU025,1,2026-08-20 18:00:00,2026-08-20 14:00:00
O03404,ORD072S1,2026-08-20 10:00:00,S1,SKU027,4,2026-08-20 18:00:00,2026-08-20 14:00:00
O03405,ORD072S1,2026-08-20 10:00:00,S1,SKU028,4,2026-08-20 18:00:00,2026-08-20 14:00:00
O03406,ORD072S2,2026-08-20 10:00:00,S2,SKU001,2,2026-08-20 18:00:00,2026-08-20 14:00:00
O03407,ORD072S2,2026-08-20 10:00:00,S2,SKU002,5,2026-08-20 18:00:00,2026-08-20 14:00:00
O03408,ORD072S2,2026-08-20 10:00:00,S2,SKU005,2,2026-08-20 18:00:00,2026-08-20 14:00:00
O03409,ORD072S2,2026-08-20 10:00:00,S2,SKU006,5,2026-08-20 18:00:00,2026-08-20 14:00:00
O03410,ORD072S2,2026-08-20 10:00:00,S2,SKU014,5,2026-08-20 18:00:00,2026-08-20 14:00:00
O03411,ORD072S2,2026-08-20 10:00:00,S2,SKU016,1,2026-08-20 18:00:00,2026-08-20 14:00:00
O03412,ORD072S2,2026-08-20 10:00:00,S2,SKU019,3,2026-08-20 18:00:00,2026-08-20 14:00:00
O03413,ORD072S2,2026-08-20 10:00:00,S2,SKU023,4,2026-08-20 18:00:00,2026-08-20 14:00:00
O03414,ORD072S2,2026-08-20 10:00:00,S2,SKU026,1,2026-08-20 18:00:00,2026-08-20 14:00:00
O03415,ORD072S2,2026-08-20 10:00:00,S2,SKU027,4,2026-08-20 18:00:00,2026-08-20 14:00:00
O03416,ORD072S2,2026-08-20 10:00:00,S2,SKU028,3,2026-08-20 18:00:00,2026-08-20 14:00:00
O03417,ORD072S3,2026-08-20 10:00:00,S3,SKU002,6,2026-08-20 18:00:00,2026-08-20 14:00:00
O03418,ORD072S3,2026-08-20 10:00:00,S3,SKU003,2,2026-08-20 18:00:00,2026-08-20 14:00:00
O03419,ORD072S3,2026-08-20 10:00:00,S3,SKU005,5,2026-08-20 18:00:00,2026-08-20 14:00:00
O03420,ORD072S3,2026-08-20 10:00:00,S3,SKU008,5,2026-08-20 18:00:00,2026-08-20 14:00:00
O03421,ORD072S3,2026-08-20 10:00:00,S3,SKU012,6,2026-08-20 18:00:00,2026-08-20 14:00:00
O03422,ORD072S3,2026-08-20 10:00:00,S3,SKU013,5,2026-08-20 18:00:00,2026-08-20 14:00:00
O03423,ORD072S3,2026-08-20 10:00:00,S3,SKU014,5,2026-08-20 18:00:00,2026-08-20 14:00:00
O03424,ORD072S3,2026-08-20 10:00:00,S3,SKU022,2,2026-08-20 18:00:00,2026-08-20 14:00:00
O03425,ORD072S3,2026-08-20 10:00:00,S3,SKU023,2,2026-08-20 18:00:00,2026-08-20 14:00:00
O03426,ORD072S4,2026-08-20 10:00:00,S4,SKU002,4,2026-08-20 18:00:00,2026-08-20 14:00:00
O03427,ORD072S4,2026-08-20 10:00:00,S4,SKU011,4,2026-08-20 18:00:00,2026-08-20 14:00:00
O03428,ORD072S4,2026-08-20 10:00:00,S4,SKU015,6,2026-08-20 18:00:00,2026-08-20 14:00:00
O03429,ORD072S4,2026-08-20 10:00:00,S4,SKU021,6,2026-08-20 18:00:00,2026-08-20 14:00:00
O03430,ORD072S5,2026-08-20 10:00:00,S5,SKU001,2,2026-08-20 18:00:00,2026-08-20 14:00:00
O03431,ORD072S5,2026-08-20 10:00:00,S5,SKU003,1,2026-08-20 18:00:00,2026-08-20 14:00:00
O03432,ORD072S5,2026-08-20 10:00:00,S5,SKU004,4,2026-08-20 18:00:00,2026-08-20 14:00:00
O03433,ORD072S5,2026-08-20 10:00:00,S5,SKU005,4,2026-08-20 18:00:00,2026-08-20 14:00:00
O03434,ORD072S5,2026-08-20 10:00:00,S5,SKU009,3,2026-08-20 18:00:00,2026-08-20 14:00:00
O03435,ORD072S5,2026-08-20 10:00:00,S5,SKU011,4,2026-08-20 18:00:00,2026-08-20 14:00:00
O03436,ORD072S5,2026-08-20 10:00:00,S5,SKU016,3,2026-08-20 18:00:00,2026-08-20 14:00:00
O03437,ORD072S5,2026-08-20 10:00:00,S5,SKU017,3,2026-08-20 18:00:00,2026-08-20 14:00:00
O03438,ORD072S5,2026-08-20 10:00:00,S5,SKU024,1,2026-08-20 18:00:00,2026-08-20 14:00:00
O03439,ORD072S5,2026-08-20 10:00:00,S5,SKU025,4,2026-08-20 18:00:00,2026-08-20 14:00:00
O03440,ORD072S5,2026-08-20 10:00:00,S5,SKU026,3,2026-08-20 18:00:00,2026-08-20 14:00:00
O03441,ORD072S5,2026-08-20 10:00:00,S5,SKU028,1,2026-08-20 18:00:00,2026-08-20 14:00:00
O03442,ORD073S1,2026-08-21 10:00:00,S1,SKU001,4,2026-08-21 18:00:00,2026-08-21 14:00:00
O03443,ORD073S1,2026-08-21 10:00:00,S1,SKU003,1,2026-08-21 18:00:00,2026-08-21 14:00:00
O03444,ORD073S1,2026-08-21 10:00:00,S1,SKU005,2,2026-08-21 18:00:00,2026-08-21 14:00:00
O03445,ORD073S1,2026-08-21 10:00:00,S1,SKU006,2,2026-08-21 18:00:00,2026-08-21 14:00:00
O03446,ORD073S1,2026-08-21 10:00:00,S1,SKU014,4,2026-08-21 18:00:00,2026-08-21 14:00:00
O03447,ORD073S1,2026-08-21 10:00:00,S1,SKU016,1,2026-08-21 18:00:00,2026-08-21 14:00:00
O03448,ORD073S1,2026-08-21 10:00:00,S1,SKU017,1,2026-08-21 18:00:00,2026-08-21 14:00:00
O03449,ORD073S1,2026-08-21 10:00:00,S1,SKU022,3,2026-08-21 18:00:00,2026-08-21 14:00:00
O03450,ORD073S1,2026-08-21 10:00:00,S1,SKU024,2,2026-08-21 18:00:00,2026-08-21 14:00:00
O03451,ORD073S2,2026-08-21 10:00:00,S2,SKU002,4,2026-08-21 18:00:00,2026-08-21 14:00:00
O03452,ORD073S2,2026-08-21 10:00:00,S2,SKU003,4,2026-08-21 18:00:00,2026-08-21 14:00:00
O03453,ORD073S2,2026-08-21 10:00:00,S2,SKU004,3,2026-08-21 18:00:00,2026-08-21 14:00:00
O03454,ORD073S2,2026-08-21 10:00:00,S2,SKU005,5,2026-08-21 18:00:00,2026-08-21 14:00:00
O03455,ORD073S2,2026-08-21 10:00:00,S2,SKU009,1,2026-08-21 18:00:00,2026-08-21 14:00:00
O03456,ORD073S3,2026-08-21 10:00:00,S3,SKU001,5,2026-08-21 18:00:00,2026-08-21 14:00:00
O03457,ORD073S3,2026-08-21 10:00:00,S3,SKU003,2,2026-08-21 18:00:00,2026-08-21 14:00:00
O03458,ORD073S3,2026-08-21 10:00:00,S3,SKU004,1,2026-08-21 18:00:00,2026-08-21 14:00:00
O03459,ORD073S3,2026-08-21 10:00:00,S3,SKU005,5,2026-08-21 18:00:00,2026-08-21 14:00:00
O03460,ORD073S3,2026-08-21 10:00:00,S3,SKU006,4,2026-08-21 18:00:00,2026-08-21 14:00:00
O03461,ORD073S3,2026-08-21 10:00:00,S3,SKU007,6,2026-08-21 18:00:00,2026-08-21 14:00:00
O03462,ORD073S3,2026-08-21 10:00:00,S3,SKU008,4,2026-08-21 18:00:00,2026-08-21 14:00:00
O03463,ORD073S3,2026-08-21 10:00:00,S3,SKU015,2,2026-08-21 18:00:00,2026-08-21 14:00:00
O03464,ORD073S3,2026-08-21 10:00:00,S3,SKU018,6,2026-08-21 18:00:00,2026-08-21 14:00:00
O03465,ORD073S4,2026-08-21 10:00:00,S4,SKU004,7,2026-08-21 18:00:00,2026-08-21 14:00:00
O03466,ORD073S4,2026-08-21 10:00:00,S4,SKU006,6,2026-08-21 18:00:00,2026-08-21 14:00:00
O03467,ORD073S4,2026-08-21 10:00:00,S4,SKU009,4,2026-08-21 18:00:00,2026-08-21 14:00:00
O03468,ORD073S4,2026-08-21 10:00:00,S4,SKU018,3,2026-08-21 18:00:00,2026-08-21 14:00:00
O03469,ORD073S4,2026-08-21 10:00:00,S4,SKU026,1,2026-08-21 18:00:00,2026-08-21 14:00:00
O03470,ORD073S4,2026-08-21 10:00:00,S4,SKU028,1,2026-08-21 18:00:00,2026-08-21 14:00:00
O03471,ORD073S5,2026-08-21 10:00:00,S5,SKU002,2,2026-08-21 18:00:00,2026-08-21 14:00:00
O03472,ORD073S5,2026-08-21 10:00:00,S5,SKU004,4,2026-08-21 18:00:00,2026-08-21 14:00:00
O03473,ORD073S5,2026-08-21 10:00:00,S5,SKU005,4,2026-08-21 18:00:00,2026-08-21 14:00:00
O03474,ORD073S5,2026-08-21 10:00:00,S5,SKU008,2,2026-08-21 18:00:00,2026-08-21 14:00:00
O03475,ORD073S5,2026-08-21 10:00:00,S5,SKU013,4,2026-08-21 18:00:00,2026-08-21 14:00:00
O03476,ORD073S5,2026-08-21 10:00:00,S5,SKU016,3,2026-08-21 18:00:00,2026-08-21 14:00:00
O03477,ORD073S5,2026-08-21 10:00:00,S5,SKU017,4,2026-08-21 18:00:00,2026-08-21 14:00:00
O03478,ORD073S5,2026-08-21 10:00:00,S5,SKU018,4,2026-08-21 18:00:00,2026-08-21 14:00:00
O03479,ORD073S5,2026-08-21 10:00:00,S5,SKU021,4,2026-08-21 18:00:00,2026-08-21 14:00:00
O03480,ORD073S5,2026-08-21 10:00:00,S5,SKU026,2,2026-08-21 18:00:00,2026-08-21 14:00:00
O03481,ORD073S5,2026-08-21 10:00:00,S5,SKU027,1,2026-08-21 18:00:00,2026-08-21 14:00:00
O03482,ORD074S1,2026-08-22 10:00:00,S1,SKU002,3,2026-08-22 18:00:00,2026-08-22 14:00:00
O03483,ORD074S1,2026-08-22 10:00:00,S1,SKU004,4,2026-08-22 18:00:00,2026-08-22 14:00:00
O03484,ORD074S1,2026-08-22 10:00:00,S1,SKU005,2,2026-08-22 18:00:00,2026-08-22 14:00:00
O03485,ORD074S1,2026-08-22 10:00:00,S1,SKU006,5,2026-08-22 18:00:00,2026-08-22 14:00:00
O03486,ORD074S1,2026-08-22 10:00:00,S1,SKU014,1,2026-08-22 18:00:00,2026-08-22 14:00:00
O03487,ORD074S1,2026-08-22 10:00:00,S1,SKU022,1,2026-08-22 18:00:00,2026-08-22 14:00:00
O03488,ORD074S1,2026-08-22 10:00:00,S1,SKU023,1,2026-08-22 18:00:00,2026-08-22 14:00:00
O03489,ORD074S1,2026-08-22 10:00:00,S1,SKU026,5,2026-08-22 18:00:00,2026-08-22 14:00:00
O03490,ORD074S2,2026-08-22 10:00:00,S2,SKU003,5,2026-08-22 18:00:00,2026-08-22 14:00:00
O03491,ORD074S2,2026-08-22 10:00:00,S2,SKU005,6,2026-08-22 18:00:00,2026-08-22 14:00:00
O03492,ORD074S2,2026-08-22 10:00:00,S2,SKU009,5,2026-08-22 18:00:00,2026-08-22 14:00:00
O03493,ORD074S2,2026-08-22 10:00:00,S2,SKU012,3,2026-08-22 18:00:00,2026-08-22 14:00:00
O03494,ORD074S2,2026-08-22 10:00:00,S2,SKU016,5,2026-08-22 18:00:00,2026-08-22 14:00:00
O03495,ORD074S2,2026-08-22 10:00:00,S2,SKU018,6,2026-08-22 18:00:00,2026-08-22 14:00:00
O03496,ORD074S2,2026-08-22 10:00:00,S2,SKU022,5,2026-08-22 18:00:00,2026-08-22 14:00:00
O03497,ORD074S2,2026-08-22 10:00:00,S2,SKU024,3,2026-08-22 18:00:00,2026-08-22 14:00:00
O03498,ORD074S2,2026-08-22 10:00:00,S2,SKU027,1,2026-08-22 18:00:00,2026-08-22 14:00:00
O03499,ORD074S3,2026-08-22 10:00:00,S3,SKU001,8,2026-08-22 18:00:00,2026-08-22 14:00:00
O03500,ORD074S3,2026-08-22 10:00:00,S3,SKU002,8,2026-08-22 18:00:00,2026-08-22 14:00:00
O03501,ORD074S3,2026-08-22 10:00:00,S3,SKU003,8,2026-08-22 18:00:00,2026-08-22 14:00:00
O03502,ORD074S3,2026-08-22 10:00:00,S3,SKU004,3,2026-08-22 18:00:00,2026-08-22 14:00:00
O03503,ORD074S3,2026-08-22 10:00:00,S3,SKU006,3,2026-08-22 18:00:00,2026-08-22 14:00:00
O03504,ORD074S3,2026-08-22 10:00:00,S3,SKU007,3,2026-08-22 18:00:00,2026-08-22 14:00:00
O03505,ORD074S3,2026-08-22 10:00:00,S3,SKU013,8,2026-08-22 18:00:00,2026-08-22 14:00:00
O03506,ORD074S3,2026-08-22 10:00:00,S3,SKU014,8,2026-08-22 18:00:00,2026-08-22 14:00:00
O03507,ORD074S3,2026-08-22 10:00:00,S3,SKU018,5,2026-08-22 18:00:00,2026-08-22 14:00:00
O03508,ORD074S3,2026-08-22 10:00:00,S3,SKU020,3,2026-08-22 18:00:00,2026-08-22 14:00:00
O03509,ORD074S3,2026-08-22 10:00:00,S3,SKU022,6,2026-08-22 18:00:00,2026-08-22 14:00:00
O03510,ORD074S3,2026-08-22 10:00:00,S3,SKU023,6,2026-08-22 18:00:00,2026-08-22 14:00:00
O03511,ORD074S3,2026-08-22 10:00:00,S3,SKU026,5,2026-08-22 18:00:00,2026-08-22 14:00:00
O03512,ORD074S3,2026-08-22 10:00:00,S3,SKU028,8,2026-08-22 18:00:00,2026-08-22 14:00:00
O03513,ORD074S4,2026-08-22 10:00:00,S4,SKU001,4,2026-08-22 18:00:00,2026-08-22 14:00:00
O03514,ORD074S4,2026-08-22 10:00:00,S4,SKU007,9,2026-08-22 18:00:00,2026-08-22 14:00:00
O03515,ORD074S4,2026-08-22 10:00:00,S4,SKU008,4,2026-08-22 18:00:00,2026-08-22 14:00:00
O03516,ORD074S4,2026-08-22 10:00:00,S4,SKU011,2,2026-08-22 18:00:00,2026-08-22 14:00:00
O03517,ORD074S4,2026-08-22 10:00:00,S4,SKU015,5,2026-08-22 18:00:00,2026-08-22 14:00:00
O03518,ORD074S4,2026-08-22 10:00:00,S4,SKU021,2,2026-08-22 18:00:00,2026-08-22 14:00:00
O03519,ORD074S4,2026-08-22 10:00:00,S4,SKU026,2,2026-08-22 18:00:00,2026-08-22 14:00:00
O03520,ORD074S5,2026-08-22 10:00:00,S5,SKU001,4,2026-08-22 18:00:00,2026-08-22 14:00:00
O03521,ORD074S5,2026-08-22 10:00:00,S5,SKU002,4,2026-08-22 18:00:00,2026-08-22 14:00:00
O03522,ORD074S5,2026-08-22 10:00:00,S5,SKU003,1,2026-08-22 18:00:00,2026-08-22 14:00:00
O03523,ORD074S5,2026-08-22 10:00:00,S5,SKU004,1,2026-08-22 18:00:00,2026-08-22 14:00:00
O03524,ORD074S5,2026-08-22 10:00:00,S5,SKU005,6,2026-08-22 18:00:00,2026-08-22 14:00:00
O03525,ORD074S5,2026-08-22 10:00:00,S5,SKU020,1,2026-08-22 18:00:00,2026-08-22 14:00:00
O03526,ORD074S5,2026-08-22 10:00:00,S5,SKU021,5,2026-08-22 18:00:00,2026-08-22 14:00:00
O03527,ORD074S5,2026-08-22 10:00:00,S5,SKU028,5,2026-08-22 18:00:00,2026-08-22 14:00:00
O03528,ORD075S1,2026-08-23 10:00:00,S1,SKU001,4,2026-08-23 18:00:00,2026-08-23 14:00:00
O03529,ORD075S1,2026-08-23 10:00:00,S1,SKU003,3,2026-08-23 18:00:00,2026-08-23 14:00:00
O03530,ORD075S1,2026-08-23 10:00:00,S1,SKU004,4,2026-08-23 18:00:00,2026-08-23 14:00:00
O03531,ORD075S1,2026-08-23 10:00:00,S1,SKU005,3,2026-08-23 18:00:00,2026-08-23 14:00:00
O03532,ORD075S1,2026-08-23 10:00:00,S1,SKU008,2,2026-08-23 18:00:00,2026-08-23 14:00:00
O03533,ORD075S1,2026-08-23 10:00:00,S1,SKU013,5,2026-08-23 18:00:00,2026-08-23 14:00:00
O03534,ORD075S1,2026-08-23 10:00:00,S1,SKU016,5,2026-08-23 18:00:00,2026-08-23 14:00:00
O03535,ORD075S1,2026-08-23 10:00:00,S1,SKU020,2,2026-08-23 18:00:00,2026-08-23 14:00:00
O03536,ORD075S1,2026-08-23 10:00:00,S1,SKU024,2,2026-08-23 18:00:00,2026-08-23 14:00:00
O03537,ORD075S1,2026-08-23 10:00:00,S1,SKU025,2,2026-08-23 18:00:00,2026-08-23 14:00:00
O03538,ORD075S2,2026-08-23 10:00:00,S2,SKU002,1,2026-08-23 18:00:00,2026-08-23 14:00:00
O03539,ORD075S2,2026-08-23 10:00:00,S2,SKU003,4,2026-08-23 18:00:00,2026-08-23 14:00:00
O03540,ORD075S2,2026-08-23 10:00:00,S2,SKU004,5,2026-08-23 18:00:00,2026-08-23 14:00:00
O03541,ORD075S2,2026-08-23 10:00:00,S2,SKU006,6,2026-08-23 18:00:00,2026-08-23 14:00:00
O03542,ORD075S2,2026-08-23 10:00:00,S2,SKU008,3,2026-08-23 18:00:00,2026-08-23 14:00:00
O03543,ORD075S2,2026-08-23 10:00:00,S2,SKU017,6,2026-08-23 18:00:00,2026-08-23 14:00:00
O03544,ORD075S2,2026-08-23 10:00:00,S2,SKU021,3,2026-08-23 18:00:00,2026-08-23 14:00:00
O03545,ORD075S2,2026-08-23 10:00:00,S2,SKU024,5,2026-08-23 18:00:00,2026-08-23 14:00:00
O03546,ORD075S2,2026-08-23 10:00:00,S2,SKU025,6,2026-08-23 18:00:00,2026-08-23 14:00:00
O03547,ORD075S3,2026-08-23 10:00:00,S3,SKU001,5,2026-08-23 18:00:00,2026-08-23 14:00:00
O03548,ORD075S3,2026-08-23 10:00:00,S3,SKU002,3,2026-08-23 18:00:00,2026-08-23 14:00:00
O03549,ORD075S3,2026-08-23 10:00:00,S3,SKU003,3,2026-08-23 18:00:00,2026-08-23 14:00:00
O03550,ORD075S3,2026-08-23 10:00:00,S3,SKU004,5,2026-08-23 18:00:00,2026-08-23 14:00:00
O03551,ORD075S3,2026-08-23 10:00:00,S3,SKU006,6,2026-08-23 18:00:00,2026-08-23 14:00:00
O03552,ORD075S3,2026-08-23 10:00:00,S3,SKU009,2,2026-08-23 18:00:00,2026-08-23 14:00:00
O03553,ORD075S3,2026-08-23 10:00:00,S3,SKU011,5,2026-08-23 18:00:00,2026-08-23 14:00:00
O03554,ORD075S3,2026-08-23 10:00:00,S3,SKU012,3,2026-08-23 18:00:00,2026-08-23 14:00:00
O03555,ORD075S3,2026-08-23 10:00:00,S3,SKU015,6,2026-08-23 18:00:00,2026-08-23 14:00:00
O03556,ORD075S3,2026-08-23 10:00:00,S3,SKU022,6,2026-08-23 18:00:00,2026-08-23 14:00:00
O03557,ORD075S3,2026-08-23 10:00:00,S3,SKU023,3,2026-08-23 18:00:00,2026-08-23 14:00:00
O03558,ORD075S4,2026-08-23 10:00:00,S4,SKU001,7,2026-08-23 18:00:00,2026-08-23 14:00:00
O03559,ORD075S4,2026-08-23 10:00:00,S4,SKU002,2,2026-08-23 18:00:00,2026-08-23 14:00:00
O03560,ORD075S4,2026-08-23 10:00:00,S4,SKU003,4,2026-08-23 18:00:00,2026-08-23 14:00:00
O03561,ORD075S4,2026-08-23 10:00:00,S4,SKU004,5,2026-08-23 18:00:00,2026-08-23 14:00:00
O03562,ORD075S4,2026-08-23 10:00:00,S4,SKU005,4,2026-08-23 18:00:00,2026-08-23 14:00:00
O03563,ORD075S4,2026-08-23 10:00:00,S4,SKU006,7,2026-08-23 18:00:00,2026-08-23 14:00:00
O03564,ORD075S4,2026-08-23 10:00:00,S4,SKU011,2,2026-08-23 18:00:00,2026-08-23 14:00:00
O03565,ORD075S4,2026-08-23 10:00:00,S4,SKU012,5,2026-08-23 18:00:00,2026-08-23 14:00:00
O03566,ORD075S4,2026-08-23 10:00:00,S4,SKU013,4,2026-08-23 18:00:00,2026-08-23 14:00:00
O03567,ORD075S4,2026-08-23 10:00:00,S4,SKU014,5,2026-08-23 18:00:00,2026-08-23 14:00:00
O03568,ORD075S4,2026-08-23 10:00:00,S4,SKU016,7,2026-08-23 18:00:00,2026-08-23 14:00:00
O03569,ORD075S4,2026-08-23 10:00:00,S4,SKU017,9,2026-08-23 18:00:00,2026-08-23 14:00:00
O03570,ORD075S4,2026-08-23 10:00:00,S4,SKU029,9,2026-08-23 18:00:00,2026-08-23 14:00:00
O03571,ORD075S5,2026-08-23 10:00:00,S5,SKU001,5,2026-08-23 18:00:00,2026-08-23 14:00:00
O03572,ORD075S5,2026-08-23 10:00:00,S5,SKU002,1,2026-08-23 18:00:00,2026-08-23 14:00:00
O03573,ORD075S5,2026-08-23 10:00:00,S5,SKU004,1,2026-08-23 18:00:00,2026-08-23 14:00:00
O03574,ORD075S5,2026-08-23 10:00:00,S5,SKU008,4,2026-08-23 18:00:00,2026-08-23 14:00:00
O03575,ORD075S5,2026-08-23 10:00:00,S5,SKU014,4,2026-08-23 18:00:00,2026-08-23 14:00:00
O03576,ORD075S5,2026-08-23 10:00:00,S5,SKU017,4,2026-08-23 18:00:00,2026-08-23 14:00:00
O03577,ORD075S5,2026-08-23 10:00:00,S5,SKU019,5,2026-08-23 18:00:00,2026-08-23 14:00:00
O03578,ORD075S5,2026-08-23 10:00:00,S5,SKU022,6,2026-08-23 18:00:00,2026-08-23 14:00:00
O03579,ORD075S5,2026-08-23 10:00:00,S5,SKU023,4,2026-08-23 18:00:00,2026-08-23 14:00:00
O03580,ORD075S5,2026-08-23 10:00:00,S5,SKU027,6,2026-08-23 18:00:00,2026-08-23 14:00:00
O03581,ORD076S1,2026-08-24 10:00:00,S1,SKU004,2,2026-08-24 18:00:00,2026-08-24 14:00:00
O03582,ORD076S1,2026-08-24 10:00:00,S1,SKU006,1,2026-08-24 18:00:00,2026-08-24 14:00:00
O03583,ORD076S1,2026-08-24 10:00:00,S1,SKU008,4,2026-08-24 18:00:00,2026-08-24 14:00:00
O03584,ORD076S1,2026-08-24 10:00:00,S1,SKU012,2,2026-08-24 18:00:00,2026-08-24 14:00:00
O03585,ORD076S1,2026-08-24 10:00:00,S1,SKU015,2,2026-08-24 18:00:00,2026-08-24 14:00:00
O03586,ORD076S1,2026-08-24 10:00:00,S1,SKU016,3,2026-08-24 18:00:00,2026-08-24 14:00:00
O03587,ORD076S1,2026-08-24 10:00:00,S1,SKU021,2,2026-08-24 18:00:00,2026-08-24 14:00:00
O03588,ORD076S1,2026-08-24 10:00:00,S1,SKU022,4,2026-08-24 18:00:00,2026-08-24 14:00:00
O03589,ORD076S2,2026-08-24 10:00:00,S2,SKU001,1,2026-08-24 18:00:00,2026-08-24 14:00:00
O03590,ORD076S2,2026-08-24 10:00:00,S2,SKU002,2,2026-08-24 18:00:00,2026-08-24 14:00:00
O03591,ORD076S2,2026-08-24 10:00:00,S2,SKU004,1,2026-08-24 18:00:00,2026-08-24 14:00:00
O03592,ORD076S2,2026-08-24 10:00:00,S2,SKU005,1,2026-08-24 18:00:00,2026-08-24 14:00:00
O03593,ORD076S2,2026-08-24 10:00:00,S2,SKU007,4,2026-08-24 18:00:00,2026-08-24 14:00:00
O03594,ORD076S2,2026-08-24 10:00:00,S2,SKU015,4,2026-08-24 18:00:00,2026-08-24 14:00:00
O03595,ORD076S2,2026-08-24 10:00:00,S2,SKU016,5,2026-08-24 18:00:00,2026-08-24 14:00:00
O03596,ORD076S2,2026-08-24 10:00:00,S2,SKU019,4,2026-08-24 18:00:00,2026-08-24 14:00:00
O03597,ORD076S2,2026-08-24 10:00:00,S2,SKU020,1,2026-08-24 18:00:00,2026-08-24 14:00:00
O03598,ORD076S2,2026-08-24 10:00:00,S2,SKU024,1,2026-08-24 18:00:00,2026-08-24 14:00:00
O03599,ORD076S2,2026-08-24 10:00:00,S2,SKU025,2,2026-08-24 18:00:00,2026-08-24 14:00:00
O03600,ORD076S3,2026-08-24 10:00:00,S3,SKU002,5,2026-08-24 18:00:00,2026-08-24 14:00:00
O03601,ORD076S3,2026-08-24 10:00:00,S3,SKU003,5,2026-08-24 18:00:00,2026-08-24 14:00:00
O03602,ORD076S3,2026-08-24 10:00:00,S3,SKU005,2,2026-08-24 18:00:00,2026-08-24 14:00:00
O03603,ORD076S3,2026-08-24 10:00:00,S3,SKU006,4,2026-08-24 18:00:00,2026-08-24 14:00:00
O03604,ORD076S3,2026-08-24 10:00:00,S3,SKU008,1,2026-08-24 18:00:00,2026-08-24 14:00:00
O03605,ORD076S3,2026-08-24 10:00:00,S3,SKU015,1,2026-08-24 18:00:00,2026-08-24 14:00:00
O03606,ORD076S3,2026-08-24 10:00:00,S3,SKU020,2,2026-08-24 18:00:00,2026-08-24 14:00:00
O03607,ORD076S3,2026-08-24 10:00:00,S3,SKU021,4,2026-08-24 18:00:00,2026-08-24 14:00:00
O03608,ORD076S3,2026-08-24 10:00:00,S3,SKU028,2,2026-08-24 18:00:00,2026-08-24 14:00:00
O03609,ORD076S4,2026-08-24 10:00:00,S4,SKU001,4,2026-08-24 18:00:00,2026-08-24 14:00:00
O03610,ORD076S4,2026-08-24 10:00:00,S4,SKU004,3,2026-08-24 18:00:00,2026-08-24 14:00:00
O03611,ORD076S4,2026-08-24 10:00:00,S4,SKU005,3,2026-08-24 18:00:00,2026-08-24 14:00:00
O03612,ORD076S4,2026-08-24 10:00:00,S4,SKU009,7,2026-08-24 18:00:00,2026-08-24 14:00:00
O03613,ORD076S4,2026-08-24 10:00:00,S4,SKU011,4,2026-08-24 18:00:00,2026-08-24 14:00:00
O03614,ORD076S4,2026-08-24 10:00:00,S4,SKU014,4,2026-08-24 18:00:00,2026-08-24 14:00:00
O03615,ORD076S4,2026-08-24 10:00:00,S4,SKU017,1,2026-08-24 18:00:00,2026-08-24 14:00:00
O03616,ORD076S4,2026-08-24 10:00:00,S4,SKU026,1,2026-08-24 18:00:00,2026-08-24 14:00:00
O03617,ORD076S5,2026-08-24 10:00:00,S5,SKU002,2,2026-08-24 18:00:00,2026-08-24 14:00:00
O03618,ORD076S5,2026-08-24 10:00:00,S5,SKU003,2,2026-08-24 18:00:00,2026-08-24 14:00:00
O03619,ORD076S5,2026-08-24 10:00:00,S5,SKU004,2,2026-08-24 18:00:00,
O03620,ORD076S5,2026-08-24 10:00:00,S5,SKU014,3,2026-08-24 18:00:00,2026-08-24 14:00:00
O03621,ORD076S5,2026-08-24 10:00:00,S5,SKU016,4,2026-08-24 18:00:00,2026-08-24 14:00:00
O03622,ORD076S5,2026-08-24 10:00:00,S5,SKU020,3,2026-08-24 18:00:00,2026-08-24 14:00:00
O03623,ORD076S5,2026-08-24 10:00:00,S5,SKU028,4,2026-08-24 18:00:00,2026-08-24 14:00:00
O03624,ORD077S1,2026-08-25 10:00:00,S1,SKU001,2,2026-08-25 18:00:00,2026-08-25 14:00:00
O03625,ORD077S1,2026-08-25 10:00:00,S1,SKU002,2,2026-08-25 18:00:00,2026-08-25 14:00:00
O03626,ORD077S1,2026-08-25 10:00:00,S1,SKU003,4,2026-08-25 18:00:00,2026-08-25 14:00:00
O03627,ORD077S1,2026-08-25 10:00:00,S1,SKU004,3,2026-08-25 18:00:00,2026-08-25 14:00:00
O03628,ORD077S1,2026-08-25 10:00:00,S1,SKU012,3,2026-08-25 18:00:00,2026-08-25 14:00:00
O03629,ORD077S1,2026-08-25 10:00:00,S1,SKU019,4,2026-08-25 18:00:00,2026-08-25 14:00:00
O03630,ORD077S2,2026-08-25 10:00:00,S2,SKU001,3,2026-08-25 18:00:00,2026-08-25 14:00:00
O03631,ORD077S2,2026-08-25 10:00:00,S2,SKU002,3,2026-08-25 18:00:00,2026-08-25 14:00:00
O03632,ORD077S2,2026-08-25 10:00:00,S2,SKU003,2,2026-08-25 18:00:00,2026-08-25 14:00:00
O03633,ORD077S2,2026-08-25 10:00:00,S2,SKU004,4,2026-08-25 18:00:00,2026-08-25 14:00:00
O03634,ORD077S2,2026-08-25 10:00:00,S2,SKU006,5,2026-08-25 18:00:00,2026-08-25 14:00:00
O03635,ORD077S2,2026-08-25 10:00:00,S2,SKU009,1,2026-08-25 18:00:00,2026-08-25 14:00:00
O03636,ORD077S2,2026-08-25 10:00:00,S2,SKU011,5,2026-08-25 18:00:00,2026-08-25 14:00:00
O03637,ORD077S2,2026-08-25 10:00:00,S2,SKU013,5,2026-08-25 18:00:00,2026-08-25 14:00:00
O03638,ORD077S2,2026-08-25 10:00:00,S2,SKU014,5,2026-08-25 18:00:00,2026-08-25 14:00:00
O03639,ORD077S2,2026-08-25 10:00:00,S2,SKU015,1,2026-08-25 18:00:00,2026-08-25 14:00:00
O03640,ORD077S2,2026-08-25 10:00:00,S2,SKU023,3,2026-08-25 18:00:00,2026-08-25 14:00:00
O03641,ORD077S3,2026-08-25 10:00:00,S3,SKU005,2,2026-08-25 18:00:00,2026-08-25 14:00:00
O03642,ORD077S3,2026-08-25 10:00:00,S3,SKU014,6,2026-08-25 18:00:00,2026-08-25 14:00:00
O03643,ORD077S3,2026-08-25 10:00:00,S3,SKU015,2,2026-08-25 18:00:00,2026-08-25 14:00:00
O03644,ORD077S3,2026-08-25 10:00:00,S3,SKU017,6,2026-08-25 18:00:00,2026-08-25 14:00:00
O03645,ORD077S3,2026-08-25 10:00:00,S3,SKU028,6,2026-08-25 18:00:00,2026-08-25 14:00:00
O03646,ORD077S4,2026-08-25 10:00:00,S4,SKU001,1,2026-08-25 18:00:00,2026-08-25 14:00:00
O03647,ORD077S4,2026-08-25 10:00:00,S4,SKU002,7,2026-08-25 18:00:00,2026-08-25 14:00:00
O03648,ORD077S4,2026-08-25 10:00:00,S4,SKU003,3,2026-08-25 18:00:00,2026-08-25 14:00:00
O03649,ORD077S4,2026-08-25 10:00:00,S4,SKU004,1,2026-08-25 18:00:00,2026-08-25 14:00:00
O03650,ORD077S4,2026-08-25 10:00:00,S4,SKU005,7,2026-08-25 18:00:00,2026-08-25 14:00:00
O03651,ORD077S4,2026-08-25 10:00:00,S4,SKU006,1,2026-08-25 18:00:00,2026-08-25 14:00:00
O03652,ORD077S4,2026-08-25 10:00:00,S4,SKU012,3,2026-08-25 18:00:00,2026-08-25 14:00:00
O03653,ORD077S4,2026-08-25 10:00:00,S4,SKU014,3,2026-08-25 18:00:00,2026-08-25 14:00:00
O03654,ORD077S4,2026-08-25 10:00:00,S4,SKU017,7,2026-08-25 18:00:00,2026-08-25 14:00:00
O03655,ORD077S4,2026-08-25 10:00:00,S4,SKU019,4,2026-08-25 18:00:00,2026-08-25 14:00:00
O03656,ORD077S4,2026-08-25 10:00:00,S4,SKU021,4,2026-08-25 18:00:00,2026-08-25 14:00:00
O03657,ORD077S4,2026-08-25 10:00:00,S4,SKU025,7,2026-08-25 18:00:00,2026-08-25 14:00:00
O03658,ORD077S4,2026-08-25 10:00:00,S4,SKU027,1,2026-08-25 18:00:00,2026-08-25 14:00:00
O03659,ORD077S4,2026-08-25 10:00:00,S4,SKU028,3,2026-08-25 18:00:00,2026-08-25 14:00:00
O03660,ORD077S5,2026-08-25 10:00:00,S5,SKU001,2,2026-08-25 18:00:00,2026-08-25 14:00:00
O03661,ORD077S5,2026-08-25 10:00:00,S5,SKU002,2,2026-08-25 18:00:00,2026-08-25 14:00:00
O03662,ORD077S5,2026-08-25 10:00:00,S5,SKU006,3,2026-08-25 18:00:00,2026-08-25 14:00:00
O03663,ORD077S5,2026-08-25 10:00:00,S5,SKU011,2,2026-08-25 18:00:00,2026-08-25 14:00:00
O03664,ORD077S5,2026-08-25 10:00:00,S5,SKU013,4,2026-08-25 18:00:00,2026-08-25 14:00:00
O03665,ORD077S5,2026-08-25 10:00:00,S5,SKU014,4,2026-08-25 18:00:00,2026-08-25 14:00:00
O03666,ORD077S5,2026-08-25 10:00:00,S5,SKU018,3,2026-08-25 18:00:00,2026-08-25 14:00:00
O03667,ORD078S1,2026-08-26 10:00:00,S1,SKU001,2,2026-08-26 18:00:00,2026-08-26 14:00:00
O03668,ORD078S1,2026-08-26 10:00:00,S1,SKU002,2,2026-08-26 18:00:00,2026-08-26 14:00:00
O03669,ORD078S1,2026-08-26 10:00:00,S1,SKU005,2,2026-08-26 18:00:00,2026-08-26 14:00:00
O03670,ORD078S1,2026-08-26 10:00:00,S1,SKU006,3,2026-08-26 18:00:00,2026-08-26 14:00:00
O03671,ORD078S1,2026-08-26 10:00:00,S1,SKU007,2,2026-08-26 18:00:00,2026-08-26 14:00:00
O03672,ORD078S1,2026-08-26 10:00:00,S1,SKU012,1,2026-08-26 18:00:00,2026-08-26 14:00:00
O03673,ORD078S1,2026-08-26 10:00:00,S1,SKU015,3,2026-08-26 18:00:00,2026-08-26 14:00:00
O03674,ORD078S1,2026-08-26 10:00:00,S1,SKU022,2,2026-08-26 18:00:00,2026-08-26 14:00:00
O03675,ORD078S1,2026-08-26 10:00:00,S1,SKU023,2,2026-08-26 18:00:00,2026-08-26 14:00:00
O03676,ORD078S1,2026-08-26 10:00:00,S1,SKU026,2,2026-08-26 18:00:00,2026-08-26 14:00:00
O03677,ORD078S1,2026-08-26 10:00:00,S1,SKU027,3,2026-08-26 18:00:00,2026-08-26 14:00:00
O03678,ORD078S2,2026-08-26 10:00:00,S2,SKU002,1,2026-08-26 18:00:00,2026-08-26 14:00:00
O03679,ORD078S2,2026-08-26 10:00:00,S2,SKU004,2,2026-08-26 18:00:00,2026-08-26 14:00:00
O03680,ORD078S2,2026-08-26 10:00:00,S2,SKU005,5,2026-08-26 18:00:00,2026-08-26 14:00:00
O03681,ORD078S2,2026-08-26 10:00:00,S2,SKU007,2,2026-08-26 18:00:00,2026-08-26 14:00:00
O03682,ORD078S2,2026-08-26 10:00:00,S2,SKU009,5,2026-08-26 18:00:00,2026-08-26 14:00:00
O03683,ORD078S2,2026-08-26 10:00:00,S2,SKU011,1,2026-08-26 18:00:00,2026-08-26 14:00:00
O03684,ORD078S2,2026-08-26 10:00:00,S2,SKU014,2,2026-08-26 18:00:00,2026-08-26 14:00:00
O03685,ORD078S2,2026-08-26 10:00:00,S2,SKU016,3,2026-08-26 18:00:00,2026-08-26 14:00:00
O03686,ORD078S2,2026-08-26 10:00:00,S2,SKU020,5,2026-08-26 18:00:00,2026-08-26 14:00:00
O03687,ORD078S2,2026-08-26 10:00:00,S2,SKU024,2,2026-08-26 18:00:00,2026-08-26 14:00:00
O03688,ORD078S2,2026-08-26 10:00:00,S2,SKU025,5,2026-08-26 18:00:00,2026-08-26 14:00:00
O03689,ORD078S2,2026-08-26 10:00:00,S2,SKU027,3,2026-08-26 18:00:00,2026-08-26 14:00:00
O03690,ORD078S3,2026-08-26 10:00:00,S3,SKU002,4,2026-08-26 18:00:00,2026-08-26 14:00:00
O03691,ORD078S3,2026-08-26 10:00:00,S3,SKU003,4,2026-08-26 18:00:00,2026-08-26 14:00:00
O03692,ORD078S3,2026-08-26 10:00:00,S3,SKU006,5,2026-08-26 18:00:00,2026-08-26 14:00:00
O03693,ORD078S3,2026-08-26 10:00:00,S3,SKU008,2,2026-08-26 18:00:00,2026-08-26 14:00:00
O03694,ORD078S3,2026-08-26 10:00:00,S3,SKU011,2,2026-08-26 18:00:00,2026-08-26 14:00:00
O03695,ORD078S3,2026-08-26 10:00:00,S3,SKU016,4,2026-08-26 18:00:00,2026-08-26 14:00:00
O03696,ORD078S3,2026-08-26 10:00:00,S3,SKU019,6,2026-08-26 18:00:00,2026-08-26 14:00:00
O03697,ORD078S3,2026-08-26 10:00:00,S3,SKU023,1,2026-08-26 18:00:00,2026-08-26 14:00:00
O03698,ORD078S3,2026-08-26 10:00:00,S3,SKU025,4,2026-08-26 18:00:00,2026-08-26 14:00:00
O03699,ORD078S3,2026-08-26 10:00:00,S3,SKU026,4,2026-08-26 18:00:00,2026-08-26 14:00:00
O03700,ORD078S3,2026-08-26 10:00:00,S3,SKU027,1,2026-08-26 18:00:00,2026-08-26 14:00:00
O03701,ORD078S3,2026-08-26 10:00:00,S3,SKU028,1,2026-08-26 18:00:00,2026-08-26 14:00:00
O03702,ORD078S4,2026-08-26 10:00:00,S4,SKU001,1,2026-08-26 18:00:00,2026-08-26 14:00:00
O03703,ORD078S4,2026-08-26 10:00:00,S4,SKU006,7,2026-08-26 18:00:00,2026-08-26 14:00:00
O03704,ORD078S4,2026-08-26 10:00:00,S4,SKU008,6,2026-08-26 18:00:00,2026-08-26 14:00:00
O03705,ORD078S4,2026-08-26 10:00:00,S4,SKU011,7,2026-08-26 18:00:00,2026-08-26 14:00:00
O03706,ORD078S4,2026-08-26 10:00:00,S4,SKU024,1,2026-08-26 18:00:00,2026-08-26 14:00:00
O03707,ORD078S4,2026-08-26 10:00:00,S4,SKU025,1,2026-08-26 18:00:00,2026-08-26 14:00:00
O03708,ORD078S5,2026-08-26 10:00:00,S5,SKU001,4,2026-08-26 18:00:00,2026-08-26 14:00:00
O03709,ORD078S5,2026-08-26 10:00:00,S5,SKU002,4,2026-08-26 18:00:00,2026-08-26 14:00:00
O03710,ORD078S5,2026-08-26 10:00:00,S5,SKU003,2,2026-08-26 18:00:00,2026-08-26 14:00:00
O03711,ORD078S5,2026-08-26 10:00:00,S5,SKU004,1,2026-08-26 18:00:00,2026-08-26 14:00:00
O03712,ORD078S5,2026-08-26 10:00:00,S5,SKU005,1,2026-08-26 18:00:00,2026-08-26 14:00:00
O03713,ORD078S5,2026-08-26 10:00:00,S5,SKU006,3,2026-08-26 18:00:00,2026-08-26 14:00:00
O03714,ORD078S5,2026-08-26 10:00:00,S5,SKU012,3,2026-08-26 18:00:00,2026-08-26 14:00:00
O03715,ORD078S5,2026-08-26 10:00:00,S5,SKU013,3,2026-08-26 18:00:00,2026-08-26 14:00:00
O03716,ORD078S5,2026-08-26 10:00:00,S5,SKU014,4,2026-08-26 18:00:00,2026-08-26 14:00:00
O03717,ORD078S5,2026-08-26 10:00:00,S5,SKU017,1,2026-08-26 18:00:00,2026-08-26 14:00:00
O03718,ORD078S5,2026-08-26 10:00:00,S5,SKU018,4,2026-08-26 18:00:00,2026-08-26 14:00:00
O03719,ORD078S5,2026-08-26 10:00:00,S5,SKU021,3,2026-08-26 18:00:00,2026-08-26 14:00:00
O03720,ORD078S5,2026-08-26 10:00:00,S5,SKU022,2,2026-08-26 18:00:00,2026-08-26 14:00:00
O03721,ORD078S5,2026-08-26 10:00:00,S5,SKU024,4,2026-08-26 18:00:00,2026-08-26 14:00:00
O03722,ORD078S5,2026-08-26 10:00:00,S5,SKU028,3,2026-08-26 18:00:00,2026-08-26 14:00:00
O03723,ORD079S1,2026-08-27 10:00:00,S1,SKU001,4,2026-08-27 18:00:00,2026-08-27 14:00:00
O03724,ORD079S1,2026-08-27 10:00:00,S1,SKU002,2,2026-08-27 18:00:00,2026-08-27 14:00:00
O03725,ORD079S1,2026-08-27 10:00:00,S1,SKU003,4,2026-08-27 18:00:00,2026-08-27 14:00:00
O03726,ORD079S1,2026-08-27 10:00:00,S1,SKU004,3,2026-08-27 18:00:00,2026-08-27 14:00:00
O03727,ORD079S1,2026-08-27 10:00:00,S1,SKU006,4,2026-08-27 18:00:00,2026-08-27 14:00:00
O03728,ORD079S1,2026-08-27 10:00:00,S1,SKU008,2,2026-08-27 18:00:00,2026-08-27 14:00:00
O03729,ORD079S1,2026-08-27 10:00:00,S1,SKU009,2,2026-08-27 18:00:00,2026-08-27 14:00:00
O03730,ORD079S1,2026-08-27 10:00:00,S1,SKU018,2,2026-08-27 18:00:00,2026-08-27 14:00:00
O03731,ORD079S1,2026-08-27 10:00:00,S1,SKU021,2,2026-08-27 18:00:00,2026-08-27 14:00:00
O03732,ORD079S2,2026-08-27 10:00:00,S2,SKU001,1,2026-08-27 18:00:00,2026-08-27 14:00:00
O03733,ORD079S2,2026-08-27 10:00:00,S2,SKU003,4,2026-08-27 18:00:00,2026-08-27 14:00:00
O03734,ORD079S2,2026-08-27 10:00:00,S2,SKU004,5,2026-08-27 18:00:00,2026-08-27 14:00:00
O03735,ORD079S2,2026-08-27 10:00:00,S2,SKU005,3,2026-08-27 18:00:00,2026-08-27 14:00:00
O03736,ORD079S2,2026-08-27 10:00:00,S2,SKU006,1,2026-08-27 18:00:00,2026-08-27 14:00:00
O03737,ORD079S2,2026-08-27 10:00:00,S2,SKU007,5,2026-08-27 18:00:00,2026-08-27 14:00:00
O03738,ORD079S2,2026-08-27 10:00:00,S2,SKU020,1,2026-08-27 18:00:00,2026-08-27 14:00:00
O03739,ORD079S2,2026-08-27 10:00:00,S2,SKU021,2,2026-08-27 18:00:00,2026-08-27 14:00:00
O03740,ORD079S2,2026-08-27 10:00:00,S2,SKU022,2,2026-08-27 18:00:00,2026-08-27 14:00:00
O03741,ORD079S2,2026-08-27 10:00:00,S2,SKU025,4,2026-08-27 18:00:00,2026-08-27 14:00:00
O03742,ORD079S3,2026-08-27 10:00:00,S3,SKU001,2,2026-08-27 18:00:00,2026-08-27 14:00:00
O03743,ORD079S3,2026-08-27 10:00:00,S3,SKU002,6,2026-08-27 18:00:00,2026-08-27 14:00:00
O03744,ORD079S3,2026-08-27 10:00:00,S3,SKU003,5,2026-08-27 18:00:00,2026-08-27 14:00:00
O03745,ORD079S3,2026-08-27 10:00:00,S3,SKU005,1,2026-08-27 18:00:00,2026-08-27 14:00:00
O03746,ORD079S3,2026-08-27 10:00:00,S3,SKU006,1,2026-08-27 18:00:00,2026-08-27 14:00:00
O03747,ORD079S3,2026-08-27 10:00:00,S3,SKU009,5,2026-08-27 18:00:00,2026-08-27 14:00:00
O03748,ORD079S3,2026-08-27 10:00:00,S3,SKU016,1,2026-08-27 18:00:00,2026-08-27 14:00:00
O03749,ORD079S3,2026-08-27 10:00:00,S3,SKU017,5,2026-08-27 18:00:00,2026-08-27 14:00:00
O03750,ORD079S3,2026-08-27 10:00:00,S3,SKU018,1,2026-08-27 18:00:00,2026-08-27 14:00:00
O03751,ORD079S3,2026-08-27 10:00:00,S3,SKU020,1,2026-08-27 18:00:00,2026-08-27 14:00:00
O03752,ORD079S3,2026-08-27 10:00:00,S3,SKU028,1,2026-08-27 18:00:00,2026-08-27 14:00:00
O03753,ORD079S4,2026-08-27 10:00:00,S4,SKU002,4,2026-08-27 18:00:00,2026-08-27 14:00:00
O03754,ORD079S4,2026-08-27 10:00:00,S4,SKU003,4,2026-08-27 18:00:00,2026-08-27 14:00:00
O03755,ORD079S4,2026-08-27 10:00:00,S4,SKU004,7,2026-08-27 18:00:00,2026-08-27 14:00:00
O03756,ORD079S4,2026-08-27 10:00:00,S4,SKU005,1,2026-08-27 18:00:00,2026-08-27 14:00:00
O03757,ORD079S4,2026-08-27 10:00:00,S4,SKU006,3,2026-08-27 18:00:00,2026-08-27 14:00:00
O03758,ORD079S4,2026-08-27 10:00:00,S4,SKU007,4,2026-08-27 18:00:00,2026-08-27 14:00:00
O03759,ORD079S4,2026-08-27 10:00:00,S4,SKU009,4,2026-08-27 18:00:00,2026-08-27 14:00:00
O03760,ORD079S4,2026-08-27 10:00:00,S4,SKU012,1,2026-08-27 18:00:00,2026-08-27 14:00:00
O03761,ORD079S4,2026-08-27 10:00:00,S4,SKU013,6,2026-08-27 18:00:00,2026-08-27 14:00:00
O03762,ORD079S4,2026-08-27 10:00:00,S4,SKU014,4,2026-08-27 18:00:00,2026-08-27 14:00:00
O03763,ORD079S4,2026-08-27 10:00:00,S4,SKU017,1,2026-08-27 18:00:00,2026-08-27 14:00:00
O03764,ORD079S4,2026-08-27 10:00:00,S4,SKU021,1,2026-08-27 18:00:00,2026-08-27 14:00:00
O03765,ORD079S4,2026-08-27 10:00:00,S4,SKU025,6,2026-08-27 18:00:00,2026-08-27 14:00:00
O03766,ORD079S5,2026-08-27 10:00:00,S5,SKU001,3,2026-08-27 18:00:00,2026-08-27 14:00:00
O03767,ORD079S5,2026-08-27 10:00:00,S5,SKU003,4,2026-08-27 18:00:00,2026-08-27 14:00:00
O03768,ORD079S5,2026-08-27 10:00:00,S5,SKU008,4,2026-08-27 18:00:00,2026-08-27 14:00:00
O03769,ORD079S5,2026-08-27 10:00:00,S5,SKU011,3,2026-08-27 18:00:00,2026-08-27 14:00:00
O03770,ORD079S5,2026-08-27 10:00:00,S5,SKU013,1,2026-08-27 18:00:00,2026-08-27 14:00:00
O03771,ORD079S5,2026-08-27 10:00:00,S5,SKU015,4,2026-08-27 18:00:00,2026-08-27 14:00:00
O03772,ORD079S5,2026-08-27 10:00:00,S5,SKU020,4,2026-08-27 18:00:00,2026-08-27 14:00:00
O03773,ORD079S5,2026-08-27 10:00:00,S5,SKU026,4,2026-08-27 18:00:00,2026-08-27 14:00:00
O03774,ORD079S5,2026-08-27 10:00:00,S5,SKU028,2,2026-08-27 18:00:00,2026-08-27 14:00:00
O03775,ORD080S1,2026-08-28 10:00:00,S1,SKU002,2,2026-08-28 18:00:00,2026-08-28 14:00:00
O03776,ORD080S1,2026-08-28 10:00:00,S1,SKU003,4,2026-08-28 18:00:00,2026-08-28 14:00:00
O03777,ORD080S1,2026-08-28 10:00:00,S1,SKU004,3,2026-08-28 18:00:00,2026-08-28 14:00:00
O03778,ORD080S1,2026-08-28 10:00:00,S1,SKU005,3,2026-08-28 18:00:00,2026-08-28 14:00:00
O03779,ORD080S1,2026-08-28 10:00:00,S1,SKU006,1,2026-08-28 18:00:00,2026-08-28 14:00:00
O03780,ORD080S1,2026-08-28 10:00:00,S1,SKU007,4,2026-08-28 18:00:00,2026-08-28 14:00:00
O03781,ORD080S1,2026-08-28 10:00:00,S1,SKU012,2,2026-08-28 18:00:00,2026-08-28 14:00:00
O03782,ORD080S1,2026-08-28 10:00:00,S1,SKU017,3,2026-08-28 18:00:00,2026-08-28 14:00:00
O03783,ORD080S1,2026-08-28 10:00:00,S1,SKU019,2,2026-08-28 18:00:00,2026-08-28 14:00:00
O03784,ORD080S1,2026-08-28 10:00:00,S1,SKU026,2,2026-08-28 18:00:00,2026-08-28 14:00:00
O03785,ORD080S1,2026-08-28 10:00:00,S1,SKU027,1,2026-08-28 18:00:00,2026-08-28 14:00:00
O03786,ORD080S2,2026-08-28 10:00:00,S2,SKU002,4,2026-08-28 18:00:00,2026-08-28 14:00:00
O03787,ORD080S2,2026-08-28 10:00:00,S2,SKU005,3,2026-08-28 18:00:00,2026-08-28 14:00:00
O03788,ORD080S2,2026-08-28 10:00:00,S2,SKU008,4,2026-08-28 18:00:00,2026-08-28 14:00:00
O03789,ORD080S2,2026-08-28 10:00:00,S2,SKU012,2,2026-08-28 18:00:00,2026-08-28 14:00:00
O03790,ORD080S2,2026-08-28 10:00:00,S2,SKU015,3,2026-08-28 18:00:00,2026-08-28 14:00:00
O03791,ORD080S2,2026-08-28 10:00:00,S2,SKU019,5,2026-08-28 18:00:00,2026-08-28 14:00:00
O03792,ORD080S2,2026-08-28 10:00:00,S2,SKU024,1,2026-08-28 18:00:00,2026-08-28 14:00:00
O03793,ORD080S2,2026-08-28 10:00:00,S2,SKU027,4,2026-08-28 18:00:00,2026-08-28 14:00:00
O03794,ORD080S3,2026-08-28 10:00:00,S3,SKU001,4,2026-08-28 18:00:00,2026-08-28 14:00:00
O03795,ORD080S3,2026-08-28 10:00:00,S3,SKU002,2,2026-08-28 18:00:00,2026-08-28 14:00:00
O03796,ORD080S3,2026-08-28 10:00:00,S3,SKU003,4,2026-08-28 18:00:00,2026-08-28 14:00:00
O03797,ORD080S3,2026-08-28 10:00:00,S3,SKU004,5,2026-08-28 18:00:00,2026-08-28 14:00:00
O03798,ORD080S3,2026-08-28 10:00:00,S3,SKU005,1,2026-08-28 18:00:00,2026-08-28 14:00:00
O03799,ORD080S3,2026-08-28 10:00:00,S3,SKU006,6,2026-08-28 18:00:00,2026-08-28 14:00:00
O03800,ORD080S3,2026-08-28 10:00:00,S3,SKU009,6,2026-08-28 18:00:00,2026-08-28 14:00:00
O03801,ORD080S3,2026-08-28 10:00:00,S3,SKU013,2,2026-08-28 18:00:00,2026-08-28 14:00:00
O03802,ORD080S3,2026-08-28 10:00:00,S3,SKU016,6,2026-08-28 18:00:00,2026-08-28 14:00:00
O03803,ORD080S3,2026-08-28 10:00:00,S3,SKU018,5,2026-08-28 18:00:00,2026-08-28 14:00:00
O03804,ORD080S3,2026-08-28 10:00:00,S3,SKU027,6,2026-08-28 18:00:00,2026-08-28 14:00:00
O03805,ORD080S4,2026-08-28 10:00:00,S4,SKU001,1,2026-08-28 18:00:00,2026-08-28 14:00:00
O03806,ORD080S4,2026-08-28 10:00:00,S4,SKU002,6,2026-08-28 18:00:00,2026-08-28 14:00:00
O03807,ORD080S4,2026-08-28 10:00:00,S4,SKU003,7,2026-08-28 18:00:00,2026-08-28 14:00:00
O03808,ORD080S4,2026-08-28 10:00:00,S4,SKU006,6,2026-08-28 18:00:00,2026-08-28 14:00:00
O03809,ORD080S4,2026-08-28 10:00:00,S4,SKU007,3,2026-08-28 18:00:00,2026-08-28 14:00:00
O03810,ORD080S4,2026-08-28 10:00:00,S4,SKU008,4,2026-08-28 18:00:00,2026-08-28 14:00:00
O03811,ORD080S4,2026-08-28 10:00:00,S4,SKU009,4,2026-08-28 18:00:00,2026-08-28 14:00:00
O03812,ORD080S4,2026-08-28 10:00:00,S4,SKU011,3,2026-08-28 18:00:00,2026-08-28 14:00:00
O03813,ORD080S4,2026-08-28 10:00:00,S4,SKU020,7,2026-08-28 18:00:00,2026-08-28 14:00:00
O03814,ORD080S4,2026-08-28 10:00:00,S4,SKU027,3,2026-08-28 18:00:00,2026-08-28 14:00:00
O03815,ORD080S5,2026-08-28 10:00:00,S5,SKU002,1,2026-08-28 18:00:00,2026-08-28 14:00:00
O03816,ORD080S5,2026-08-28 10:00:00,S5,SKU003,4,2026-08-28 18:00:00,2026-08-28 14:00:00
O03817,ORD080S5,2026-08-28 10:00:00,S5,SKU004,4,2026-08-28 18:00:00,2026-08-28 14:00:00
O03818,ORD080S5,2026-08-28 10:00:00,S5,SKU005,4,2026-08-28 18:00:00,2026-08-28 14:00:00
O03819,ORD080S5,2026-08-28 10:00:00,S5,SKU013,4,2026-08-28 18:00:00,2026-08-28 14:00:00
O03820,ORD080S5,2026-08-28 10:00:00,S5,SKU018,3,2026-08-28 18:00:00,2026-08-28 14:00:00
O03821,ORD080S5,2026-08-28 10:00:00,S5,SKU020,4,2026-08-28 18:00:00,2026-08-28 14:00:00
O03822,ORD080S5,2026-08-28 10:00:00,S5,SKU025,4,2026-08-28 18:00:00,2026-08-28 14:00:00
O03823,ORD081S1,2026-08-29 10:00:00,S1,SKU001,4,2026-08-29 18:00:00,2026-08-29 14:00:00
O03824,ORD081S1,2026-08-29 10:00:00,S1,SKU002,2,2026-08-29 18:00:00,2026-08-29 14:00:00
O03825,ORD081S1,2026-08-29 10:00:00,S1,SKU003,5,2026-08-29 18:00:00,2026-08-29 14:00:00
O03826,ORD081S1,2026-08-29 10:00:00,S1,SKU005,5,2026-08-29 18:00:00,2026-08-29 14:00:00
O03827,ORD081S1,2026-08-29 10:00:00,S1,SKU006,5,2026-08-29 18:00:00,2026-08-29 14:00:00
O03828,ORD081S1,2026-08-29 10:00:00,S1,SKU026,1,2026-08-29 18:00:00,2026-08-29 14:00:00
O03829,ORD081S2,2026-08-29 10:00:00,S2,SKU003,4,2026-08-29 18:00:00,2026-08-29 14:00:00
O03830,ORD081S2,2026-08-29 10:00:00,S2,SKU004,4,2026-08-29 18:00:00,2026-08-29 14:00:00
O03831,ORD081S2,2026-08-29 10:00:00,S2,SKU006,1,2026-08-29 18:00:00,2026-08-29 14:00:00
O03832,ORD081S2,2026-08-29 10:00:00,S2,SKU011,1,2026-08-29 18:00:00,2026-08-29 14:00:00
O03833,ORD081S2,2026-08-29 10:00:00,S2,SKU012,3,2026-08-29 18:00:00,2026-08-29 14:00:00
O03834,ORD081S2,2026-08-29 10:00:00,S2,SKU013,4,2026-08-29 18:00:00,2026-08-29 14:00:00
O03835,ORD081S2,2026-08-29 10:00:00,S2,SKU026,3,2026-08-29 18:00:00,2026-08-29 14:00:00
O03836,ORD081S3,2026-08-29 10:00:00,S3,SKU001,5,2026-08-29 18:00:00,2026-08-29 14:00:00
O03837,ORD081S3,2026-08-29 10:00:00,S3,SKU002,5,2026-08-29 18:00:00,2026-08-29 14:00:00
O03838,ORD081S3,2026-08-29 10:00:00,S3,SKU003,3,2026-08-29 18:00:00,2026-08-29 14:00:00
O03839,ORD081S3,2026-08-29 10:00:00,S3,SKU007,3,2026-08-29 18:00:00,2026-08-29 14:00:00
O03840,ORD081S3,2026-08-29 10:00:00,S3,SKU026,3,2026-08-29 18:00:00,2026-08-29 14:00:00
O03841,ORD081S3,2026-08-29 10:00:00,S3,SKU028,8,2026-08-29 18:00:00,2026-08-29 14:00:00
O03842,ORD081S4,2026-08-29 10:00:00,S4,SKU001,4,2026-08-29 18:00:00,2026-08-29 14:00:00
O03843,ORD081S4,2026-08-29 10:00:00,S4,SKU002,4,2026-08-29 18:00:00,2026-08-29 14:00:00
O03844,ORD081S4,2026-08-29 10:00:00,S4,SKU003,4,2026-08-29 18:00:00,2026-08-29 14:00:00
O03845,ORD081S4,2026-08-29 10:00:00,S4,SKU004,9,2026-08-29 18:00:00,2026-08-29 14:00:00
O03846,ORD081S4,2026-08-29 10:00:00,S4,SKU005,4,2026-08-29 18:00:00,2026-08-29 14:00:00
O03847,ORD081S4,2026-08-29 10:00:00,S4,SKU007,9,2026-08-29 18:00:00,2026-08-29 14:00:00
O03848,ORD081S4,2026-08-29 10:00:00,S4,SKU008,7,2026-08-29 18:00:00,2026-08-29 14:00:00
O03849,ORD081S4,2026-08-29 10:00:00,S4,SKU009,9,2026-08-29 18:00:00,2026-08-29 14:00:00
O03850,ORD081S4,2026-08-29 10:00:00,S4,SKU012,2,2026-08-29 18:00:00,2026-08-29 14:00:00
O03851,ORD081S4,2026-08-29 10:00:00,S4,SKU013,7,2026-08-29 18:00:00,2026-08-29 14:00:00
O03852,ORD081S4,2026-08-29 10:00:00,S4,SKU016,7,2026-08-29 18:00:00,2026-08-29 14:00:00
O03853,ORD081S4,2026-08-29 10:00:00,S4,SKU020,7,2026-08-29 18:00:00,2026-08-29 14:00:00
O03854,ORD081S5,2026-08-29 10:00:00,S5,SKU001,1,2026-08-29 18:00:00,2026-08-29 14:00:00
O03855,ORD081S5,2026-08-29 10:00:00,S5,SKU002,5,2026-08-29 18:00:00,2026-08-29 14:00:00
O03856,ORD081S5,2026-08-29 10:00:00,S5,SKU004,1,2026-08-29 18:00:00,2026-08-29 14:00:00
O03857,ORD081S5,2026-08-29 10:00:00,S5,SKU011,2,2026-08-29 18:00:00,2026-08-29 14:00:00
O03858,ORD081S5,2026-08-29 10:00:00,S5,SKU014,4,2026-08-29 18:00:00,2026-08-29 14:00:00
O03859,ORD081S5,2026-08-29 10:00:00,S5,SKU020,4,2026-08-29 18:00:00,2026-08-29 14:00:00
O03860,ORD081S5,2026-08-29 10:00:00,S5,SKU021,4,2026-08-29 18:00:00,2026-08-29 14:00:00
O03861,ORD081S5,2026-08-29 10:00:00,S5,SKU025,5,2026-08-29 18:00:00,2026-08-29 14:00:00
O03862,ORD081S5,2026-08-29 10:00:00,S5,SKU027,5,2026-08-29 18:00:00,2026-08-29 14:00:00
O03863,ORD082S1,2026-08-30 10:00:00,S1,SKU003,3,2026-08-30 18:00:00,2026-08-30 14:00:00
O03864,ORD082S1,2026-08-30 10:00:00,S1,SKU004,5,2026-08-30 18:00:00,2026-08-30 14:00:00
O03865,ORD082S1,2026-08-30 10:00:00,S1,SKU008,4,2026-08-30 18:00:00,2026-08-30 14:00:00
O03866,ORD082S1,2026-08-30 10:00:00,S1,SKU009,1,2026-08-30 18:00:00,2026-08-30 14:00:00
O03867,ORD082S1,2026-08-30 10:00:00,S1,SKU016,5,2026-08-30 18:00:00,2026-08-30 14:00:00
O03868,ORD082S1,2026-08-30 10:00:00,S1,SKU025,1,2026-08-30 18:00:00,2026-08-30 14:00:00
O03869,ORD082S1,2026-08-30 10:00:00,S1,SKU027,3,2026-08-30 18:00:00,2026-08-30 14:00:00
O03870,ORD082S1,2026-08-30 10:00:00,S1,SKU028,3,2026-08-30 18:00:00,2026-08-30 14:00:00
O03871,ORD082S2,2026-08-30 10:00:00,S2,SKU001,6,2026-08-30 18:00:00,2026-08-30 14:00:00
O03872,ORD082S2,2026-08-30 10:00:00,S2,SKU002,3,2026-08-30 18:00:00,2026-08-30 14:00:00
O03873,ORD082S2,2026-08-30 10:00:00,S2,SKU005,5,2026-08-30 18:00:00,2026-08-30 14:00:00
O03874,ORD082S2,2026-08-30 10:00:00,S2,SKU006,3,2026-08-30 18:00:00,2026-08-30 14:00:00
O03875,ORD082S2,2026-08-30 10:00:00,S2,SKU008,6,2026-08-30 18:00:00,2026-08-30 14:00:00
O03876,ORD082S2,2026-08-30 10:00:00,S2,SKU012,4,2026-08-30 18:00:00,2026-08-30 14:00:00
O03877,ORD082S2,2026-08-30 10:00:00,S2,SKU017,1,2026-08-30 18:00:00,2026-08-30 14:00:00
O03878,ORD082S2,2026-08-30 10:00:00,S2,SKU025,4,2026-08-30 18:00:00,2026-08-30 14:00:00
O03879,ORD082S2,2026-08-30 10:00:00,S2,SKU027,6,2026-08-30 18:00:00,2026-08-30 14:00:00
O03880,ORD082S2,2026-08-30 10:00:00,S2,SKU028,6,2026-08-30 18:00:00,2026-08-30 14:00:00
O03881,ORD082S3,2026-08-30 10:00:00,S3,SKU003,2,2026-08-30 18:00:00,2026-08-30 14:00:00
O03882,ORD082S3,2026-08-30 10:00:00,S3,SKU004,2,2026-08-30 18:00:00,2026-08-30 14:00:00
O03883,ORD082S3,2026-08-30 10:00:00,S3,SKU005,6,2026-08-30 18:00:00,2026-08-30 14:00:00
O03884,ORD082S3,2026-08-30 10:00:00,S3,SKU006,2,2026-08-30 18:00:00,2026-08-30 14:00:00
O03885,ORD082S3,2026-08-30 10:00:00,S3,SKU008,5,2026-08-30 18:00:00,2026-08-30 14:00:00
O03886,ORD082S3,2026-08-30 10:00:00,S3,SKU012,6,2026-08-30 18:00:00,2026-08-30 14:00:00
O03887,ORD082S3,2026-08-30 10:00:00,S3,SKU014,3,2026-08-30 18:00:00,2026-08-30 14:00:00
O03888,ORD082S3,2026-08-30 10:00:00,S3,SKU015,8,2026-08-30 18:00:00,2026-08-30 14:00:00
O03889,ORD082S3,2026-08-30 10:00:00,S3,SKU016,2,2026-08-30 18:00:00,2026-08-30 14:00:00
O03890,ORD082S3,2026-08-30 10:00:00,S3,SKU019,2,2026-08-30 18:00:00,2026-08-30 14:00:00
O03891,ORD082S3,2026-08-30 10:00:00,S3,SKU021,2,2026-08-30 18:00:00,2026-08-30 14:00:00
O03892,ORD082S3,2026-08-30 10:00:00,S3,SKU023,8,2026-08-30 18:00:00,2026-08-30 14:00:00
O03893,ORD082S3,2026-08-30 10:00:00,S3,SKU025,6,2026-08-30 18:00:00,2026-08-30 14:00:00
O03894,ORD082S3,2026-08-30 10:00:00,S3,SKU026,8,2026-08-30 18:00:00,2026-08-30 14:00:00
O03895,ORD082S3,2026-08-30 10:00:00,S3,SKU029,2,2026-08-30 18:00:00,2026-08-30 14:00:00
O03896,ORD082S4,2026-08-30 10:00:00,S4,SKU002,9,2026-08-30 18:00:00,2026-08-30 14:00:00
O03897,ORD082S4,2026-08-30 10:00:00,S4,SKU003,4,2026-08-30 18:00:00,2026-08-30 14:00:00
O03898,ORD082S4,2026-08-30 10:00:00,S4,SKU004,9,2026-08-30 18:00:00,2026-08-30 14:00:00
O03899,ORD082S4,2026-08-30 10:00:00,S4,SKU005,7,2026-08-30 18:00:00,2026-08-30 14:00:00
O03900,ORD082S4,2026-08-30 10:00:00,S4,SKU006,4,2026-08-30 18:00:00,2026-08-30 14:00:00
O03901,ORD082S4,2026-08-30 10:00:00,S4,SKU008,7,2026-08-30 18:00:00,2026-08-30 14:00:00
O03902,ORD082S4,2026-08-30 10:00:00,S4,SKU019,5,2026-08-30 18:00:00,2026-08-30 14:00:00
O03903,ORD082S4,2026-08-30 10:00:00,S4,SKU023,9,2026-08-30 18:00:00,2026-08-30 14:00:00
O03904,ORD082S4,2026-08-30 10:00:00,S4,SKU025,5,2026-08-30 18:00:00,2026-08-30 14:00:00
O03905,ORD082S5,2026-08-30 10:00:00,S5,SKU001,5,2026-08-30 18:00:00,2026-08-30 14:00:00
O03906,ORD082S5,2026-08-30 10:00:00,S5,SKU002,2,2026-08-30 18:00:00,2026-08-30 14:00:00
O03907,ORD082S5,2026-08-30 10:00:00,S5,SKU005,1,2026-08-30 18:00:00,2026-08-30 14:00:00
O03908,ORD082S5,2026-08-30 10:00:00,S5,SKU006,2,2026-08-30 18:00:00,2026-08-30 14:00:00
O03909,ORD082S5,2026-08-30 10:00:00,S5,SKU009,4,2026-08-30 18:00:00,2026-08-30 14:00:00
O03910,ORD082S5,2026-08-30 10:00:00,S5,SKU011,2,2026-08-30 18:00:00,2026-08-30 14:00:00
O03911,ORD082S5,2026-08-30 10:00:00,S5,SKU013,2,2026-08-30 18:00:00,2026-08-30 14:00:00
O03912,ORD082S5,2026-08-30 10:00:00,S5,SKU017,6,2026-08-30 18:00:00,2026-08-30 14:00:00
O03913,ORD082S5,2026-08-30 10:00:00,S5,SKU027,4,2026-08-30 18:00:00,2026-08-30 14:00:00
O03914,ORD083S1,2026-08-31 10:00:00,S1,SKU001,4,2026-08-31 18:00:00,2026-08-31 14:00:00
O03915,ORD083S1,2026-08-31 10:00:00,S1,SKU004,2,2026-08-31 18:00:00,2026-08-31 14:00:00
O03916,ORD083S1,2026-08-31 10:00:00,S1,SKU006,2,2026-08-31 18:00:00,2026-08-31 14:00:00
O03917,ORD083S1,2026-08-31 10:00:00,S1,SKU007,2,2026-08-31 18:00:00,2026-08-31 14:00:00
O03918,ORD083S1,2026-08-31 10:00:00,S1,SKU017,2,2026-08-31 18:00:00,2026-08-31 14:00:00
O03919,ORD083S1,2026-08-31 10:00:00,S1,SKU018,2,2026-08-31 18:00:00,2026-08-31 14:00:00
O03920,ORD083S1,2026-08-31 10:00:00,S1,SKU026,3,2026-08-31 18:00:00,2026-08-31 14:00:00
O03921,ORD083S2,2026-08-31 10:00:00,S2,SKU001,1,2026-08-31 18:00:00,2026-08-31 14:00:00
O03922,ORD083S2,2026-08-31 10:00:00,S2,SKU003,5,2026-08-31 18:00:00,2026-08-31 14:00:00
O03923,ORD083S2,2026-08-31 10:00:00,S2,SKU004,4,2026-08-31 18:00:00,
O03924,ORD083S2,2026-08-31 10:00:00,S2,SKU005,5,2026-08-31 18:00:00,2026-08-31 14:00:00
O03925,ORD083S2,2026-08-31 10:00:00,S2,SKU009,3,2026-08-31 18:00:00,2026-08-31 14:00:00
O03926,ORD083S2,2026-08-31 10:00:00,S2,SKU014,4,2026-08-31 18:00:00,2026-08-31 14:00:00
O03927,ORD083S2,2026-08-31 10:00:00,S2,SKU017,5,2026-08-31 18:00:00,2026-08-31 14:00:00
O03928,ORD083S2,2026-08-31 10:00:00,S2,SKU023,5,2026-08-31 18:00:00,2026-08-31 14:00:00
O03929,ORD083S2,2026-08-31 10:00:00,S2,SKU027,3,2026-08-31 18:00:00,2026-08-31 14:00:00
O03930,ORD083S3,2026-08-31 10:00:00,S3,SKU001,2,2026-08-31 18:00:00,2026-08-31 14:00:00
O03931,ORD083S3,2026-08-31 10:00:00,S3,SKU003,1,2026-08-31 18:00:00,2026-08-31 14:00:00
O03932,ORD083S3,2026-08-31 10:00:00,S3,SKU004,5,2026-08-31 18:00:00,
O03933,ORD083S3,2026-08-31 10:00:00,S3,SKU005,2,2026-08-31 18:00:00,2026-08-31 14:00:00
O03934,ORD083S3,2026-08-31 10:00:00,S3,SKU008,5,2026-08-31 18:00:00,2026-08-31 14:00:00
O03935,ORD083S3,2026-08-31 10:00:00,S3,SKU011,6,2026-08-31 18:00:00,2026-08-31 14:00:00
O03936,ORD083S3,2026-08-31 10:00:00,S3,SKU017,5,2026-08-31 18:00:00,2026-08-31 14:00:00
O03937,ORD083S3,2026-08-31 10:00:00,S3,SKU018,6,2026-08-31 18:00:00,2026-08-31 14:00:00
O03938,ORD083S3,2026-08-31 10:00:00,S3,SKU020,1,2026-08-31 18:00:00,2026-08-31 14:00:00
O03939,ORD083S3,2026-08-31 10:00:00,S3,SKU027,6,2026-08-31 18:00:00,2026-08-31 14:00:00
O03940,ORD083S4,2026-08-31 10:00:00,S4,SKU001,6,2026-08-31 18:00:00,2026-08-31 14:00:00
O03941,ORD083S4,2026-08-31 10:00:00,S4,SKU002,3,2026-08-31 18:00:00,2026-08-31 14:00:00
O03942,ORD083S4,2026-08-31 10:00:00,S4,SKU004,7,2026-08-31 18:00:00,
O03943,ORD083S4,2026-08-31 10:00:00,S4,SKU006,4,2026-08-31 18:00:00,2026-08-31 14:00:00
O03944,ORD083S4,2026-08-31 10:00:00,S4,SKU013,7,2026-08-31 18:00:00,2026-08-31 14:00:00
O03945,ORD083S4,2026-08-31 10:00:00,S4,SKU016,1,2026-08-31 18:00:00,2026-08-31 14:00:00
O03946,ORD083S4,2026-08-31 10:00:00,S4,SKU020,4,2026-08-31 18:00:00,2026-08-31 14:00:00
O03947,ORD083S4,2026-08-31 10:00:00,S4,SKU021,4,2026-08-31 18:00:00,2026-08-31 14:00:00
O03948,ORD083S4,2026-08-31 10:00:00,S4,SKU022,7,2026-08-31 18:00:00,2026-08-31 14:00:00
O03949,ORD083S5,2026-08-31 10:00:00,S5,SKU001,4,2026-08-31 18:00:00,2026-08-31 14:00:00
O03950,ORD083S5,2026-08-31 10:00:00,S5,SKU003,2,2026-08-31 18:00:00,2026-08-31 14:00:00
O03951,ORD083S5,2026-08-31 10:00:00,S5,SKU004,3,2026-08-31 18:00:00,
O03952,ORD083S5,2026-08-31 10:00:00,S5,SKU006,4,2026-08-31 18:00:00,2026-08-31 14:00:00
O03953,ORD083S5,2026-08-31 10:00:00,S5,SKU007,1,2026-08-31 18:00:00,2026-08-31 14:00:00
O03954,ORD083S5,2026-08-31 10:00:00,S5,SKU008,3,2026-08-31 18:00:00,2026-08-31 14:00:00
O03955,ORD083S5,2026-08-31 10:00:00,S5,SKU014,2,2026-08-31 18:00:00,2026-08-31 14:00:00
O03956,ORD083S5,2026-08-31 10:00:00,S5,SKU016,1,2026-08-31 18:00:00,2026-08-31 14:00:00
O03957,ORD083S5,2026-08-31 10:00:00,S5,SKU018,4,2026-08-31 18:00:00,2026-08-31 14:00:00
O03958,ORD083S5,2026-08-31 10:00:00,S5,SKU019,3,2026-08-31 18:00:00,2026-08-31 14:00:00
O03959,ORD083S5,2026-08-31 10:00:00,S5,SKU020,2,2026-08-31 18:00:00,2026-08-31 14:00:00
O03960,ORD083S5,2026-08-31 10:00:00,S5,SKU022,3,2026-08-31 18:00:00,2026-08-31 14:00:00
O03961,ORD083S5,2026-08-31 10:00:00,S5,SKU023,1,2026-08-31 18:00:00,2026-08-31 14:00:00
O03962,ORD083S5,2026-08-31 10:00:00,S5,SKU024,2,2026-08-31 18:00:00,2026-08-31 14:00:00
O03963,ORD083S5,2026-08-31 10:00:00,S5,SKU026,3,2026-08-31 18:00:00,2026-08-31 14:00:00
O03964,ORD084S1,2026-09-01 10:00:00,S1,SKU006,1,2026-09-01 18:00:00,2026-09-01 14:00:00
O03965,ORD084S1,2026-09-01 10:00:00,S1,SKU007,3,2026-09-01 18:00:00,2026-09-01 14:00:00
O03966,ORD084S1,2026-09-01 10:00:00,S1,SKU015,2,2026-09-01 18:00:00,2026-09-01 14:00:00
O03967,ORD084S1,2026-09-01 10:00:00,S1,SKU022,1,2026-09-01 18:00:00,2026-09-01 14:00:00
O03968,ORD084S1,2026-09-01 10:00:00,S1,SKU025,4,2026-09-01 18:00:00,2026-09-01 14:00:00
O03969,ORD084S2,2026-09-01 10:00:00,S2,SKU001,4,2026-09-01 18:00:00,2026-09-01 14:00:00
O03970,ORD084S2,2026-09-01 10:00:00,S2,SKU002,5,2026-09-01 18:00:00,2026-09-01 14:00:00
O03971,ORD084S2,2026-09-01 10:00:00,S2,SKU003,2,2026-09-01 18:00:00,2026-09-01 14:00:00
O03972,ORD084S2,2026-09-01 10:00:00,S2,SKU005,4,2026-09-01 18:00:00,2026-09-01 14:00:00
O03973,ORD084S2,2026-09-01 10:00:00,S2,SKU006,5,2026-09-01 18:00:00,2026-09-01 14:00:00
O03974,ORD084S2,2026-09-01 10:00:00,S2,SKU007,1,2026-09-01 18:00:00,2026-09-01 14:00:00
O03975,ORD084S2,2026-09-01 10:00:00,S2,SKU018,5,2026-09-01 18:00:00,2026-09-01 14:00:00
O03976,ORD084S2,2026-09-01 10:00:00,S2,SKU020,2,2026-09-01 18:00:00,2026-09-01 14:00:00
O03977,ORD084S2,2026-09-01 10:00:00,S2,SKU025,2,2026-09-01 18:00:00,2026-09-01 14:00:00
O03978,ORD084S2,2026-09-01 10:00:00,S2,SKU026,4,2026-09-01 18:00:00,2026-09-01 14:00:00
O03979,ORD084S3,2026-09-01 10:00:00,S3,SKU001,5,2026-09-01 18:00:00,2026-09-01 14:00:00
O03980,ORD084S3,2026-09-01 10:00:00,S3,SKU002,2,2026-09-01 18:00:00,2026-09-01 14:00:00
O03981,ORD084S3,2026-09-01 10:00:00,S3,SKU006,5,2026-09-01 18:00:00,2026-09-01 14:00:00
O03982,ORD084S3,2026-09-01 10:00:00,S3,SKU008,2,2026-09-01 18:00:00,2026-09-01 14:00:00
O03983,ORD084S3,2026-09-01 10:00:00,S3,SKU011,4,2026-09-01 18:00:00,2026-09-01 14:00:00
O03984,ORD084S3,2026-09-01 10:00:00,S3,SKU015,4,2026-09-01 18:00:00,2026-09-01 14:00:00
O03985,ORD084S3,2026-09-01 10:00:00,S3,SKU028,5,2026-09-01 18:00:00,2026-09-01 14:00:00
O03986,ORD084S4,2026-09-01 10:00:00,S4,SKU002,4,2026-09-01 18:00:00,2026-09-01 14:00:00
O03987,ORD084S4,2026-09-01 10:00:00,S4,SKU003,7,2026-09-01 18:00:00,2026-09-01 14:00:00
O03988,ORD084S4,2026-09-01 10:00:00,S4,SKU004,3,2026-09-01 18:00:00,2026-09-01 14:00:00
O03989,ORD084S4,2026-09-01 10:00:00,S4,SKU017,4,2026-09-01 18:00:00,2026-09-01 14:00:00
O03990,ORD084S4,2026-09-01 10:00:00,S4,SKU019,4,2026-09-01 18:00:00,2026-09-01 14:00:00
O03991,ORD084S4,2026-09-01 10:00:00,S4,SKU022,7,2026-09-01 18:00:00,2026-09-01 14:00:00
O03992,ORD084S4,2026-09-01 10:00:00,S4,SKU026,7,2026-09-01 18:00:00,2026-09-01 14:00:00
O03993,ORD084S4,2026-09-01 10:00:00,S4,SKU028,1,2026-09-01 18:00:00,2026-09-01 14:00:00
O03994,ORD084S5,2026-09-01 10:00:00,S5,SKU001,3,2026-09-01 18:00:00,2026-09-01 14:00:00
O03995,ORD084S5,2026-09-01 10:00:00,S5,SKU002,4,2026-09-01 18:00:00,2026-09-01 14:00:00
O03996,ORD084S5,2026-09-01 10:00:00,S5,SKU003,1,2026-09-01 18:00:00,2026-09-01 14:00:00
O03997,ORD084S5,2026-09-01 10:00:00,S5,SKU009,4,2026-09-01 18:00:00,2026-09-01 14:00:00
O03998,ORD084S5,2026-09-01 10:00:00,S5,SKU012,4,2026-09-01 18:00:00,2026-09-01 14:00:00
O03999,ORD084S5,2026-09-01 10:00:00,S5,SKU013,2,2026-09-01 18:00:00,2026-09-01 14:00:00
O04000,ORD084S5,2026-09-01 10:00:00,S5,SKU020,4,2026-09-01 18:00:00,2026-09-01 14:00:00
O04001,ORD084S5,2026-09-01 10:00:00,S5,SKU023,1,2026-09-01 18:00:00,2026-09-01 14:00:00
O04002,ORD084S5,2026-09-01 10:00:00,S5,SKU025,4,2026-09-01 18:00:00,2026-09-01 14:00:00
O04003,ORD084S5,2026-09-01 10:00:00,S5,SKU026,3,2026-09-01 18:00:00,2026-09-01 14:00:00
O04004,ORD085S1,2026-09-02 10:00:00,S1,SKU001,3,2026-09-02 18:00:00,2026-09-02 14:00:00
O04005,ORD085S1,2026-09-02 10:00:00,S1,SKU002,4,2026-09-02 18:00:00,2026-09-02 14:00:00
O04006,ORD085S1,2026-09-02 10:00:00,S1,SKU003,4,2026-09-02 18:00:00,2026-09-02 14:00:00
O04007,ORD085S1,2026-09-02 10:00:00,S1,SKU005,4,2026-09-02 18:00:00,2026-09-02 14:00:00
O04008,ORD085S1,2026-09-02 10:00:00,S1,SKU020,3,2026-09-02 18:00:00,2026-09-02 14:00:00
O04009,ORD085S1,2026-09-02 10:00:00,S1,SKU021,2,2026-09-02 18:00:00,2026-09-02 14:00:00
O04010,ORD085S1,2026-09-02 10:00:00,S1,SKU023,3,2026-09-02 18:00:00,2026-09-02 14:00:00
O04011,ORD085S1,2026-09-02 10:00:00,S1,SKU025,2,2026-09-02 18:00:00,2026-09-02 14:00:00
O04012,ORD085S1,2026-09-02 10:00:00,S1,SKU026,2,2026-09-02 18:00:00,2026-09-02 14:00:00
O04013,ORD085S1,2026-09-02 10:00:00,S1,SKU027,1,2026-09-02 18:00:00,2026-09-02 14:00:00
O04014,ORD085S2,2026-09-02 10:00:00,S2,SKU001,4,2026-09-02 18:00:00,2026-09-02 14:00:00
O04015,ORD085S2,2026-09-02 10:00:00,S2,SKU002,2,2026-09-02 18:00:00,2026-09-02 14:00:00
O04016,ORD085S2,2026-09-02 10:00:00,S2,SKU003,1,2026-09-02 18:00:00,2026-09-02 14:00:00
O04017,ORD085S2,2026-09-02 10:00:00,S2,SKU004,1,2026-09-02 18:00:00,2026-09-02 14:00:00
O04018,ORD085S2,2026-09-02 10:00:00,S2,SKU006,5,2026-09-02 18:00:00,2026-09-02 14:00:00
O04019,ORD085S2,2026-09-02 10:00:00,S2,SKU016,5,2026-09-02 18:00:00,2026-09-02 14:00:00
O04020,ORD085S2,2026-09-02 10:00:00,S2,SKU021,4,2026-09-02 18:00:00,2026-09-02 14:00:00
O04021,ORD085S2,2026-09-02 10:00:00,S2,SKU028,1,2026-09-02 18:00:00,2026-09-02 14:00:00
O04022,ORD085S3,2026-09-02 10:00:00,S3,SKU001,4,2026-09-02 18:00:00,2026-09-02 14:00:00
O04023,ORD085S3,2026-09-02 10:00:00,S3,SKU003,6,2026-09-02 18:00:00,2026-09-02 14:00:00
O04024,ORD085S3,2026-09-02 10:00:00,S3,SKU004,5,2026-09-02 18:00:00,2026-09-02 14:00:00
O04025,ORD085S3,2026-09-02 10:00:00,S3,SKU006,6,2026-09-02 18:00:00,2026-09-02 14:00:00
O04026,ORD085S3,2026-09-02 10:00:00,S3,SKU007,1,2026-09-02 18:00:00,2026-09-02 14:00:00
O04027,ORD085S3,2026-09-02 10:00:00,S3,SKU012,6,2026-09-02 18:00:00,2026-09-02 14:00:00
O04028,ORD085S3,2026-09-02 10:00:00,S3,SKU014,2,2026-09-02 18:00:00,2026-09-02 14:00:00
O04029,ORD085S3,2026-09-02 10:00:00,S3,SKU017,1,2026-09-02 18:00:00,2026-09-02 14:00:00
O04030,ORD085S3,2026-09-02 10:00:00,S3,SKU018,1,2026-09-02 18:00:00,2026-09-02 14:00:00
O04031,ORD085S3,2026-09-02 10:00:00,S3,SKU022,4,2026-09-02 18:00:00,2026-09-02 14:00:00
O04032,ORD085S3,2026-09-02 10:00:00,S3,SKU023,6,2026-09-02 18:00:00,2026-09-02 14:00:00
O04033,ORD085S3,2026-09-02 10:00:00,S3,SKU024,2,2026-09-02 18:00:00,2026-09-02 14:00:00
O04034,ORD085S3,2026-09-02 10:00:00,S3,SKU028,6,2026-09-02 18:00:00,2026-09-02 14:00:00
O04035,ORD085S4,2026-09-02 10:00:00,S4,SKU001,6,2026-09-02 18:00:00,2026-09-02 14:00:00
O04036,ORD085S4,2026-09-02 10:00:00,S4,SKU002,4,2026-09-02 18:00:00,2026-09-02 14:00:00
O04037,ORD085S4,2026-09-02 10:00:00,S4,SKU004,7,2026-09-02 18:00:00,2026-09-02 14:00:00
O04038,ORD085S4,2026-09-02 10:00:00,S4,SKU005,4,2026-09-02 18:00:00,2026-09-02 14:00:00
O04039,ORD085S4,2026-09-02 10:00:00,S4,SKU006,7,2026-09-02 18:00:00,2026-09-02 14:00:00
O04040,ORD085S4,2026-09-02 10:00:00,S4,SKU009,3,2026-09-02 18:00:00,2026-09-02 14:00:00
O04041,ORD085S4,2026-09-02 10:00:00,S4,SKU011,6,2026-09-02 18:00:00,2026-09-02 14:00:00
O04042,ORD085S4,2026-09-02 10:00:00,S4,SKU012,4,2026-09-02 18:00:00,2026-09-02 14:00:00
O04043,ORD085S4,2026-09-02 10:00:00,S4,SKU014,1,2026-09-02 18:00:00,2026-09-02 14:00:00
O04044,ORD085S4,2026-09-02 10:00:00,S4,SKU017,4,2026-09-02 18:00:00,2026-09-02 14:00:00
O04045,ORD085S4,2026-09-02 10:00:00,S4,SKU018,4,2026-09-02 18:00:00,2026-09-02 14:00:00
O04046,ORD085S4,2026-09-02 10:00:00,S4,SKU019,6,2026-09-02 18:00:00,2026-09-02 14:00:00
O04047,ORD085S4,2026-09-02 10:00:00,S4,SKU023,7,2026-09-02 18:00:00,2026-09-02 14:00:00
O04048,ORD085S4,2026-09-02 10:00:00,S4,SKU025,7,2026-09-02 18:00:00,2026-09-02 14:00:00
O04049,ORD085S5,2026-09-02 10:00:00,S5,SKU002,4,2026-09-02 18:00:00,2026-09-02 14:00:00
O04050,ORD085S5,2026-09-02 10:00:00,S5,SKU006,1,2026-09-02 18:00:00,2026-09-02 14:00:00
O04051,ORD085S5,2026-09-02 10:00:00,S5,SKU007,4,2026-09-02 18:00:00,2026-09-02 14:00:00
O04052,ORD085S5,2026-09-02 10:00:00,S5,SKU011,2,2026-09-02 18:00:00,2026-09-02 14:00:00
O04053,ORD085S5,2026-09-02 10:00:00,S5,SKU012,2,2026-09-02 18:00:00,2026-09-02 14:00:00
O04054,ORD085S5,2026-09-02 10:00:00,S5,SKU015,1,2026-09-02 18:00:00,2026-09-02 14:00:00
O04055,ORD085S5,2026-09-02 10:00:00,S5,SKU027,3,2026-09-02 18:00:00,2026-09-02 14:00:00
O04056,ORD085S5,2026-09-02 10:00:00,S5,SKU028,1,2026-09-02 18:00:00,2026-09-02 14:00:00
O04057,ORD086S1,2026-09-03 10:00:00,S1,SKU002,3,2026-09-03 18:00:00,2026-09-03 14:00:00
O04058,ORD086S1,2026-09-03 10:00:00,S1,SKU003,2,2026-09-03 18:00:00,2026-09-03 14:00:00
O04059,ORD086S1,2026-09-03 10:00:00,S1,SKU004,1,2026-09-03 18:00:00,2026-09-03 14:00:00
O04060,ORD086S1,2026-09-03 10:00:00,S1,SKU014,2,2026-09-03 18:00:00,2026-09-03 14:00:00
O04061,ORD086S1,2026-09-03 10:00:00,S1,SKU018,2,2026-09-03 18:00:00,2026-09-03 14:00:00
O04062,ORD086S1,2026-09-03 10:00:00,S1,SKU021,3,2026-09-03 18:00:00,2026-09-03 14:00:00
O04063,ORD086S1,2026-09-03 10:00:00,S1,SKU025,1,2026-09-03 18:00:00,2026-09-03 14:00:00
O04064,ORD086S1,2026-09-03 10:00:00,S1,SKU027,2,2026-09-03 18:00:00,2026-09-03 14:00:00
O04065,ORD086S2,2026-09-03 10:00:00,S2,SKU001,1,2026-09-03 18:00:00,2026-09-03 14:00:00
O04066,ORD086S2,2026-09-03 10:00:00,S2,SKU002,4,2026-09-03 18:00:00,2026-09-03 14:00:00
O04067,ORD086S2,2026-09-03 10:00:00,S2,SKU004,5,2026-09-03 18:00:00,2026-09-03 14:00:00
O04068,ORD086S2,2026-09-03 10:00:00,S2,SKU006,5,2026-09-03 18:00:00,2026-09-03 14:00:00
O04069,ORD086S2,2026-09-03 10:00:00,S2,SKU009,3,2026-09-03 18:00:00,2026-09-03 14:00:00
O04070,ORD086S2,2026-09-03 10:00:00,S2,SKU011,3,2026-09-03 18:00:00,2026-09-03 14:00:00
O04071,ORD086S2,2026-09-03 10:00:00,S2,SKU013,1,2026-09-03 18:00:00,2026-09-03 14:00:00
O04072,ORD086S2,2026-09-03 10:00:00,S2,SKU017,4,2026-09-03 18:00:00,2026-09-03 14:00:00
O04073,ORD086S2,2026-09-03 10:00:00,S2,SKU018,5,2026-09-03 18:00:00,2026-09-03 14:00:00
O04074,ORD086S2,2026-09-03 10:00:00,S2,SKU026,3,2026-09-03 18:00:00,2026-09-03 14:00:00
O04075,ORD086S3,2026-09-03 10:00:00,S3,SKU002,1,2026-09-03 18:00:00,2026-09-03 14:00:00
O04076,ORD086S3,2026-09-03 10:00:00,S3,SKU003,2,2026-09-03 18:00:00,2026-09-03 14:00:00
O04077,ORD086S3,2026-09-03 10:00:00,S3,SKU004,4,2026-09-03 18:00:00,2026-09-03 14:00:00
O04078,ORD086S3,2026-09-03 10:00:00,S3,SKU005,1,2026-09-03 18:00:00,2026-09-03 14:00:00
O04079,ORD086S3,2026-09-03 10:00:00,S3,SKU008,6,2026-09-03 18:00:00,2026-09-03 14:00:00
O04080,ORD086S3,2026-09-03 10:00:00,S3,SKU013,1,2026-09-03 18:00:00,2026-09-03 14:00:00
O04081,ORD086S3,2026-09-03 10:00:00,S3,SKU019,5,2026-09-03 18:00:00,2026-09-03 14:00:00
O04082,ORD086S3,2026-09-03 10:00:00,S3,SKU022,5,2026-09-03 18:00:00,2026-09-03 14:00:00
O04083,ORD086S3,2026-09-03 10:00:00,S3,SKU025,5,2026-09-03 18:00:00,2026-09-03 14:00:00
O04084,ORD086S3,2026-09-03 10:00:00,S3,SKU026,5,2026-09-03 18:00:00,2026-09-03 14:00:00
O04085,ORD086S4,2026-09-03 10:00:00,S4,SKU002,6,2026-09-03 18:00:00,2026-09-03 14:00:00
O04086,ORD086S4,2026-09-03 10:00:00,S4,SKU003,6,2026-09-03 18:00:00,2026-09-03 14:00:00
O04087,ORD086S4,2026-09-03 10:00:00,S4,SKU005,6,2026-09-03 18:00:00,2026-09-03 14:00:00
O04088,ORD086S4,2026-09-03 10:00:00,S4,SKU006,6,2026-09-03 18:00:00,2026-09-03 14:00:00
O04089,ORD086S4,2026-09-03 10:00:00,S4,SKU008,6,2026-09-03 18:00:00,2026-09-03 14:00:00
O04090,ORD086S4,2026-09-03 10:00:00,S4,SKU009,7,2026-09-03 18:00:00,2026-09-03 14:00:00
O04091,ORD086S4,2026-09-03 10:00:00,S4,SKU021,6,2026-09-03 18:00:00,2026-09-03 14:00:00
O04092,ORD086S4,2026-09-03 10:00:00,S4,SKU023,7,2026-09-03 18:00:00,2026-09-03 14:00:00
O04093,ORD086S4,2026-09-03 10:00:00,S4,SKU027,6,2026-09-03 18:00:00,2026-09-03 14:00:00
O04094,ORD086S5,2026-09-03 10:00:00,S5,SKU001,2,2026-09-03 18:00:00,2026-09-03 14:00:00
O04095,ORD086S5,2026-09-03 10:00:00,S5,SKU002,4,2026-09-03 18:00:00,2026-09-03 14:00:00
O04096,ORD086S5,2026-09-03 10:00:00,S5,SKU003,3,2026-09-03 18:00:00,2026-09-03 14:00:00
O04097,ORD086S5,2026-09-03 10:00:00,S5,SKU004,4,2026-09-03 18:00:00,2026-09-03 14:00:00
O04098,ORD086S5,2026-09-03 10:00:00,S5,SKU005,2,2026-09-03 18:00:00,2026-09-03 14:00:00
O04099,ORD086S5,2026-09-03 10:00:00,S5,SKU006,4,2026-09-03 18:00:00,2026-09-03 14:00:00
O04100,ORD086S5,2026-09-03 10:00:00,S5,SKU013,2,2026-09-03 18:00:00,2026-09-03 14:00:00
O04101,ORD086S5,2026-09-03 10:00:00,S5,SKU014,3,2026-09-03 18:00:00,2026-09-03 14:00:00
O04102,ORD086S5,2026-09-03 10:00:00,S5,SKU016,2,2026-09-03 18:00:00,2026-09-03 14:00:00
O04103,ORD086S5,2026-09-03 10:00:00,S5,SKU018,2,2026-09-03 18:00:00,2026-09-03 14:00:00
O04104,ORD086S5,2026-09-03 10:00:00,S5,SKU024,4,2026-09-03 18:00:00,2026-09-03 14:00:00
O04105,ORD086S5,2026-09-03 10:00:00,S5,SKU025,3,2026-09-03 18:00:00,2026-09-03 14:00:00
O04106,ORD086S5,2026-09-03 10:00:00,S5,SKU027,4,2026-09-03 18:00:00,2026-09-03 14:00:00
O04107,ORD086S5,2026-09-03 10:00:00,S5,SKU028,2,2026-09-03 18:00:00,2026-09-03 14:00:00
O04108,ORD087S1,2026-09-04 10:00:00,S1,SKU001,3,2026-09-04 18:00:00,2026-09-04 14:00:00
O04109,ORD087S1,2026-09-04 10:00:00,S1,SKU004,2,2026-09-04 18:00:00,2026-09-04 14:00:00
O04110,ORD087S1,2026-09-04 10:00:00,S1,SKU006,2,2026-09-04 18:00:00,2026-09-04 14:00:00
O04111,ORD087S1,2026-09-04 10:00:00,S1,SKU012,2,2026-09-04 18:00:00,2026-09-04 14:00:00
O04112,ORD087S1,2026-09-04 10:00:00,S1,SKU013,3,2026-09-04 18:00:00,2026-09-04 14:00:00
O04113,ORD087S1,2026-09-04 10:00:00,S1,SKU014,3,2026-09-04 18:00:00,2026-09-04 14:00:00
O04114,ORD087S1,2026-09-04 10:00:00,S1,SKU016,2,2026-09-04 18:00:00,2026-09-04 14:00:00
O04115,ORD087S1,2026-09-04 10:00:00,S1,SKU017,1,2026-09-04 18:00:00,2026-09-04 14:00:00
O04116,ORD087S1,2026-09-04 10:00:00,S1,SKU029,4,2026-09-04 18:00:00,2026-09-04 14:00:00
O04117,ORD087S2,2026-09-04 10:00:00,S2,SKU003,3,2026-09-04 18:00:00,2026-09-04 14:00:00
O04118,ORD087S2,2026-09-04 10:00:00,S2,SKU004,2,2026-09-04 18:00:00,2026-09-04 14:00:00
O04119,ORD087S2,2026-09-04 10:00:00,S2,SKU012,2,2026-09-04 18:00:00,2026-09-04 14:00:00
O04120,ORD087S2,2026-09-04 10:00:00,S2,SKU020,3,2026-09-04 18:00:00,2026-09-04 14:00:00
O04121,ORD087S2,2026-09-04 10:00:00,S2,SKU022,5,2026-09-04 18:00:00,2026-09-04 14:00:00
O04122,ORD087S2,2026-09-04 10:00:00,S2,SKU027,1,2026-09-04 18:00:00,2026-09-04 14:00:00
O04123,ORD087S3,2026-09-04 10:00:00,S3,SKU001,5,2026-09-04 18:00:00,2026-09-04 14:00:00
O04124,ORD087S3,2026-09-04 10:00:00,S3,SKU003,1,2026-09-04 18:00:00,2026-09-04 14:00:00
O04125,ORD087S3,2026-09-04 10:00:00,S3,SKU004,6,2026-09-04 18:00:00,2026-09-04 14:00:00
O04126,ORD087S3,2026-09-04 10:00:00,S3,SKU005,5,2026-09-04 18:00:00,2026-09-04 14:00:00
O04127,ORD087S3,2026-09-04 10:00:00,S3,SKU007,4,2026-09-04 18:00:00,2026-09-04 14:00:00
O04128,ORD087S3,2026-09-04 10:00:00,S3,SKU013,2,2026-09-04 18:00:00,2026-09-04 14:00:00
O04129,ORD087S3,2026-09-04 10:00:00,S3,SKU015,5,2026-09-04 18:00:00,2026-09-04 14:00:00
O04130,ORD087S3,2026-09-04 10:00:00,S3,SKU016,4,2026-09-04 18:00:00,2026-09-04 14:00:00
O04131,ORD087S3,2026-09-04 10:00:00,S3,SKU017,6,2026-09-04 18:00:00,2026-09-04 14:00:00
O04132,ORD087S3,2026-09-04 10:00:00,S3,SKU020,4,2026-09-04 18:00:00,2026-09-04 14:00:00
O04133,ORD087S3,2026-09-04 10:00:00,S3,SKU022,5,2026-09-04 18:00:00,2026-09-04 14:00:00
O04134,ORD087S3,2026-09-04 10:00:00,S3,SKU028,6,2026-09-04 18:00:00,2026-09-04 14:00:00
O04135,ORD087S4,2026-09-04 10:00:00,S4,SKU001,1,2026-09-04 18:00:00,2026-09-04 14:00:00
O04136,ORD087S4,2026-09-04 10:00:00,S4,SKU002,7,2026-09-04 18:00:00,2026-09-04 14:00:00
O04137,ORD087S4,2026-09-04 10:00:00,S4,SKU004,3,2026-09-04 18:00:00,2026-09-04 14:00:00
O04138,ORD087S4,2026-09-04 10:00:00,S4,SKU008,1,2026-09-04 18:00:00,2026-09-04 14:00:00
O04139,ORD087S4,2026-09-04 10:00:00,S4,SKU013,4,2026-09-04 18:00:00,2026-09-04 14:00:00
O04140,ORD087S4,2026-09-04 10:00:00,S4,SKU016,3,2026-09-04 18:00:00,2026-09-04 14:00:00
O04141,ORD087S4,2026-09-04 10:00:00,S4,SKU017,1,2026-09-04 18:00:00,2026-09-04 14:00:00
O04142,ORD087S4,2026-09-04 10:00:00,S4,SKU021,4,2026-09-04 18:00:00,2026-09-04 14:00:00
O04143,ORD087S5,2026-09-04 10:00:00,S5,SKU002,1,2026-09-04 18:00:00,2026-09-04 14:00:00
O04144,ORD087S5,2026-09-04 10:00:00,S5,SKU004,3,2026-09-04 18:00:00,2026-09-04 14:00:00
O04145,ORD087S5,2026-09-04 10:00:00,S5,SKU005,3,2026-09-04 18:00:00,2026-09-04 14:00:00
O04146,ORD087S5,2026-09-04 10:00:00,S5,SKU006,4,2026-09-04 18:00:00,2026-09-04 14:00:00
O04147,ORD087S5,2026-09-04 10:00:00,S5,SKU008,1,2026-09-04 18:00:00,2026-09-04 14:00:00
O04148,ORD087S5,2026-09-04 10:00:00,S5,SKU012,4,2026-09-04 18:00:00,2026-09-04 14:00:00
O04149,ORD087S5,2026-09-04 10:00:00,S5,SKU014,3,2026-09-04 18:00:00,2026-09-04 14:00:00
O04150,ORD087S5,2026-09-04 10:00:00,S5,SKU015,4,2026-09-04 18:00:00,2026-09-04 14:00:00
O04151,ORD087S5,2026-09-04 10:00:00,S5,SKU017,3,2026-09-04 18:00:00,2026-09-04 14:00:00
O04152,ORD087S5,2026-09-04 10:00:00,S5,SKU024,3,2026-09-04 18:00:00,2026-09-04 14:00:00
O04153,ORD087S5,2026-09-04 10:00:00,S5,SKU025,4,2026-09-04 18:00:00,2026-09-04 14:00:00
O04154,ORD087S5,2026-09-04 10:00:00,S5,SKU027,4,2026-09-04 18:00:00,2026-09-04 14:00:00
O04155,ORD088S1,2026-09-05 10:00:00,S1,SKU002,4,2026-09-05 18:00:00,2026-09-05 14:00:00
O04156,ORD088S1,2026-09-05 10:00:00,S1,SKU003,1,2026-09-05 18:00:00,2026-09-05 14:00:00
O04157,ORD088S1,2026-09-05 10:00:00,S1,SKU004,4,2026-09-05 18:00:00,2026-09-05 14:00:00
O04158,ORD088S1,2026-09-05 10:00:00,S1,SKU006,4,2026-09-05 18:00:00,2026-09-05 14:00:00
O04159,ORD088S1,2026-09-05 10:00:00,S1,SKU007,1,2026-09-05 18:00:00,2026-09-05 14:00:00
O04160,ORD088S1,2026-09-05 10:00:00,S1,SKU016,5,2026-09-05 18:00:00,2026-09-05 14:00:00
O04161,ORD088S1,2026-09-05 10:00:00,S1,SKU018,4,2026-09-05 18:00:00,2026-09-05 14:00:00
O04162,ORD088S1,2026-09-05 10:00:00,S1,SKU022,2,2026-09-05 18:00:00,2026-09-05 14:00:00
O04163,ORD088S1,2026-09-05 10:00:00,S1,SKU023,2,2026-09-05 18:00:00,2026-09-05 14:00:00
O04164,ORD088S1,2026-09-05 10:00:00,S1,SKU027,2,2026-09-05 18:00:00,2026-09-05 14:00:00
O04165,ORD088S2,2026-09-05 10:00:00,S2,SKU005,4,2026-09-05 18:00:00,2026-09-05 14:00:00
O04166,ORD088S2,2026-09-05 10:00:00,S2,SKU007,1,2026-09-05 18:00:00,2026-09-05 14:00:00
O04167,ORD088S2,2026-09-05 10:00:00,S2,SKU008,6,2026-09-05 18:00:00,2026-09-05 14:00:00
O04168,ORD088S2,2026-09-05 10:00:00,S2,SKU011,1,2026-09-05 18:00:00,2026-09-05 14:00:00
O04169,ORD088S2,2026-09-05 10:00:00,S2,SKU012,5,2026-09-05 18:00:00,2026-09-05 14:00:00
O04170,ORD088S2,2026-09-05 10:00:00,S2,SKU015,3,2026-09-05 18:00:00,2026-09-05 14:00:00
O04171,ORD088S2,2026-09-05 10:00:00,S2,SKU016,3,2026-09-05 18:00:00,2026-09-05 14:00:00
O04172,ORD088S2,2026-09-05 10:00:00,S2,SKU018,4,2026-09-05 18:00:00,2026-09-05 14:00:00
O04173,ORD088S2,2026-09-05 10:00:00,S2,SKU021,4,2026-09-05 18:00:00,2026-09-05 14:00:00
O04174,ORD088S2,2026-09-05 10:00:00,S2,SKU026,5,2026-09-05 18:00:00,2026-09-05 14:00:00
O04175,ORD088S3,2026-09-05 10:00:00,S3,SKU003,3,2026-09-05 18:00:00,2026-09-05 14:00:00
O04176,ORD088S3,2026-09-05 10:00:00,S3,SKU005,5,2026-09-05 18:00:00,2026-09-05 14:00:00
O04177,ORD088S3,2026-09-05 10:00:00,S3,SKU007,3,2026-09-05 18:00:00,2026-09-05 14:00:00
O04178,ORD088S3,2026-09-05 10:00:00,S3,SKU011,2,2026-09-05 18:00:00,2026-09-05 14:00:00
O04179,ORD088S3,2026-09-05 10:00:00,S3,SKU015,3,2026-09-05 18:00:00,2026-09-05 14:00:00
O04180,ORD088S3,2026-09-05 10:00:00,S3,SKU016,2,2026-09-05 18:00:00,2026-09-05 14:00:00
O04181,ORD088S3,2026-09-05 10:00:00,S3,SKU018,2,2026-09-05 18:00:00,2026-09-05 14:00:00
O04182,ORD088S3,2026-09-05 10:00:00,S3,SKU019,6,2026-09-05 18:00:00,2026-09-05 14:00:00
O04183,ORD088S3,2026-09-05 10:00:00,S3,SKU023,5,2026-09-05 18:00:00,2026-09-05 14:00:00
O04184,ORD088S3,2026-09-05 10:00:00,S3,SKU028,3,2026-09-05 18:00:00,2026-09-05 14:00:00
O04185,ORD088S4,2026-09-05 10:00:00,S4,SKU002,9,2026-09-05 18:00:00,2026-09-05 14:00:00
O04186,ORD088S4,2026-09-05 10:00:00,S4,SKU003,7,2026-09-05 18:00:00,2026-09-05 14:00:00
O04187,ORD088S4,2026-09-05 10:00:00,S4,SKU006,7,2026-09-05 18:00:00,2026-09-05 14:00:00
O04188,ORD088S4,2026-09-05 10:00:00,S4,SKU011,4,2026-09-05 18:00:00,2026-09-05 14:00:00
O04189,ORD088S4,2026-09-05 10:00:00,S4,SKU013,5,2026-09-05 18:00:00,2026-09-05 14:00:00
O04190,ORD088S4,2026-09-05 10:00:00,S4,SKU017,5,2026-09-05 18:00:00,2026-09-05 14:00:00
O04191,ORD088S4,2026-09-05 10:00:00,S4,SKU018,4,2026-09-05 18:00:00,2026-09-05 14:00:00
O04192,ORD088S4,2026-09-05 10:00:00,S4,SKU019,9,2026-09-05 18:00:00,2026-09-05 14:00:00
O04193,ORD088S4,2026-09-05 10:00:00,S4,SKU021,5,2026-09-05 18:00:00,2026-09-05 14:00:00
O04194,ORD088S4,2026-09-05 10:00:00,S4,SKU022,4,2026-09-05 18:00:00,2026-09-05 14:00:00
O04195,ORD088S5,2026-09-05 10:00:00,S5,SKU001,5,2026-09-05 18:00:00,2026-09-05 14:00:00
O04196,ORD088S5,2026-09-05 10:00:00,S5,SKU004,4,2026-09-05 18:00:00,2026-09-05 14:00:00
O04197,ORD088S5,2026-09-05 10:00:00,S5,SKU006,6,2026-09-05 18:00:00,2026-09-05 14:00:00
O04198,ORD088S5,2026-09-05 10:00:00,S5,SKU008,1,2026-09-05 18:00:00,2026-09-05 14:00:00
O04199,ORD088S5,2026-09-05 10:00:00,S5,SKU013,4,2026-09-05 18:00:00,2026-09-05 14:00:00
O04200,ORD088S5,2026-09-05 10:00:00,S5,SKU014,5,2026-09-05 18:00:00,2026-09-05 14:00:00
O04201,ORD088S5,2026-09-05 10:00:00,S5,SKU016,5,2026-09-05 18:00:00,2026-09-05 14:00:00
O04202,ORD088S5,2026-09-05 10:00:00,S5,SKU020,6,2026-09-05 18:00:00,2026-09-05 14:00:00
O04203,ORD088S5,2026-09-05 10:00:00,S5,SKU021,6,2026-09-05 18:00:00,2026-09-05 14:00:00
O04204,ORD089S1,2026-09-06 10:00:00,S1,SKU001,4,2026-09-06 18:00:00,2026-09-06 14:00:00
O04205,ORD089S1,2026-09-06 10:00:00,S1,SKU003,5,2026-09-06 18:00:00,2026-09-06 14:00:00
O04206,ORD089S1,2026-09-06 10:00:00,S1,SKU008,4,2026-09-06 18:00:00,2026-09-06 14:00:00
O04207,ORD089S1,2026-09-06 10:00:00,S1,SKU009,3,2026-09-06 18:00:00,2026-09-06 14:00:00
O04208,ORD089S1,2026-09-06 10:00:00,S1,SKU011,2,2026-09-06 18:00:00,2026-09-06 14:00:00
O04209,ORD089S1,2026-09-06 10:00:00,S1,SKU012,3,2026-09-06 18:00:00,2026-09-06 14:00:00
O04210,ORD089S1,2026-09-06 10:00:00,S1,SKU014,1,2026-09-06 18:00:00,2026-09-06 14:00:00
O04211,ORD089S1,2026-09-06 10:00:00,S1,SKU015,4,2026-09-06 18:00:00,2026-09-06 14:00:00
O04212,ORD089S1,2026-09-06 10:00:00,S1,SKU020,3,2026-09-06 18:00:00,2026-09-06 14:00:00
O04213,ORD089S1,2026-09-06 10:00:00,S1,SKU023,1,2026-09-06 18:00:00,2026-09-06 14:00:00
O04214,ORD089S1,2026-09-06 10:00:00,S1,SKU027,2,2026-09-06 18:00:00,2026-09-06 14:00:00
O04215,ORD089S2,2026-09-06 10:00:00,S2,SKU001,6,2026-09-06 18:00:00,2026-09-06 14:00:00
O04216,ORD089S2,2026-09-06 10:00:00,S2,SKU002,6,2026-09-06 18:00:00,2026-09-06 14:00:00
O04217,ORD089S2,2026-09-06 10:00:00,S2,SKU003,6,2026-09-06 18:00:00,2026-09-06 14:00:00
O04218,ORD089S2,2026-09-06 10:00:00,S2,SKU004,1,2026-09-06 18:00:00,2026-09-06 14:00:00
O04219,ORD089S2,2026-09-06 10:00:00,S2,SKU005,4,2026-09-06 18:00:00,2026-09-06 14:00:00
O04220,ORD089S2,2026-09-06 10:00:00,S2,SKU006,6,2026-09-06 18:00:00,2026-09-06 14:00:00
O04221,ORD089S2,2026-09-06 10:00:00,S2,SKU007,4,2026-09-06 18:00:00,2026-09-06 14:00:00
O04222,ORD089S2,2026-09-06 10:00:00,S2,SKU009,1,2026-09-06 18:00:00,2026-09-06 14:00:00
O04223,ORD089S2,2026-09-06 10:00:00,S2,SKU015,5,2026-09-06 18:00:00,2026-09-06 14:00:00
O04224,ORD089S2,2026-09-06 10:00:00,S2,SKU017,6,2026-09-06 18:00:00,2026-09-06 14:00:00
O04225,ORD089S2,2026-09-06 10:00:00,S2,SKU023,4,2026-09-06 18:00:00,2026-09-06 14:00:00
O04226,ORD089S2,2026-09-06 10:00:00,S2,SKU024,5,2026-09-06 18:00:00,2026-09-06 14:00:00
O04227,ORD089S2,2026-09-06 10:00:00,S2,SKU028,4,2026-09-06 18:00:00,2026-09-06 14:00:00
O04228,ORD089S2,2026-09-06 10:00:00,S2,SKU029,5,2026-09-06 18:00:00,2026-09-06 14:00:00
O04229,ORD089S3,2026-09-06 10:00:00,S3,SKU002,5,2026-09-06 18:00:00,2026-09-06 14:00:00
O04230,ORD089S3,2026-09-06 10:00:00,S3,SKU003,3,2026-09-06 18:00:00,2026-09-06 14:00:00
O04231,ORD089S3,2026-09-06 10:00:00,S3,SKU004,2,2026-09-06 18:00:00,2026-09-06 14:00:00
O04232,ORD089S3,2026-09-06 10:00:00,S3,SKU006,2,2026-09-06 18:00:00,2026-09-06 14:00:00
O04233,ORD089S3,2026-09-06 10:00:00,S3,SKU008,8,2026-09-06 18:00:00,2026-09-06 14:00:00
O04234,ORD089S3,2026-09-06 10:00:00,S3,SKU009,3,2026-09-06 18:00:00,2026-09-06 14:00:00
O04235,ORD089S3,2026-09-06 10:00:00,S3,SKU011,2,2026-09-06 18:00:00,2026-09-06 14:00:00
O04236,ORD089S3,2026-09-06 10:00:00,S3,SKU014,2,2026-09-06 18:00:00,2026-09-06 14:00:00
O04237,ORD089S3,2026-09-06 10:00:00,S3,SKU015,8,2026-09-06 18:00:00,2026-09-06 14:00:00
O04238,ORD089S3,2026-09-06 10:00:00,S3,SKU017,2,2026-09-06 18:00:00,2026-09-06 14:00:00
O04239,ORD089S3,2026-09-06 10:00:00,S3,SKU021,3,2026-09-06 18:00:00,2026-09-06 14:00:00
O04240,ORD089S3,2026-09-06 10:00:00,S3,SKU024,8,2026-09-06 18:00:00,2026-09-06 14:00:00
O04241,ORD089S3,2026-09-06 10:00:00,S3,SKU026,8,2026-09-06 18:00:00,2026-09-06 14:00:00
O04242,ORD089S4,2026-09-06 10:00:00,S4,SKU001,9,2026-09-06 18:00:00,2026-09-06 14:00:00
O04243,ORD089S4,2026-09-06 10:00:00,S4,SKU002,4,2026-09-06 18:00:00,2026-09-06 14:00:00
O04244,ORD089S4,2026-09-06 10:00:00,S4,SKU003,2,2026-09-06 18:00:00,2026-09-06 14:00:00
O04245,ORD089S4,2026-09-06 10:00:00,S4,SKU013,2,2026-09-06 18:00:00,2026-09-06 14:00:00
O04246,ORD089S4,2026-09-06 10:00:00,S4,SKU014,2,2026-09-06 18:00:00,2026-09-06 14:00:00
O04247,ORD089S4,2026-09-06 10:00:00,S4,SKU015,7,2026-09-06 18:00:00,2026-09-06 14:00:00
O04248,ORD089S4,2026-09-06 10:00:00,S4,SKU017,4,2026-09-06 18:00:00,2026-09-06 14:00:00
O04249,ORD089S4,2026-09-06 10:00:00,S4,SKU021,2,2026-09-06 18:00:00,2026-09-06 14:00:00
O04250,ORD089S4,2026-09-06 10:00:00,S4,SKU024,5,2026-09-06 18:00:00,2026-09-06 14:00:00
O04251,ORD089S4,2026-09-06 10:00:00,S4,SKU026,4,2026-09-06 18:00:00,2026-09-06 14:00:00
O04252,ORD089S4,2026-09-06 10:00:00,S4,SKU028,7,2026-09-06 18:00:00,2026-09-06 14:00:00
O04253,ORD089S5,2026-09-06 10:00:00,S5,SKU001,5,2026-09-06 18:00:00,2026-09-06 14:00:00
O04254,ORD089S5,2026-09-06 10:00:00,S5,SKU002,4,2026-09-06 18:00:00,2026-09-06 14:00:00
O04255,ORD089S5,2026-09-06 10:00:00,S5,SKU003,2,2026-09-06 18:00:00,2026-09-06 14:00:00
O04256,ORD089S5,2026-09-06 10:00:00,S5,SKU007,5,2026-09-06 18:00:00,2026-09-06 14:00:00
O04257,ORD089S5,2026-09-06 10:00:00,S5,SKU008,4,2026-09-06 18:00:00,2026-09-06 14:00:00
O04258,ORD089S5,2026-09-06 10:00:00,S5,SKU013,1,2026-09-06 18:00:00,2026-09-06 14:00:00
O04259,ORD089S5,2026-09-06 10:00:00,S5,SKU014,5,2026-09-06 18:00:00,2026-09-06 14:00:00
O04260,ORD089S5,2026-09-06 10:00:00,S5,SKU015,1,2026-09-06 18:00:00,2026-09-06 14:00:00
O04261,ORD089S5,2026-09-06 10:00:00,S5,SKU017,1,2026-09-06 18:00:00,2026-09-06 14:00:00
O04262,ORD089S5,2026-09-06 10:00:00,S5,SKU022,1,2026-09-06 18:00:00,2026-09-06 14:00:00
O04263,ORD089S5,2026-09-06 10:00:00,S5,SKU025,4,2026-09-06 18:00:00,2026-09-06 14:00:00
O04264,ORD089S5,2026-09-06 10:00:00,S5,SKU026,1,2026-09-06 18:00:00,2026-09-06 14:00:00
